sample,MCP_CD8,QTS_CD8,EPIC_CD8,Cytolytic_ssGSEA
BS_00FD2KMP,0.0426443374084937,0,0.0129955316223916,0.254747622068245
BS_014EVM2D,0.545968369105292,0,0.0261311944625128,0.408135440284733
BS_028YFYJ6,0.310340120612151,0,0.00933523173786308,0.207335589662078
BS_044XZ8ST,0.286881147788162,0,0.0205712557810509,0.246140471703989
BS_052PZFMK,0.0143552929770701,0,0.0234109657475779,0.150890436781473
BS_056Q8577,0,0,0.0145424466705618,0.330993006819432
BS_063ERW0R,0.176322772640463,0,0.024140216211685,0.139211073079833
BS_06AMMCXR,0.124328135002202,0,0.0149007517252906,0.315820219082867
BS_08ST21QE,0.070389327891398,0,0.0335823553690788,0.292244968442212
BS_08TWG4K0,3.51222688651396,0.0523651366673086,0.0463203824725194,0.684901955273157
BS_0C7VZC0A,0.070389327891398,0,0.00838568261587335,0.185446414361632
BS_0D5VRAKC,1.58496250072116,0,0.0453236681916966,0.463873689747881
BS_0J9SHHSC,0.176322772640463,0,0.0134847673663484,0.314268889547653
BS_0S8E7590,0.0976107966264223,0,0.0143693380885843,0.440309402276445
BS_0SCXXM6N,0.839959587489532,0,0.0264488625828048,0.416419511479141
BS_0TDWG2CV,0.238786859587117,0,0.034969355145737,0.493672491828471
BS_0VXZCRJS,0.22650852980868,0,0.0187401149507398,0.237016692559343
BS_0WVJYM9R,0.0565835283663675,0,0.0161302682148044,0.233814895626397
BS_0X9EGHY2,0.321928094887362,0,0.0337378457836465,0.297572551590552
BS_0XEBS3PG,0.16349873228288,0,0.0338747453269805,0.181832347431846
BS_0Y5J2AQ4,0.0565835283663675,0,0.0134724022388642,0.356442359043106
BS_0ZA67BBC,0.604071323668861,0,0.0096825957484526,0.161757779979534
BS_12G04QJM,0.0565835283663675,0,0.00435459186690983,0.226961392777589
BS_13CGKADW,0.263034405833794,0,0.0232822875725974,0.260843054850344
BS_166N7SZQ,0,0,0.00915706582447467,0.296807393222297
BS_17WYVEEC,0.0565835283663675,0,0.0156759602019011,0.154010187714828
BS_17ZSMXFH,0.0143552929770701,0,0.0159448310637565,0.334683253919263
BS_1A6MQ9ZA,0,0,0.0161496820072419,0.215855545171562
BS_1D93Z575,0.526068811667588,0,0.0159362510829118,0.322320393607013
BS_1DECYC4K,0.0285691521967709,0,0.0233006331877739,0.286246429000259
BS_1EN5V3XW,0.0143552929770701,0,0.0135616484105978,0.0749699004861192
BS_1G3WYEN3,0.411426245726465,0,0.0301338162203298,0.271241705793806
BS_1HYS8CSC,1.09085343045111,0,0.0295618239280719,0.437263303602492
BS_1JDG6JV5,0.0565835283663675,0,0.00451928762128103,0.314906298711838
BS_1KYGSMA7,0.765534746362977,0.0018545743543079,0.0262219689154939,0.435628400309227
BS_1N76FQZY,0.765534746362977,0,0.0175603194713409,0.348352515983256
BS_1NPD7PVG,0.250961573533219,0,0.00979634323794905,0.323402104076786
BS_1Z9AX9JS,1.08406426478847,0,0.014652750287435,0.421992352143078
BS_1ZVXF5FE,0.443606651475615,0,0.0206348434151286,0.268049289019669
BS_21RE8W46,0.250961573533219,0,0.0173719913193872,0.2649695883495
BS_223BM91B,2.26603689399532,0.00526016936090093,0.0542079521695354,0.376414908494662
BS_24AHZ9ZW,0.659924558402378,0,0.0122211157930454,0.417445834570707
BS_25HNKZ79,0.344828496997441,0,0.00709510160122367,0.397847822843399
BS_2720P44V,0.344828496997441,0,0.0311083832539693,0.502512759614783
BS_27FYYPJG,0.432959407276106,0,0.0174005424514193,0.375864191482041
BS_2853394H,0.16349873228288,0,0.00532145204199234,0.180279333057505
BS_297H8BT4,0.0143552929770701,0,0.0176052707329489,0.335315127879111
BS_29TRQXWM,0.565597175854225,0,0.0125895689656639,0.394725743910076
BS_29X4ZX6Q,0.176322772640463,0,0.00768103490721328,0.210153870932928
BS_2A5R9D97,0.344828496997441,0,0.019303394342222,0.370283521837818
BS_2A5R9MEJ,0.0285691521967709,0,0.00904357076730358,0.17230094260464
BS_2ADZNNV4,0.238786859587117,0,0.012940582467636,0.323777549728809
BS_2ARXK0TD,0.545968369105292,0,0.0257453129474379,0.386178730782439
BS_2AV1H5TV,0,0,0.0141186484412808,0.310845157591869
BS_2DMBCHNF,0.344828496997441,0,0.0172124350183979,0.540096310586315
BS_2EMW8ZG3,0.594548549550354,0,0.0126017231954314,0.282417960653433
BS_2EN3X6HB,0.298658315564515,0,0.0293518708871387,0.302489229173072
BS_2FEZWH1F,1.07724299893246,0,0.0174750117825119,0.445542778328995
BS_2HNXVFAS,0.565597175854225,0,0.0132512519720834,0.222687795417016
BS_2JH1QMT1,0.0285691521967709,0,0.0100804331745134,0.210124559149951
BS_2JP7RBMB,0.422233000683048,0,0.0151547127396841,0.332938738536848
BS_2K01T8K6,0.27500704749987,0,0.0174237963941819,0.426918678525905
BS_2K3FVT86,0.150559676575381,0,0.0153970003180216,0.403679988418478
BS_2KJ2YAZR,0.189033824390017,0,0.0176179162145552,0.343594942446988
BS_2PDS3MSS,3.48928602262588,0.0145407549173432,0.0386446364086543,0.457089136520045
BS_2QCQYY6M,0.250961573533219,0,0.0350888392736889,0.368973761152569
BS_2T5PJAW8,0.584962500721156,0,0.021705061237097,0.343488729901219
BS_2WANPFBJ,0.0565835283663675,0,0.0198034371395111,0.382710147458126
BS_2WPQ8YCW,0.150559676575381,0,0.0172113970709853,0.345875646376978
BS_2XM08BFY,0.454175893185802,0,0.0257757615622623,0.38658406009522
BS_2YCJV2VV,0.0840642647884746,0,0.0173498231981991,0.197344673136982
BS_304SPN6B,0.941106310946431,0,0.0223980692696879,0.402977018304851
BS_30F3Z9FS,0.124328135002202,0,0.014833685422176,0.362551560426757
BS_30VC3R2Q,0.111031312388744,0,0.0116881587569261,0.255390129487853
BS_30YWQ3FY,0.0143552929770701,0,0.0283741002123403,0.389116120870687
BS_31MBRWC4,0.454175893185802,0,0.0222099672469599,0.438410516365178
BS_333KCNDP,0.495695162624069,0,0.00835909044206766,0.462487332393754
BS_33AQSPRP,1.57531233068744,0,0.0272909840721723,0.42130597711423
BS_399RPKC9,0.150559676575381,0,0.00530784295164587,0.191098811645991
BS_3AC3SRWH,0,0,0.00599614467560345,0.139174210358696
BS_3G3KWY18,0.16349873228288,0,0.00719861718625438,0.290720266858912
BS_3GAN6Q43,0.831877241191673,0,0.0405144491884998,0.325176583676576
BS_3MS8WVNR,0,0,0.00920447519928696,0.0676286114269356
BS_3P20Q2C3,0,0,0.0246428667519934,0.0455236938571962
BS_3PYESPHA,0.0976107966264223,0,0.0260068064048527,0.0932583071081601
BS_3Q0GTSYH,0.070389327891398,0,0.019605229047557,0.240627762460958
BS_3TJHY996,1.99638874644762,0.00910608812348639,0.0392868599857388,0.53358979044236
BS_3VJ0CA6A,0.0426443374084937,0,0.0352337983225891,0.300757051845816
BS_3XY76V8T,0.641546029087524,0,0.0302646780753779,0.350998154120866
BS_3XYJBBHQ,0.584962500721156,0,0.00564363190534453,0.447178140485763
BS_3Y2X2RBJ,1.4594316186373,0.000454606094822757,0.037182470033588,0.436827475031407
BS_3ZPJAK9A,0,0,0.00619907652457024,0.235343185162002
BS_401R3KV0,0.16349873228288,0,0.0152160884314667,0.279334413676719
BS_42DY6WS7,0.0976107966264223,0,0.0177110643584669,0.252412566393449
BS_42Y3YANN,0.189033824390017,0,0.0114348884063192,0.304727883766605
BS_45J79YTF,0.238786859587117,0,0.0116351718455804,0.1164371878575
BS_470DYRJQ,0.16349873228288,0,0.0154525284765009,0.320980100973763
BS_47SJZ3PH,0.367371065648529,0,0.0402225331242114,0.336229831914842
BS_49852ZBH,0.070389327891398,0,0.00950370038717345,0.301898105717892
BS_49BQS7Z6,0.0143552929770701,0,0.0142462269284835,0.162214306583589
BS_49CJNZ06,0.22650852980868,0,0.0114638918291885,0.153630338485522
BS_4A45GGSW,0.0840642647884746,0,0.0157204316774582,0.162059729193416
BS_4B0BAVTX,0.176322772640463,0,0.0062012547849312,0.255461147128473
BS_4BM3F6XJ,0.16349873228288,0,0.0117043449693425,0.354209175029524
BS_4BWB0FA0,0.565597175854225,0,0.00705790839744558,0.371868120226218
BS_4C4MZ4NT,0.124328135002202,0,0.00532018704480372,0.299895310900309
BS_4C6B11E4,0.443606651475615,0,0.00739732345281402,0.263214078031254
BS_4CXE5XEP,0.333423733725192,0,0.0225516913846418,0.408361640822713
BS_4GNN7J8E,0.0143552929770701,0,0.0288954532343378,0.482058826660751
BS_4HQ3T2NC,0.333423733725192,0,0.0150905642065918,0.353198355689291
BS_4KNBXM3C,0.150559676575381,0,0.018522231519,0.370239546234105
BS_4N1GNHX4,0.422233000683048,0,0.0317571542874826,0.401223445113588
BS_4NF35AF6,0.0426443374084937,0,0.0128902337011318,0.200947242373113
BS_4PPHAQXF,0.632268215499513,0,0.0174339056625197,0.306650074410904
BS_4Q3KRCZT,0,0,0.00993625610266765,0.401774476516959
BS_4QW2S1Q8,0.27500704749987,0,0.00728168812460254,0.324671846859758
BS_4SMPV083,0.422233000683048,0.000138996288346946,0.00144027461295928,0.490962435711522
BS_4T0HQ9QF,0.310340120612151,0,0.00633291221297228,0.262499074874917
BS_4TZQY7TT,2.80529245560071,0,0.0700550292345056,0.636041056981029
BS_4V42BXBT,0.22650852980868,0,0.0377732140572135,0.223772040544426
BS_4Y6BCYK5,0.189033824390017,0,0.00738220087436304,0.249392199343711
BS_4Z2F4P9N,0.0840642647884746,0,0.0077268041905437,0.297424268855479
BS_503DZ8BN,1.74846123300404,0.00840311286703441,0.0203318991960073,0.508026823983885
BS_51RA1PGE,0.0426443374084937,0,0.00853816959729322,0.339733155005359
BS_52426AMF,0.799087306074004,0,0.0238197867476388,0.340162016834036
BS_52C576HH,0.0565835283663675,0,0.013087499096463,0.175438934853664
BS_52DAPP1Y,0.150559676575381,0,0.0183995960724296,0.174046580729152
BS_534XRSNB,0.356143810225275,0,0.0169972664702299,0.330748030931432
BS_53GQKVEX,0.0840642647884746,0,0.0113800235101517,0.227976753409013
BS_54H90JW2,0.263034405833794,0,0.028693526173785,0.451684799354302
BS_55P8HPYD,0.20163386116965,0,0.0128668301447729,0.229067022674035
BS_55X1W2MR,0.739848102699328,0,0.0235687403295646,0.478525367933377
BS_57NMZPS0,0.176322772640463,0,0.0112481497253314,0.339663402556395
BS_593HEWBF,0.124328135002202,0,0.00789961901758028,0.261952265010777
BS_5965SFPZ,0.0565835283663675,0,0.014031638139385,0.0958506642146429
BS_5EFYPZT0,0.286881147788162,0,0.0135943245549994,0.30084063810565
BS_5G5BD2MD,0.678071905112638,0,0.0569018698876085,0.454088658501865
BS_5J5D3QTD,0.111031312388744,0,0.023588852039324,0.397174850791028
BS_5K3R0F5D,0.310340120612151,0,0.0234538363310235,0.245771089449497
BS_5K95FX4C,0.432959407276106,0,0.0190162516120934,0.501106619622038
BS_5KBXD2GQ,0.321928094887362,0,0.0116045004276619,0.251154224342066
BS_5NWDARXG,0.505890929729957,0,0.0179345251504028,0.404752494332564
BS_5PEFNDCY,0.189033824390017,0,0.017193945320422,0.176930929721428
BS_5PV5N4HQ,0.250961573533219,0,0.0211279728020394,0.298815253990919
BS_5PXZ8F7W,1.72683121703249,0.0024064338953664,0.00764276478613682,0.433579933584702
BS_5VPM0F36,0.925999418556223,0,0.023707408136195,0.473085083510023
BS_5YJEPPTP,0.263034405833794,0,0.0119913634766795,0.317959082270132
BS_5YYCP891,1.89141918684608,0,0.0399744813675023,0.461739829667941
BS_62SW4CC5,0.790772037862,0.00530077043660637,0.0138335846978285,0.5351250314275
BS_65WPD3DA,0,0,0.0172817464816964,0.309263174290313
BS_66ABA973,0.0565835283663675,0,0.01537522890692,0.176480760194454
BS_66HQ3E4Z,0.20163386116965,0,0.0155507608125451,0.299914753392744
BS_680K119G,0.0565835283663675,0,0.0171841797290403,0.202936909325645
BS_68BW2163,0.0426443374084937,0,0.0149288393649849,0.167799407548971
BS_68KX6A42,1.23878685958712,0,0.0254013009496627,0.395119258744613
BS_699TN5RN,0.613531652917927,0.000121540696325393,0.0516328218718697,0.409554247138681
BS_6DCSD5Y6,0,0,0.0289786037650045,0.0723981632777789
BS_6H4Q24WA,0.310340120612151,0,0.0207430156054442,0.42955743309529
BS_6HXD39AM,1.4594316186373,0.0102034750790472,0.0412681338840004,0.575235636801093
BS_6M2053M0,0.443606651475615,0,0.00730957813291702,0.307214820710784
BS_6N3AFF66,0.137503523749935,0,0.0181399282332017,0.23403036207776
BS_6SY64H5J,0.0976107966264223,0,0.013118652020316,0.493748259755133
BS_6TSAVMT9,0.150559676575381,0,0.0250472715714845,0.403933168270705
BS_6VF6VPCG,0.389566811762726,0,0.0225384835997355,0.324701914677297
BS_6VRG1XFB,0.650764559116902,0,0.0110406999185526,0.295343848906693
BS_6WP1FHTE,0.263034405833794,0,0.0091278923377494,0.327689995880081
BS_7327SDAQ,0.0426443374084937,0,0.00791718590440232,0.200097102120784
BS_75YRDXET,0.422233000683048,0,0.0140596060950383,0.681092833932221
BS_769BDPDB,0.6959938131099,0,0.0238152744057514,0.495890130767122
BS_76DRXZRJ,0.887525270741588,0,0.0295405166466474,0.439505622929613
BS_775HDFNY,0.250961573533219,0,0.0163245012337127,0.32631642181942
BS_77SBTNPN,0.0285691521967709,0,0.00597312042653116,0.271027662294939
BS_7AEF4D4G,2.44625622988956,0.00839253794550069,0.0178914038652693,0.444728292661764
BS_7APCGCVF,0.070389327891398,0,0.0229798589680737,0.357993099268056
BS_7GJT4A6A,0.0840642647884746,0,0.0228245415603443,0.138019386932077
BS_7GKWKGPH,0.790772037862,0,0.026544735777759,0.296674915848429
BS_7H4RFCW9,0.918386234446348,0.00121568462412693,0.0407989219620364,0.480182986732005
BS_7M3FNSYK,0.150559676575381,0,0.0321145297236001,0.35009494033232
BS_7MGXMG6S,0.516015147003665,0,0.0257466575011125,0.5110425500992
BS_7N0B2CY1,0.0143552929770701,0,0.0358985902545294,0.129587720632476
BS_7P83Z28P,0.0976107966264223,0,0.0194761928356688,0.285400401601283
BS_7PVJ6Q3D,0.333423733725192,0,0.0214095324545919,0.205258236300812
BS_7WKNNRHK,0.0143552929770701,0,0.00416271201579624,0.213532931996521
BS_7Z93ZYMS,0.27500704749987,0,0.0229462972613042,0.284631011218278
BS_84VZX732,0.903038270112912,0,0.0309220249061853,0.458636388203177
BS_84XCR9GG,0.0143552929770701,0,0.00538637159559973,0.122956045763389
BS_880ESDFZ,0.176322772640463,0,0.0213969379224913,0.287317999742497
BS_8BF616QR,0.37851162325373,0,0.0170648848573807,0.424844756515134
BS_8E8JKP01,0,0,0.0125841846554443,0.0256876242948421
BS_8ERBDF7D,0.16349873228288,0,0.0315067691768796,0.211426223605091
BS_8J3B6ZB6,0.333423733725192,0,0.0135391698529424,0.35549346430284
BS_8JK9TXH2,1.93357263826102,0,0.0185827274659019,0.427277114459751
BS_8QJ43WKW,0.389566811762726,0,0.0191562828013131,0.436788497594541
BS_8RCR7Y4B,0.137503523749935,0,0.0209677210140676,0.2482216639477
BS_8VAZSJEN,0.422233000683048,0,0.0130941572370329,0.365119123546993
BS_8VD670NP,0.0840642647884746,0,0.00571776064964391,0.318575645838035
BS_8YWYN7VH,0.0143552929770701,0,0.0314869136392678,0.400888574268032
BS_8ZE4Z9G5,0,0,0.0023670787885092,0.309209711497871
BS_8ZY4GST0,0.895302621333307,0,0.015930928403812,0.118420110144433
BS_91VYM11A,3,0.00815952389981132,0.0310831502192514,0.277661549183572
BS_92HCM7BN,0.526068811667588,0,0.0480009741596933,0.379540135445834
BS_94MT16N2,0.344828496997441,0,0.0203375701308264,0.25669294513558
BS_956G6QPJ,0.0565835283663675,0,0.0204062531815377,0.355647257785017
BS_97M1E2DW,0.0840642647884746,0,0.0163391530039352,0.130114698910793
BS_9A1YTHFF,0.150559676575381,0,0.0208947342120364,0.431647006358957
BS_9B0A62MT,0,0,0.0111200505150247,0.346253691333604
BS_9BJARSX3,0.176322772640463,0,0.0105639004539105,0.338226185129729
BS_9CA93S6D,0.333423733725192,0,0.0179481156874057,0.0170658241350278
BS_9F09XV62,0.214124805352847,0,0.0163939509748454,0.164369437223751
BS_9FHEFJNP,0,0,0.0175161179748006,0.261191854983486
BS_9FX3YREK,0.0565835283663675,0,0.0102069343652269,0.0492351396583369
BS_9GJ3DB1H,0.37851162325373,0,0.0222142943015269,0.421391230544611
BS_9HSGV9TJ,0.0840642647884746,0,0.0203084853651109,0.434362721031322
BS_9JBX2E8G,0.0426443374084937,0,0.0167206872050541,0.275694187431324
BS_9JPQZQNG,0.124328135002202,0,0.00149261255855511,0.290893197673807
BS_9P9MB8X8,0.310340120612151,0,0.0237335163762462,0.334030002779605
BS_9Q6Z6VJC,0.238786859587117,0,0.0141985258602369,0.320694840183617
BS_9S7AG4EN,0.310340120612151,0,0.0193458947294961,0.320950437911023
BS_9SJWWYQ4,0.176322772640463,0,0.0139815749380235,0.188550586694899
BS_9TXEDSWB,0.0565835283663675,0,8.19940084867249e-07,0.262033571126196
BS_9XVACXP0,0,0,0.0104586805489654,0.141418923947969
BS_9Y1K14Q5,0,0,0.0076539055789003,0.298520414160995
BS_9YXH2CZ0,0.124328135002202,0,0.0255061790677016,0.377148702789916
BS_9ZJT0CP0,0.214124805352847,0,0.0192874902701536,0.245632753700755
BS_A13BMEF5,0.0426443374084937,0,0.019203133154411,0.190717566346659
BS_A1VEGWTR,0.0426443374084937,0,0.0139411485368698,0.206244811998848
BS_A46RDWGM,0.0565835283663675,0,0.0196423234256525,0.108259835692509
BS_A4PF49V0,2.72246602447109,0.0120238294037342,0.018889824551588,0.238787377142933
BS_A6NXR7RC,0.189033824390017,0,0.0250838587765298,0.174930574520557
BS_A76PNWQS,0,0,0.000178416306262639,0.278781564104117
BS_A7Q8G0Y1,0.0285691521967709,0,0.0168425116379584,0.21647426049162
BS_A8XW5S0W,0.238786859587117,0,0.0224759932054456,0.404961054355297
BS_A96FKXN5,0,0,0.0279457088932678,0.327955500490564
BS_AGVWD5K8,0.575312330687437,0,0.0162675279796353,0.356840772015647
BS_AM0BZ61K,0.070389327891398,0,0.0237409183964133,0.32616129670669
BS_AP0SZ364,0.286881147788162,0,0.0169077685115068,0.413414160975756
BS_ATHSTZ5R,0.150559676575381,0,0.0211728371014608,0.405846409186162
BS_AW7J9F9R,0.0426443374084937,0,0.0276036832834776,0.367899790813988
BS_AWH9757B,0.0143552929770701,0,0.014348786240681,0.196637536628884
BS_AYSXRQWY,0.641546029087524,0,0.00917054383417041,0.418617591994719
BS_AZQM1JJH,0.344828496997441,0,0.0325256200439047,0.410968060402387
BS_B0SVFK4P,0.918386234446348,0.000498363906471395,0.0257827603647352,0.402233620477848
BS_B1C6GZ84,0.150559676575381,0,0.00957001208737861,0.11813997031896
BS_B3M5SGPA,0.214124805352847,0,0.0080722428807504,0.281557006148577
BS_B3MQFFYP,1.53106949272595,0,0.0261917949667364,0.492751748662665
BS_B4R7X1KE,0.0285691521967709,0,0.0143340785111405,0.0743052508018834
BS_B57327NA,0.310340120612151,0,0.0205443643352802,0.175868967396622
BS_B5JM6T8K,0.526068811667588,0,0.0219118756114585,0.363977568534379
BS_B6JKQFKA,0.584962500721156,0,0.0227723067179378,0.39051202756791
BS_B7GEH89C,0.286881147788162,0,0.0197588551730363,0.223109973635958
BS_B7X8VXQ3,0.176322772640463,0,0.0217846937615899,0.244645692911129
BS_BANCTAV6,0.070389327891398,0,0.0127265707273759,0.196335161570165
BS_BBAEMXRD,0.070389327891398,0,0.0163530606910449,0.142155741623765
BS_BBQ6BHGN,1.60880924267552,0,0.0140314097515847,0.28439679323017
BS_BC936YNZ,0.321928094887362,0,0.0178030907694703,0.376012502114201
BS_BGRPWBNG,0.887525270741588,0,0.0242853589583575,0.430814439658937
BS_BJBM0BN7,1.04264433740849,0,0.0417142883836543,0.36443790767867
BS_BK0HGRXM,0.286881147788162,0,0.0214876514758405,0.45312676339159
BS_BKQZ550R,0.176322772640463,0,0.0212664226149411,0.301806857463757
BS_BMMY0H73,0.176322772640463,0,0.0143442837178268,0.269346650775297
BS_BN986DF6,0.150559676575381,0,0.0135397465958475,0.199578215229849
BS_BNECCX4D,0.604071323668861,0,0.0386718702093503,0.462400808879746
BS_BPSTSCBJ,1.09761079662642,0.00333452171401112,0.0262912239114228,0.452485931289047
BS_BW79W2PD,0,0,0.015102220075878,0.361341670455661
BS_BZCTXEPJ,1.10433665981474,0,0.0299984493679982,0.488756909492806
BS_C0NEVC2B,1.43829285157915,0,0.0275256253943174,0.465757799454024
BS_C51RB0YR,0.22650852980868,0,0.0112477576788021,0.35065208472306
BS_C6SKJG3N,0.356143810225275,0,0.0168027697312157,0.383574424392354
BS_C6ZZ3FY5,0,0,0.0240748956947761,0.280952009142845
BS_C83TK159,1.73984810269933,0,0.0271341793966242,0.277879031364567
BS_CB6VK7PB,0.176322772640463,0,0.0212013774590601,0.306761847415585
BS_CBDQZ8PP,0.0565835283663675,0,0.0116207660571701,0.0901506696399756
BS_CC6RREE4,0.137503523749935,0,0.0302482536815565,0.37460908433033
BS_CF63VG3S,0.176322772640463,0,0.0329916910792454,0.380559498888102
BS_CFD3WHAY,0.0143552929770701,0,0.016315547095918,0.232395804959258
BS_CG1RG607,0.0143552929770701,0,0.0136811824392705,0.44736423695535
BS_CGB2WS2A,0.0840642647884746,0,0.0201506860118362,0.179863746818235
BS_CKX8RW1J,0.286881147788162,0,0.0393724923777648,0.358367593578112
BS_CMDJJQ7K,1.25096157353322,0,0.0313949452607667,0.429300380898177
BS_CTR5X93B,0.411426245726465,0,0.0182412294632037,0.327692000862825
BS_CVEDJGHZ,1.07724299893246,0,0.0430708451831289,0.484230194342763
BS_CVGFNCBJ,0.0565835283663675,0,0.0230666954342068,0.149238932537809
BS_CXAQDK7S,1.58496250072116,0,0.00574974456511741,0.510738872840143
BS_CZPQ493E,0.400537929583729,0,0.00727524445181416,0.406404515575494
BS_D29RPBSZ,0.124328135002202,0,0.00989686835910641,0.255044131783029
BS_D3YBV7KB,0.298658315564515,0,2.05501268420569e-06,0.404421577057702
BS_D4VNDNQA,0.16349873228288,0,0.0459286046193745,0.342999730396733
BS_D6J2BGDJ,0.321928094887362,0,0.0293911489425641,0.107846514574534
BS_DEHJF4C7,0.807354922057604,0,0.0156643987514013,0.347796551553569
BS_DFGS950G,0,0,0.0132079701596467,-0.00279027861659849
BS_DMJHAG9X,0.6959938131099,0,0.023713122199413,0.466043484381927
BS_DMZP9G1H,0.0840642647884746,0,0.031546640229698,0.0574431572412528
BS_DNZVP92S,0,0,0.0078064729527238,0.240768395451133
BS_DPF1CX0G,0.0285691521967709,0,0.0207281735966771,0.163092698508358
BS_DR079H0D,0,0,0.0274128634195238,0.243511839728191
BS_DS438CXE,0,0,0.0086112667191209,0.0430440370469055
BS_DSPVSM7D,0.411426245726465,0,0.0304726469696091,0.220658784933986
BS_DSS3S5XD,0.604071323668861,0,0.0150823775785664,0.362550925937717
BS_DV86M0Y7,0.20163386116965,0,0.0235983660549228,0.253446662589973
BS_DZNXFPH1,0.0976107966264223,0,0.0211667451388756,0.440840748084557
BS_E2DEWCSK,0.37851162325373,0,0.0191219713777386,0.377226724299741
BS_E3EJHXQV,1.29278174922785,0.000477936810870041,0.020798851104387,0.483313954855116
BS_E4GC9EXR,0.594548549550354,0,0.0228808769775632,0.395422422192302
BS_E7NVYA6G,0.16349873228288,0,0.0429979578468149,0.416475972512695
BS_E94QRJDW,0.575312330687437,0,0.0319500135734362,0.333599083549746
BS_E9CYN4NP,0.0143552929770701,0,0.0249502697032265,0.156077273284566
BS_EB0XRBT9,0.150559676575381,0,0.0140126170758388,0.421978672304761
BS_EBMCTR80,0.0285691521967709,0,0.0165390151364793,0.180930645228513
BS_ED8G98XT,0,0,0.00451871566310812,0.195794498520197
BS_EDJ5TV0P,0.855989697308481,0.00330806334806192,0.0235050181337499,0.0994309361948948
BS_EFEZB0ZH,0.6959938131099,0,0.0177432286831952,0.420609224344324
BS_EHVYJAVA,0.0565835283663675,0,0.019551012636507,0.131976327830865
BS_EMAJ7P3P,0.137503523749935,0,0.0149144826604381,0.405035751150833
BS_EMQM7HTA,0.16349873228288,0,0.0143668913630027,0.308447389819574
BS_ENEYB4TG,0.310340120612151,0,0.0219079368364542,0.44391804486013
BS_ET8CJXSF,0.310340120612151,0,0.0197955317257805,0.221841906411135
BS_EXGBH3TD,0.286881147788162,0,0.0205357474582722,0.264497846601757
BS_EXPJQZTH,0.150559676575381,0,0.0392377527665819,0.256617912025984
BS_EYSS0ZDS,0.0565835283663675,0,0.0129457891916618,0.29631445159617
BS_EZ3147MX,0.454175893185802,0,0.020730052905735,0.284854795301045
BS_F0JB4EAK,0.632268215499513,0,0.00752452294273929,0.161873737833202
BS_F1K9QTBS,0.526068811667588,0,0.0237429494053585,0.43049789672115
BS_F21R36MM,0.070389327891398,0,0.00962844276421676,0.273377922804786
BS_F65GWS21,0.214124805352847,0,0.0202038441080174,0.276888083284816
BS_F6V1Y4QS,0,0,0.00542625870912531,0.205261846293305
BS_F77MGAQT,1.30451104180995,0,0.0602997395602132,0.52441720419782
BS_F8N6CFQE,0.310340120612151,0,0.0208422384505222,0.357288691995776
BS_F9Y4Z92G,0.238786859587117,0,0.0252998180847862,0.0742822608581189
BS_FAQQ0GCQ,1.18269229751619,0.00434043646847105,0.0265554231471664,0.492256901326337
BS_FCDAH728,0.650764559116902,0,0.0147829864926981,0.214597446035851
BS_FCX6DZ0J,0.565597175854225,0,0.00474460848320253,0.473454287652669
BS_FEV5A0HN,1.04264433740849,0.0193015364033856,0.0226417592493126,0.0775889672292474
BS_FGJH1X0S,0.111031312388744,0,0.0118182235416327,0.0832506898730393
BS_FJWZ3M7V,0.124328135002202,0,0.0158249089578861,0.23412995470503
BS_FJZPQZ2C,0.422233000683048,0,0.0176171395980252,0.381296154554562
BS_FKASA3MN,0.0426443374084937,0,0.0188232394388175,0.00412466505493122
BS_FN07P04C,0.7311832415722,0,0.0203010547497461,0.125139777550265
BS_FR42HY0Z,0.0840642647884746,0,0.0193300458444044,0.409028737331304
BS_FX2P2WEG,1.60407132366886,0.0099290590553786,0.0160518485761124,0.471841775996093
BS_FX4WKR2R,0.0840642647884746,0,0.0346530637350698,0.228594406182974
BS_FXJY0MNH,1.65992455840238,0,0.0350232877042849,0.412124382183627
BS_FYP2B298,0,0,0.00991696890219056,0.0739871717876169
BS_FYRDYBMZ,0,0,0.0045844161010793,0.224240284322393
BS_FZ62GZGV,0.925999418556223,0,0.0179765594709545,0.49939941534524
BS_G19QZG4S,0.27500704749987,0,0.00898061418117082,0.20267619525737
BS_G1DAGKSY,0,0,0.0180876405762149,0.280823696154801
BS_G1E5DATJ,0,0,0.0154593430104537,0.35058736750804
BS_G257VSS9,0,0,0.0178117615185118,0.200497365659173
BS_G3NN392N,0.214124805352847,0,0.00763833651716688,0.300274887659228
BS_G3RJTBZD,0.298658315564515,0,0.0117394122779212,0.0552317947611043
BS_G5NHSFD4,0.0426443374084937,0,0.00789847624083126,0.0360382900222544
BS_G5QBBHDV,0.678071905112638,0,0.0173428924678269,0.311716911111919
BS_G7AGNB5G,0,0,0.0201679013363736,0.123607850337176
BS_G8TXTX0H,0.0285691521967709,0.0046176994675448,0.0161893054919227,0.316166081482162
BS_G9XE3N9T,0.176322772640463,0,0.0236941193968175,0.181842686255191
BS_GCA4GET3,0.400537929583729,0,0.0241225461364262,0.208970026518217
BS_GG9W3J9Y,0.070389327891398,0,0.00840913524050973,0.0859418416031612
BS_GHNJ4CYC,0.22650852980868,0,0.0228130952333005,0.332140317813993
BS_GPEGRCCT,0.641546029087524,0.00116482474331017,0.0259309430448113,0.444938055236076
BS_GTZCFGRZ,0.584962500721156,0,0.0184780443279036,0.236496889365181
BS_GW0GKWMS,0.0285691521967709,0,0.0225845394324673,0.158744194529381
BS_GWHYM3R4,0,0,0.00248854196274574,0.226875805849407
BS_GWSJ4Z9H,1.51096191927738,0,0.0108242223695582,0.384639626770306
BS_GYA4V1RD,0.137503523749935,0,0.0189202536582206,0.215582123169944
BS_GYXSDZ56,0.53605290024021,0,0.017818280463215,0.355700776427298
BS_H08FEN68,0,0,0.0224932188226185,0.337416871179169
BS_H0WF1WHE,0.367371065648529,0,0.0133018969089606,0.446804029936089
BS_H1XPVS9A,0.189033824390017,0,0.0192937239964768,0.304942982169839
BS_H3FE3TH9,0.111031312388744,0,0.024880280392704,0.239203830425067
BS_H5VQJR7X,1.20789285164133,0,0.0124349691966512,0.429938360928655
BS_H8A9PSYA,0.16349873228288,0,0.0249660301506032,0.184178195226055
BS_H97S5SQN,1.05658352836637,0,0.0141226811037987,0.252848264022517
BS_H9EX5WX3,0.27500704749987,0,0.0335002369866147,0.355101038729066
BS_H9JYKFTV,0.0143552929770701,0,0.0124887234111551,0.159620429914582
BS_HC5M8JTC,0.687060688339892,0,0.0132781612746708,0.464634148392886
BS_HDHXX8Q7,0.6959938131099,0,0.0119449636470602,0.389373141852967
BS_HDPCQETG,0.505890929729957,0,0.0143880760606894,0.484402813050424
BS_HJRTC9JQ,0.333423733725192,0,0.00480959660903307,0.416595921471836
BS_HJV0J603,1.93357263826102,0.00291688257889636,0.0318477515718762,0.636763312175898
BS_HM0R6SXQ,2.62293035092018,0.0078401796605923,0.0405008636113056,0.508377349584475
BS_HNMQ7488,1.06350294230616,0,0.0423214091817698,0.481042484478059
BS_HQ5BJ6MW,0.485426827170242,0,0.0177794579848649,0.353626432801808
BS_HQDXQ5Y4,0.879705766282288,0,0.0263646701560449,0.404700995071228
BS_HRJ9145M,0.189033824390017,0,6.57545217796424e-06,0.44475410603751
BS_HSHN8PBB,0.739848102699328,0,0.0181049055919816,0.389912688901145
BS_HSTNFPKW,0.400537929583729,0,0.0204902040886388,0.480278646684777
BS_HV8PFRBR,0.238786859587117,0,0.0135420718525048,0.233973215656875
BS_HWGWYCY7,1.20163386116965,0.00418416851311469,0.0334245081649512,0.46548537816701
BS_HZ9AYDCQ,0,0,0.0180727212557058,0.361031218459675
BS_J4JY2F3H,1.05658352836637,0.00270190885990397,0.0118936722600374,0.523716410929145
BS_J5H5VXWY,2.66902676550963,0.00897186966996114,0.0431061657642736,0.56399038431259
BS_J6212Y48,0.526068811667588,0,0.00895106056395614,0.34140107668189
BS_J6W1RB7A,0.070389327891398,0,0.00363829251047235,0.336224018027378
BS_J9CBGP57,0.454175893185802,0,0.0124436321659533,0.197562295509737
BS_J9M83K8T,1.4905701304462,0,0.0286557204291496,0.460557325497909
BS_JB43XBCQ,1.92219784839637,0.00216722196378095,0.00966480917788086,0.491257663361128
BS_JDSNFYQ0,1.52606881166759,0.00230114729054442,0.0442536827350245,0.319177216618673
BS_JFVB9KXB,0.0565835283663675,0,0.00709936342346915,0.17653063159298
BS_JGKZ54SA,1.05658352836637,0,0.0167094389613184,0.403550405487701
BS_JH29M4KG,0.526068811667588,0,0.0114413120830503,0.400838992171623
BS_JJVH7WR0,0.0143552929770701,0,0.0171566733918095,0.0902460152926949
BS_JKXA3FQC,0.189033824390017,0,0.0233467137129605,0.242782390587167
BS_JMD386Z2,0.250961573533219,0,0.024294996071853,0.2049762234074
BS_JMHG7GCN,0.22650852980868,0,0.0203493980369667,0.340011359039255
BS_JP95KMRD,0.250961573533219,0,0.0225892950898264,0.418720581485696
BS_JQGJQ2QZ,0,0,0.0240671610470434,0.410764352187454
BS_JQVAWTTM,0.286881147788162,0,0.00862063473377132,0.3275965174686
BS_JQXHHK0K,0.070389327891398,0,0.0201288996421063,0.145033581909615
BS_JRYJGYC4,0.20163386116965,0,0.00627244388389093,0.258933609093481
BS_JS95PE0J,0.389566811762726,0,0.00605929809754579,0.130916738656395
BS_JTWNJ8T7,2.25096157353322,0.0029418636338555,0.0331847026046777,0.0201339603305656
BS_JVA2NQFF,0.150559676575381,0,0.0213076224891507,0.272810553096901
BS_JVW2JJ39,0.176322772640463,0,0.00992985018561393,0.15925502679218
BS_JWSR581E,0.137503523749935,0,0.0256878051156261,0.263566051530263
BS_K0X3PZGN,1.06350294230616,0.00851635415947282,1.80151621374285e-05,0.56689481603691
BS_K17VQECG,0.604071323668861,0,0.00798716396888524,0.35917713896473
BS_K2PCC777,0.739848102699328,0,0.0104631642129237,0.539676262733775
BS_K57A4A9D,0.20163386116965,0,0.0238528194884127,0.313656733703425
BS_K5802F84,0.0143552929770701,0,0.0268458954065257,0.0849205073272381
BS_K74N1BXQ,0,0,0.0149790825697303,0.346084041250778
BS_K7MVS0Z7,0.124328135002202,0,0.016020461559917,0.252708627190824
BS_K81PZXP2,0.0565835283663675,0,0.013218353705011,0.320647699395256
BS_K838XW6V,0.7311832415722,0,0.0292350971113405,0.392384934143986
BS_K88T8SW7,0.669026765509631,0,1.24288534902357e-06,0.69499825546902
BS_KABQQA0T,0.475084882948783,0,0.0190877015544052,0.180337571484896
BS_KBEX4RT2,0.150559676575381,0,0.0115676891784774,0.198270144222366
BS_KFD5128N,0.948600847493356,0,0.0311386328781358,0.2872270909165
BS_KKDTW11T,1.21412480535285,0,0.00625775944968442,0.322842920215956
BS_KP735TJ6,0,0,0.00728970096439329,0.0802365852801551
BS_KQ6ZW085,0.214124805352847,0,0.0235249305896025,0.280018748512309
BS_KRS4EV4X,0.0565835283663675,0,0.00942685045911825,0.320001929746367
BS_KS8HMGA6,0.070389327891398,0,0.0296635364338993,0.39710681573674
BS_KVPWHDR4,0.0285691521967709,0,0.00996978537967786,0.322263522436052
BS_M0FA190Y,0.070389327891398,0,0.0175333364377707,0.379820080036596
BS_M0XGZ53Z,0,0,0.0220444435662387,0.166177333448225
BS_M1PVEHCM,0.111031312388744,0,0.0379076213027643,-0.0121544726015956
BS_M4NVX721,0.20163386116965,0,0.0284645710128345,0.329674241222484
BS_M4TTKPNR,0.321928094887362,0,0.0153472981852026,0.40710439846485
BS_M54TWTH4,0,0,0.0184789614875083,0.325765664281398
BS_M7XB258E,0.53605290024021,0,0.043853731545642,0.528921846614672
BS_M85CXHDV,0.20163386116965,0,0.0183261481479063,0.384806346603908
BS_M8M56Z4Y,0.37851162325373,0,0.015488577940641,0.359613748256252
BS_M8WP5T16,0.0285691521967709,0,6.68409345256124e-08,0.258530769245718
BS_MB7WN0ZB,0.333423733725192,0,0.0218137759740902,0.330147160003847
BS_MBSTWZA6,0.20163386116965,0,0.0130144925019783,0.26478311465148
BS_MD0937XT,0,0,0.0131669827045406,0.0764658699745374
BS_MDBT7S5Z,0.0285691521967709,0,0.0185441422256432,0.115002608650021
BS_ME6VQGG4,0.0143552929770701,0,0.0220057258251039,0.189441077864266
BS_MF9X3PKH,0.263034405833794,0,0.0191253078309049,0.365931629417624
BS_MFGZH8FK,0.863938450423972,0,0.0116517275715464,0.322259102723025
BS_MG78HQDM,0,0,0.0173138153683221,0.100502756027119
BS_MH8RAG4A,0,0,0.0149706517634306,0.523203780796177
BS_MWWZBQ60,0.176322772640463,0,0.0187939928702919,0.207237285647833
BS_MX92FD6D,1.08406426478847,0,0.0269120961530419,0.420845720777514
BS_MY9D8XZ1,0.137503523749935,0,0.0133173103741909,0.297422467200347
BS_N1E0H8YQ,0.176322772640463,0,0.00797740592566978,0.309214096170661
BS_N210XMKR,0.22650852980868,0,0.0273420612061227,0.294145542814057
BS_N6NE6B3W,0.070389327891398,0,0.0320704180996546,0.0559856344428739
BS_N6TQBQ8M,0.0143552929770701,0,0.0108801694376607,0.408499745956426
BS_N7SW36FD,0.389566811762726,0,0.0299561410971135,0.29733685874726
BS_N7VQ1GQB,0.310340120612151,0,0.032887486833631,0.385802919708063
BS_N87X1T8T,1.13093086982645,0,0.0239451498371691,0.44246111857554
BS_NB5XWMJT,0.286881147788162,0,0.0129375439593174,0.423163813182613
BS_NB9XXBW6,0.55581615506164,0,0.011516841593724,0.228512194110942
BS_NBZNAG7Q,0.250961573533219,0,0.0168289254189978,0.440516649985025
BS_NEFAASTR,0.0976107966264223,0,0.0145319899803387,0.434641516192218
BS_NEVYM2FP,1.44360665147561,0,0.0127369785298188,0.243875229303142
BS_NFKKDYSV,0.422233000683048,0.000124567186072637,0.0259743692475855,0.407280113541517
BS_NG9X6SJA,0.432959407276106,0,0.0385684319825718,0.393796066804909
BS_NGSG2KB6,1.21412480535285,0,0.00933709573895685,0.400733940175497
BS_NKEAAFMW,0.0285691521967709,0,0.0123668038623946,-0.0430948627464007
BS_NNYXMSTX,0.344828496997441,0,0.0265495633339805,0.424613216590032
BS_NPA6CZQF,0,0,0.0108235491040203,0.122269370804717
BS_NPQJ20KX,0.20163386116965,0,0.0126388180225482,0.240628338670559
BS_NQ54ST98,2.23572705983806,0.00190391443711936,0.0124705497026697,0.51434805309709
BS_NQB91P48,0.594548549550354,0,0.0178089963102749,0.34949089916155
BS_NR3P3GN2,0.263034405833794,0,0.000636456610999335,0.265715418759326
BS_NRFQEQKP,0.0285691521967709,0,0.0152590030823528,0.214094319178295
BS_NRPG5K4K,0.250961573533219,0,0.0177865012186659,0.354583328808974
BS_NS7GSHB9,0.16349873228288,0,0.0178499787147483,0.260917051779082
BS_NT9NZYFD,0.0285691521967709,0,0.0150685908599443,0.137840904977334
BS_NX1R0BC3,0,0,0.0101682246945052,0.410567832830601
BS_NY5T05AK,0.748461233004036,0,0.0253122594073383,0.427777971449377
BS_P0QF87WC,0.650764559116902,0,0.00787338571612253,0.281422687880437
BS_P2Y2NANM,1.24488705912353,0,0.0222632988596821,0.466104034271897
BS_P4PMWFMV,0.137503523749935,0,0.00509670545017403,0.308868637014168
BS_P7W3AYKV,0.863938450423972,0.00041197646148217,0.0204977478441409,0.458594886877591
BS_PDVD0GCM,0.0285691521967709,0,0.0163499373629874,0.322833259960826
BS_PENM28KT,0.124328135002202,0,0.0294204295132484,0.157016503498253
BS_PEP9NZXN,0.0143552929770701,0,0.0174047504863587,0.211886735844127
BS_PJC6FH4Y,0.443606651475615,0,0.00945663064347869,0.393264342079111
BS_PQ7CQFYR,0.0976107966264223,0,0.0214821662563989,0.277841271541215
BS_PRCG6W20,1.37851162325373,0.00315038176119354,0.028653474595327,0.610559494370791
BS_PS0P3QJ3,0,0,0.00959464488426,0.171875038130887
BS_PXCPK5XS,0.632268215499513,0,0.0128643094842741,0.328555673524726
BS_PZVHMSYN,0.310340120612151,0,0.0132082469645637,0.259229600322582
BS_Q06J3RYW,0.0976107966264223,0,0.00636377971769256,0.439854573761221
BS_Q2PBFNDF,1.15055967657538,0,0.0267332444731603,0.442983350390957
BS_Q35GFYDR,0.454175893185802,0,0.00732900489243594,0.334957571942134
BS_Q3TBCK4V,0.0840642647884746,0,0.0179248898278863,0.216252392511346
BS_Q6VH5GJ8,0.992768430768924,0,0.0207049887212343,0.335481729653277
BS_Q79NP5YY,0.298658315564515,0,0.0213219576622039,0.388946897280741
BS_Q9N5PRD5,0.6959938131099,0.000137591110208205,0.0174386859001497,0.308087920517552
BS_QB84TBA3,0.214124805352847,0,0.0195378080303037,0.110522658855171
BS_QBMW69AM,0.137503523749935,0,0.017546747829555,0.35225715846767
BS_QGKEP3KB,0.823749360308273,0,0.0360148345092147,0.475913723077477
BS_QH0VYVJK,0.0565835283663675,0,0.0162507125869162,0.369551061218568
BS_QH82PBMB,0.176322772640463,0,0.0165659876280953,0.187513228915191
BS_QHY302E8,0,0,2.74952403450206e-06,0.429583393947384
BS_QMBS32Y2,0.0840642647884746,0,0.00814719923138642,0.311980776291757
BS_QNNX91SM,0.622930350920177,0,0.0116489255662142,0.228043311119665
BS_QRNSKFMS,0.189033824390017,0,0.0156172653188442,0.298435135775308
BS_QTSXW7DA,0.321928094887362,0,0.0244740771961835,0.307455819485509
BS_QV51J756,0.0565835283663675,0,0.0236435435429958,0.120027523891544
BS_QY2G1JZJ,0,0,0.0214118660993081,0.368983622781232
BS_QYA4TQXX,0,0,0.0092161371237478,0.213209660836118
BS_R13X6TMW,0.0285691521967709,0,0.00856532909659447,0.27002360172045
BS_R244Z0WX,0.604071323668861,0,0.0137664106977166,0.295366053414372
BS_R3AJB6VS,0.189033824390017,0,0.0274292108759852,0.385346298425978
BS_R5JQE0VJ,0.526068811667588,0,0.0160644930767479,0.354497039027511
BS_R5SNFB5B,0.111031312388744,0,0.00369272201349725,0.099081027927349
BS_R7V8BC98,0.400537929583729,0,0.0292579797133438,0.403845239392418
BS_R9B92M75,1.16992500144231,0,0.0235153335008261,0.358252515574736
BS_R9CKW9DY,0.815575428862573,0,0.0262320573941493,0.493078368402151
BS_RAQFEB0S,0.963474123974886,0,0.0346302413684784,0.414426412549935
BS_RARBBY7C,0.978195629681652,0,0.0362229559266073,0.52961890635559
BS_RGSMX7QD,0.20163386116965,0,0.012140840157208,0.279188343560372
BS_RHAWQJ48,0.27500704749987,0,1.73680279079402e-06,0.451055250748895
BS_RHM60031,0.263034405833794,0,0.00623892539110417,0.345957853925342
BS_RJC3WDD6,0.0840642647884746,0,0.0143439166988758,-0.0346918074963026
BS_RJMJ935A,1.46988597627446,0,0.0460793983099379,0.544507902665963
BS_RMT7ABN6,0.464668267003444,0,0.0381709375503728,0.491935127032027
BS_RN0VAY51,0,0,0.0193914448367848,0.41154974021304
BS_RNANA568,0.765534746362977,0,0.0427613297254567,0.398109725524394
BS_RPJ1EPHA,0.545968369105292,0,0.0325708747838953,0.400042823358793
BS_RRAEQZ97,0.238786859587117,0,0.0159201720108508,0.23529278575562
BS_RVSEDNJ4,0.0976107966264223,0,0.0182481620836484,0.180223151985102
BS_RWJZFTP9,0.0426443374084937,0,0.0141753580553946,0.144328522513449
BS_RX1YTZ7F,0.356143810225275,0,0.010623693155196,0.305166022290674
BS_RZBFH1QF,0.0285691521967709,0,0.00855049319733217,0.138686267823306
BS_S1KK7XRH,0.356143810225275,0,0.0246133369693102,0.298233339451058
BS_S20SP0WW,0.070389327891398,0,0.018821082407314,0.453317499174929
BS_S2TA8R29,0.475084882948783,0,0.0141797971831819,0.295956815029553
BS_S3C2PZAH,0.659924558402378,0,0.0126703523498973,0.362458845304602
BS_S3MET0JZ,0.790772037862,0,0.0169182993576452,0.301018384022101
BS_S458NMKH,0.250961573533219,0,0.0174445929107218,0.270670907361131
BS_S4V9E1XJ,0.495695162624069,0,0.0152857525530224,0.417405769210607
BS_S50KQEXV,0.27500704749987,0,0.0208826147062648,0.293022541259238
BS_S5P8VTN5,0.310340120612151,0,0.0156836240137525,0.325272378637531
BS_S6B9DVNS,0.0143552929770701,0,0.0240226231200492,0.116153898735976
BS_S6S7SK3P,0.0143552929770701,0,0.0147794729814691,0.125482424016445
BS_S8K878T3,0.137503523749935,0,8.58195587957558e-06,0.490322870749004
BS_SB12W1XT,0.454175893185802,0,0.018381732843904,0.356702556298244
BS_SBMAM00V,0.0976107966264223,0,0.0223202551781748,0.32935281474577
BS_SBMCD7XZ,0.0426443374084937,0,0.0228171658128306,0.269225769797358
BS_SD0EMK7Y,0,0,0.011245649622522,0.400444219296119
BS_SD8YBRBR,0,0,0.011970666581314,0.0593464760578074
BS_SDA4RMMG,0.0565835283663675,0,0.0161764853399497,0.176925812912179
BS_SDZY6RZ3,0.454175893185802,0,0.0223694892960826,0.274209598630963
BS_SERDGASJ,0,0,0.0282158972409619,0.391598385919346
BS_SFKZSJN1,0.344828496997441,0,0.0205963370033858,0.274548373967639
BS_SH2S6SFN,0.545968369105292,0,0.0524342409177943,0.492914292155818
BS_SHMC4902,0.263034405833794,0,0.0217052060762035,0.232648943845138
BS_SJ0HXCD0,0,0,0.0106737195590249,0.453802863317058
BS_SJVTZ5TH,0.22650852980868,0,0.0139665797705644,0.312202543297575
BS_SMWQR2F1,1.0703893278914,0.000126276525228979,0.0148744367525884,0.33141005312191
BS_SNVM7CZT,0.622930350920177,0,0.0127354749572259,0.332603304411361
BS_SQX5E15Z,0.948600847493356,0.000733704296105194,0.0398439573014541,0.421964186722608
BS_SR2RGDXJ,0.070389327891398,0,0.0148344435238508,0.311965397642092
BS_SW8C9Y5Y,0.516015147003665,0.00161080381340709,0.0208304264229193,0.515668685066304
BS_SW9Z10F9,0.0976107966264223,0,0.0105393697259686,0.314511195797495
BS_SXRS2P6T,0.22650852980868,0,0.0211387391670684,0.27974757556491
BS_SY3J3XR9,0.070389327891398,0,0.0145679968731047,0.11900971315454
BS_T0MXH2CA,0.622930350920177,0,0.0174261453817686,0.379510077689346
BS_T0RKFEKR,0.475084882948783,0,0.0240559258393384,0.403144768523452
BS_T1W4JA94,0.111031312388744,0,0.0191834923774908,0.222112657660428
BS_T1YHK6B7,1.18903382439002,0,0.0179395941137833,0.268983224296352
BS_T289QKBV,0.53605290024021,0,0.0200508655918688,0.390018693793908
BS_T2F48Z4E,0.565597175854225,0.000647447570886742,0.00472108020415685,0.431753578465817
BS_T2QPMZCM,0.0840642647884746,0,0.0248892279352822,0.084534152242619
BS_T3H5AY8A,0.641546029087524,0,0.00375029663105954,0.440322979948218
BS_T4JFN54G,0.298658315564515,0,0.0191361386573289,0.299201021057992
BS_T5P5ME9M,0.070389327891398,0,0.0334101841147354,0.365099954100272
BS_T9A8JJW5,0.137503523749935,0,0.0366745198299943,0.195962804972086
BS_TASG32Z2,1.09761079662642,0.00114870670224341,0.0197287835376632,0.368381224481411
BS_TDJXQBVY,1.15055967657538,0,0.0254345157332631,0.451451523301818
BS_TG93XC55,0.0143552929770701,0,0.0440391770048786,0.0802617649195577
BS_TGS109T3,0.0565835283663675,0,0.011130374078168,0.163070408077482
BS_TM9MH0RP,0.137503523749935,0,0.0115714196785574,0.295009571649494
BS_TR2P8KRF,0.333423733725192,0,0.0215840454747865,0.290602968950502
BS_TRKH2SPE,0.0976107966264223,0,0.00949056986313662,0.193148647026801
BS_TRPXB3AV,0,0,0.00843310957813267,0.197058041002042
BS_TRZZRYKF,0.0143552929770701,0,0.0232919644104437,0.335384542561686
BS_TTDNZTZ0,0.516015147003665,0,0.0291323781408277,0.365055565521257
BS_TTE04ZP8,0.16349873228288,0,0.0296745441828007,0.37255180150282
BS_TV5B86ZD,0,6.42494561901343e-05,0.0178071852014489,0.26560858906507
BS_TV80600R,0.422233000683048,0,0.0246571175570543,0.353751219043834
BS_TVH33J9Q,0.443606651475615,0,0.0288019588944591,0.239569275041162
BS_TVV122JG,0.411426245726465,0,0.0127121432778861,0.269721058958064
BS_TWFDEMBZ,0.20163386116965,0,0.0173849192974043,0.315814022531492
BS_TXZ7KHTQ,0.0143552929770701,0,0.0140991443636272,0.236111644648355
BS_V0DQFC75,0.485426827170242,0,0.00726388388866265,0.385042015755403
BS_V2G1YE8R,1.4276061727819,0.000875092666766556,0.0251413620482653,0.455902391662197
BS_V33RCK1Y,0.0976107966264223,0,0.0100690613455248,0.312666809096183
BS_V3REENH9,0.400537929583729,0,0.0211228986200962,0.331961017935487
BS_V3Z3DB4N,0,0,0.00942857900603509,0.0761242119165628
BS_V558NW3Q,0.150559676575381,0,1.45278132833981e-08,0.453732907751699
BS_V6RSB5HQ,1.18269229751619,0,0.0204187012066984,0.23324835034737
BS_V72GX2AZ,0.263034405833794,0,0.0180963227441888,0.312670140492474
BS_V7BZ049H,0.321928094887362,0,0.0342178565894531,0.455223635228335
BS_V89HGTET,0.389566811762726,0,0.0146787559239965,0.366710601482006
BS_V8QWBVS3,1.88752527074159,0.0147287362236239,0.0726965873227665,0.663232756742747
BS_VARR255N,0.367371065648529,0,0.0240366215016212,0.378420828208115
BS_VBMRQK4F,0,0,0.0241939954833139,0.328035220909001
BS_VDFXXMEX,0.722466024471091,0,0.00737419325751322,0.31565194329459
BS_VF3NVT4G,0.20163386116965,0,0.0173805579705386,0.39958308759476
BS_VKH87DD2,0.526068811667588,0,0.0423862110994477,0.431303941913213
BS_VKHJG2B8,0.137503523749935,0,0.0149314174814554,0.420974416440572
BS_VKYEM67A,0.298658315564515,0,2.11563067371225e-06,0.234071232329011
BS_VMMJYN8Z,0.124328135002202,0,0.0276243854261536,0.156479815762009
BS_VMQMGSJY,0.214124805352847,0,2.74599110588328e-06,0.355382309592456
BS_VTYNWK05,1.72683121703249,0,0.0375169079939537,0.533755929913468
BS_VVTHDRBD,0.124328135002202,0,0.0111481046162822,0.0789254783990077
BS_VW85Q4XJ,0.411426245726465,0,0.0169254826779244,0.395157777458629
BS_VZWXGYT2,0.124328135002202,0,0.0514191224767646,0.443163790211078
BS_W1385R8Y,1.13750352374994,0.00606760536771343,0.00838861541159553,0.230525512914751
BS_W4DB5RP1,0.214124805352847,0,0.0137876412605982,0.0612800021896199
BS_W7MFJZ5A,0.941106310946431,0,0.014983419283025,0.430092859643619
BS_W97QQYKQ,2.83794324189103,0.0232473090617873,0.0397048621292378,0.579034037557516
BS_WBVSK3MP,0,0,0.017259636661358,0.119676910976386
BS_WEKK6SHP,0.310340120612151,0,0.0124330521498486,0.35639773824739
BS_WHBEXD5H,0.22650852980868,0,0.0105901978535137,0.427388816826003
BS_WQ1YRTAT,0.250961573533219,0,0.0172832568547702,-0.0255065790843353
BS_WRQHPSXQ,0.0143552929770701,0,0.0104802054487014,0.123203590044618
BS_WTJEDTZC,0.948600847493356,0,0.0130689615483436,0.493766000611631
BS_WVRX4C9Z,0.0565835283663675,0,0.0242969954999641,0.447044765192493
BS_WVS02TZK,0.189033824390017,0,0.0195551128830109,0.256800305896665
BS_WYMX429C,1.32768736417605,0,0.0216793959516742,0.472927654857682
BS_X0XXN9BK,2.22032995487956,0,0.0169656274310873,0.383704875445973
BS_X16PENSA,0.432959407276106,0,0.0163070448980168,0.391068419806748
BS_X1G0TKP4,0.20163386116965,0,0.00566299375118143,0.372396870955729
BS_X20JCR4H,0.22650852980868,0,0.0211543271015835,0.385338165085989
BS_X23724NJ,0.0565835283663675,0,8.65562883653742e-07,0.267017665595668
BS_X2EDW2ZB,0.214124805352847,0,0.0321535540422582,0.296619813076002
BS_X3HR4Z21,0.0976107966264223,0,0.0124929942285631,0.349378415764428
BS_X4DD4KSZ,1.11103131238874,0,0.0509397253212865,0.461210421276505
BS_X4X1SFSE,0,0,0.0221903170725296,0.138142869417862
BS_X5DFR216,0.464668267003444,0,0.0303411747578299,0.486541506241199
BS_X6GFVDVA,2.22342254993494,0.000225497050887282,0.0259399346633758,0.404506939637345
BS_X91K8KMG,2.06350294230616,0.0154566379148803,0.0218713374050453,0.5136334692659
BS_XG0DBWVT,0.070389327891398,0,0.00861677592547363,0.167662211291063
BS_XGDPK33A,0.678071905112638,0,0.0160997080974552,0.251162647606917
BS_XGSA3GQE,0.070389327891398,0,0.0196895460123846,0.209999413807935
BS_XKKB4MZV,0.150559676575381,0,0.0183798718024327,0.186198877682238
BS_XM1AHBDJ,0.0143552929770701,0,0.00108729018001281,0.277428128008338
BS_XQ5SFW35,0.475084882948783,0,0.0176278386908521,0.273191362661357
BS_XQXXBWPD,0.356143810225275,0,0.0191787768028778,0.428180201069453
BS_XYVCMF4A,0.485426827170242,0,0.017455104204696,0.256199623885297
BS_XZM79E42,0.565597175854225,0,0.0183866050756705,0.381677606885733
BS_Y0PCBNJV,0.176322772640463,0,0.0192687962344995,0.304334943369508
BS_Y274AC0H,0.678071905112638,0,0.0104121024936466,0.425117077381683
BS_Y7H24JZG,1.67807190511264,0,0.0465015189855604,0.466082185392034
BS_Y7W8BR6B,0.565597175854225,0,0.0345729296734169,0.397271103214038
BS_YA0KMBRT,0.0285691521967709,0,0.00533403277531033,0.182213035797782
BS_YASWHXJC,1.97452931248388,0.00875560233039872,0.024605455911154,0.544634790733694
BS_YB2RXRHT,0.238786859587117,0,0.0323012387601999,0.283473763264118
BS_YCREDZTJ,0.214124805352847,0,0.00655414056567936,0.331342229063542
BS_YDEVMD24,1.25096157353322,0,0.00962215039948934,0.156766162230541
BS_YEQVW4ND,0.214124805352847,0,0.0200297468818241,0.239409373152646
BS_YMAJC22S,0.0285691521967709,0,0.0202099095133211,0.0463109920548064
BS_YMKQT5V0,0.22650852980868,0,0.0220483359488509,0.475623948549085
BS_YR12D1ZY,0.124328135002202,0,0.0137487970383318,0.412001411322589
BS_YR1XY6SF,0.321928094887362,0,0.029965958178451,0.417209357185638
BS_YSZRQ95C,0,0,0.0072167932597043,0.297440320446646
BS_YTWEM5SG,0.250961573533219,0,0.0192067013663697,0.465319091923298
BS_YVEEXAAT,0.432959407276106,0,0.0354184275238439,0.465846264918114
BS_YVMEEBKC,0.137503523749935,0,0.0144463308016518,0.264988834698979
BS_YWJKHMXV,0.650764559116902,0,0.0346975048817906,0.432761539644065
BS_YY5B2XDD,0.516015147003665,0.000275072151854895,0.00585774058954876,0.375593809378937
BS_YZ2QFDAN,0.0840642647884746,0,0.0101444761554739,0.353992662235495
BS_YZ2Z1Q6Y,0.389566811762726,0,0.0155704525064419,0.255299324957783
BS_Z0AVVB1V,0.545968369105292,0,0.014321830701155,0.343418005675059
BS_Z0ZPD9S9,0.0285691521967709,0,9.94319434567635e-06,0.397319323056309
BS_Z1A875MW,0.16349873228288,0,0.0200165782966056,0.281954465391113
BS_Z3RCA1T9,0.321928094887362,0,0.0265420678698494,0.355715739281189
BS_Z6BWR941,0.238786859587117,0,0.0161100756067562,0.267221988419625
BS_Z7Y2466H,0.263034405833794,0,0.0157274373382627,0.303261039744552
BS_Z8F3GM85,0.176322772640463,0,0.010902619002029,0.249859356247258
BS_ZD5HN296,1.67355642399014,0,0.022422434568117,0.501331836607006
BS_ZF6BSFNF,0.485426827170242,0,0.0117217851153136,0.266702492577287
BS_ZHHAM3AN,0.925999418556223,0.00385494411716546,3.23476112398829e-06,0.680370726714572
BS_ZHRGDRBW,0.344828496997441,0,0.0247046594180592,0.261357612322446
BS_ZJY7Y34M,0.111031312388744,0,0.0220726170985943,0.287742411209706
BS_ZM97KKXE,1.60880924267552,0.00237477259892674,0.016339732691597,0.39243335434521
BS_ZN2P8BKH,2.03913839390696,0.00995974669303354,0.0444901055212062,0.603193223665907
BS_ZTWGFWTX,0.137503523749935,0,0.0111756179858761,0.33418033563115
BS_ZV1P6W9C,0.27500704749987,0,0.0122063325544275,0.088702376470582
BS_ZV9Z3SY6,0.22650852980868,0,0.01683913381474,0.28557026732301
BS_ZVM8CAB0,0.739848102699328,0,0.0387984305776788,0.491808062104905
BS_ZVX2GRD6,0.070389327891398,0,0.0123984101799826,0.175724699483198
BS_ZZMYDZJW,0.150559676575381,0,0.0195029944922064,0.278079359512582
BS_ZZWMD6FA,0.150559676575381,0,0.0118173944895541,0.346832622548597
