sample	PC1	PC2	ecotype	ecotype_k3	ecotype_k2
BS_00FD2KMP	-2.872304732178631	0.9798093764930524	Immune-desert	Immune-desert	Immune-desert
BS_028YFYJ6	-0.1976903711726914	-0.6142557626487113		Myeloid-dominant	Immune-desert
BS_052PZFMK	-5.989437264024558	-0.3157364335622842	Immune-desert	Immune-desert	Immune-desert
BS_056Q8577	1.5608202699050813	1.6352975416776914	Myeloid-dominant	Lymphocyte-inflamed	Immune-active
BS_08ST21QE	3.0113047519539826	0.1156040788116787	Myeloid-dominant	Lymphocyte-inflamed	Immune-active
BS_0C7VZC0A	-2.230251975638363	1.908511020807636		Myeloid-dominant	Immune-desert
BS_0S8E7590	5.222245379960686	-3.811322711026342	Myeloid-dominant	Lymphocyte-inflamed	Immune-active
BS_0VXZCRJS	-1.488914368357725	0.5582155715724695		Myeloid-dominant	Immune-desert
BS_0XEBS3PG	-4.126749867978585	1.80168700392631	Immune-desert	Immune-desert	Immune-desert
BS_0ZA67BBC	-2.734670252673139	3.5242096989909317		Myeloid-dominant	Immune-desert
BS_12G04QJM	-1.7225262298185195	-2.356529995140824		Myeloid-dominant	Immune-desert
BS_17ZSMXFH	-3.508726880850594	-3.5929096489383885	Immune-desert	Immune-desert	Immune-desert
BS_1A6MQ9ZA	0.3021916216470285	-1.6415155423146033		Myeloid-dominant	Immune-active
BS_1D93Z575	0.5124429061058373	-0.2241317064710515		Myeloid-dominant	Immune-active
BS_1EN5V3XW	-5.055375744740502	1.752526602447451	Immune-desert	Immune-desert	Immune-desert
BS_223BM91B	4.742374983681753	-0.3572600474446971	Myeloid-dominant	Lymphocyte-inflamed	Immune-active
BS_25HNKZ79	4.285890324186088	-0.9035418619088244	Myeloid-dominant	Lymphocyte-inflamed	Immune-active
BS_2853394H	-4.896575730007836	0.5492865106631423	Immune-desert	Immune-desert	Immune-desert
BS_297H8BT4	2.319808549502064	-1.1523234328463223		Myeloid-dominant	Immune-active
BS_29X4ZX6Q	-4.268374358106776	-0.8054624857666073	Immune-desert	Immune-desert	Immune-desert
BS_2A5R9MEJ	-5.419023862741547	2.3336457317636183	Immune-desert	Immune-desert	Immune-desert
BS_2ARXK0TD	4.090548597956098	-0.8587983456105545	Myeloid-dominant	Lymphocyte-inflamed	Immune-active
BS_2AV1H5TV	-0.6675824152602641	0.1075779055164449		Myeloid-dominant	Immune-desert
BS_2DMBCHNF	5.470019584427925	-2.169605166609992	Myeloid-dominant	Lymphocyte-inflamed	Immune-active
BS_2EN3X6HB	1.7381328059184835	1.2429908510177503		Myeloid-dominant	Immune-active
BS_2FEZWH1F	5.380034852022808	-1.6151428481521817	Myeloid-dominant	Lymphocyte-inflamed	Immune-active
BS_2HNXVFAS	-1.7580520566945088	0.0740641215326233		Myeloid-dominant	Immune-desert
BS_2JH1QMT1	-0.8698147943121857	2.595905416682328		Myeloid-dominant	Immune-desert
BS_2JP7RBMB	-1.3355611120400417	0.7156941611209631		Myeloid-dominant	Immune-desert
BS_2K01T8K6	3.2749652649316885	-1.4790174991842766	Myeloid-dominant	Lymphocyte-inflamed	Immune-active
BS_2PDS3MSS	2.449187283109153	0.1141468016830636	Myeloid-dominant	Lymphocyte-inflamed	Immune-active
BS_2T5PJAW8	1.977426857282509	1.8228881961288104		Myeloid-dominant	Immune-active
BS_2WANPFBJ	2.7556058137383075	-1.007950084690932	Myeloid-dominant	Lymphocyte-inflamed	Immune-active
BS_30F3Z9FS	2.375190334007729	2.1609714956086328	Myeloid-dominant	Lymphocyte-inflamed	Immune-active
BS_30VC3R2Q	-1.50590365888492	0.785444248031086		Myeloid-dominant	Immune-desert
BS_30YWQ3FY	2.529310184783943	-2.12693215946625	Myeloid-dominant	Lymphocyte-inflamed	Immune-active
BS_31MBRWC4	2.9108634432895157	0.0976621884157482	Myeloid-dominant	Lymphocyte-inflamed	Immune-active
BS_333KCNDP	6.692358532017339	-1.7762812712547345	Myeloid-dominant	Lymphocyte-inflamed	Immune-active
BS_399RPKC9	-0.5701548700722573	2.178162660687407		Myeloid-dominant	Immune-desert
BS_3AC3SRWH	-4.770227576039211	0.1656020004823752	Immune-desert	Immune-desert	Immune-desert
BS_3MS8WVNR	-4.4758006680435	2.3041042522252115	Immune-desert	Immune-desert	Immune-desert
BS_3ZPJAK9A	-1.6898076055830114	-1.833941229316522		Myeloid-dominant	Immune-desert
BS_45J79YTF	-7.114366693541733	1.6938022095437666	Immune-desert	Immune-desert	Immune-desert
BS_49BQS7Z6	-1.804903616180727	1.6019093895632135		Myeloid-dominant	Immune-desert
BS_49CJNZ06	-2.8511162485286032	0.0016843991413695		Myeloid-dominant	Immune-desert
BS_4B0BAVTX	1.6693339275177344	2.5557655198427303		Myeloid-dominant	Immune-active
BS_4BM3F6XJ	0.5845219130895472	-1.4717534014219185		Myeloid-dominant	Immune-active
BS_4C6B11E4	3.7490026572289024	-0.2346913808727755	Myeloid-dominant	Lymphocyte-inflamed	Immune-active
BS_4GNN7J8E	7.760620985716493	1.4174016841338095	Myeloid-dominant	Lymphocyte-inflamed	Immune-active
BS_4KNBXM3C	4.70440502652156	-2.791889708871761	Myeloid-dominant	Lymphocyte-inflamed	Immune-active
BS_4Q3KRCZT	4.524621751655997	-0.1460733333484111	Myeloid-dominant	Lymphocyte-inflamed	Immune-active
BS_4QW2S1Q8	3.704838839692465	1.6772111082331784	Myeloid-dominant	Lymphocyte-inflamed	Immune-active
BS_4T0HQ9QF	-1.0389033984774332	-1.20394577394833		Myeloid-dominant	Immune-desert
BS_4V42BXBT	-0.5825090265388658	2.229593574525905		Myeloid-dominant	Immune-desert
BS_51RA1PGE	0.0064544844406945	-1.0882729493348702		Myeloid-dominant	Immune-desert
BS_52C576HH	-1.5633036580485626	0.0492922688686576		Myeloid-dominant	Immune-desert
BS_5965SFPZ	-3.76041710186273	2.092614705915383	Immune-desert	Immune-desert	Immune-desert
BS_5EFYPZT0	-1.5525105351252315	-2.1813937557640424		Myeloid-dominant	Immune-desert
BS_5G5BD2MD	6.053647550088055	0.6136202213034537	Myeloid-dominant	Lymphocyte-inflamed	Immune-active
BS_5K95FX4C	6.48633523199491	0.5245923340574824	Myeloid-dominant	Lymphocyte-inflamed	Immune-active
BS_5KBXD2GQ	-0.2812687177007861	-1.515727546294552		Myeloid-dominant	Immune-desert
BS_5PXZ8F7W	0.5138868715876509	0.4407582329681266		Myeloid-dominant	Immune-active
BS_5VPM0F36	6.866789620504965	1.9730463917846957	Myeloid-dominant	Lymphocyte-inflamed	Immune-active
BS_62SW4CC5	7.729661544087856	-3.1197468528545205	Myeloid-dominant	Lymphocyte-inflamed	Immune-active
BS_65WPD3DA	-0.9871991834303406	2.4023066834537605		Myeloid-dominant	Immune-desert
BS_68KX6A42	3.9763094692417713	2.623869722799013	Myeloid-dominant	Lymphocyte-inflamed	Immune-active
BS_6DCSD5Y6	-6.029012641681891	-1.959321017375589	Immune-desert	Immune-desert	Immune-desert
BS_6H4Q24WA	4.793031446816563	0.8616831699302335	Myeloid-dominant	Lymphocyte-inflamed	Immune-active
BS_6M2053M0	1.4775425899872594	3.330389477589752		Myeloid-dominant	Immune-active
BS_6SY64H5J	6.460516660278226	-0.5015416150684194	Myeloid-dominant	Lymphocyte-inflamed	Immune-active
BS_6VRG1XFB	-1.2116163412850849	-1.3929419931868423		Myeloid-dominant	Immune-desert
BS_6WP1FHTE	3.012223261587051	1.6201680744071856	Myeloid-dominant	Lymphocyte-inflamed	Immune-active
BS_7327SDAQ	-1.6446666689604863	1.4281624386561138		Myeloid-dominant	Immune-desert
BS_75YRDXET	8.442201776644291	0.0535861339458371	Myeloid-dominant	Lymphocyte-inflamed	Immune-active
BS_77SBTNPN	-1.2263624346705004	-0.3746550884835138		Myeloid-dominant	Immune-desert
BS_7AEF4D4G	3.363422198901695	-1.447742310040422	Myeloid-dominant	Lymphocyte-inflamed	Immune-active
BS_7APCGCVF	1.655262280311319	-0.0226436647219907		Myeloid-dominant	Immune-active
BS_7GJT4A6A	-4.454349144910503	-0.112678674572916	Immune-desert	Immune-desert	Immune-desert
BS_7GKWKGPH	4.072811327070512	0.1489917742037324	Myeloid-dominant	Lymphocyte-inflamed	Immune-active
BS_7PVJ6Q3D	-3.6833055100813614	0.6801618253492604	Immune-desert	Immune-desert	Immune-desert
BS_7WKNNRHK	-0.4120927161089233	-4.841667286491583		Myeloid-dominant	Immune-desert
BS_84VZX732	2.1604071394674147	-0.2905179181113079		Myeloid-dominant	Immune-active
BS_84XCR9GG	-0.951925111794874	0.4322474472496698		Myeloid-dominant	Immune-desert
BS_8E8JKP01	-5.388495544875541	2.2752554172816244	Immune-desert	Immune-desert	Immune-desert
BS_8ERBDF7D	-3.82860153267426	0.9639572303397512	Immune-desert	Immune-desert	Immune-desert
BS_8JK9TXH2	0.883912273842914	-2.4322532824122134		Myeloid-dominant	Immune-active
BS_8VD670NP	-1.166398465714676	0.1816668221418816		Myeloid-dominant	Immune-desert
BS_8YWYN7VH	2.831302069945231	0.5874144816077536	Myeloid-dominant	Lymphocyte-inflamed	Immune-active
BS_8ZE4Z9G5	0.7249365084681941	-2.4259275117719943		Myeloid-dominant	Immune-active
BS_8ZY4GST0	-4.367944909033396	3.219500448525944	Immune-desert	Immune-desert	Immune-desert
BS_91VYM11A	0.9193836306773888	-0.2137631197372463		Myeloid-dominant	Immune-active
BS_956G6QPJ	-0.3844826890435921	-1.3781549509081092		Myeloid-dominant	Immune-desert
BS_97M1E2DW	-5.814811533787573	-1.6418664581121651	Immune-desert	Immune-desert	Immune-desert
BS_9A1YTHFF	4.643352704930655	1.602329953248306	Myeloid-dominant	Lymphocyte-inflamed	Immune-active
BS_9B0A62MT	2.2476171630880075	-2.4149970446398	Myeloid-dominant	Lymphocyte-inflamed	Immune-active
BS_9CA93S6D	-10.178328415516768	-1.017279038932326	Immune-desert	Immune-desert	Immune-desert
BS_9FHEFJNP	-0.362916138724673	1.967391415776596		Myeloid-dominant	Immune-desert
BS_9FX3YREK	-6.557212087830462	2.373214656083491	Immune-desert	Immune-desert	Immune-desert
BS_9GJ3DB1H	2.8614719959881527	0.1202817437250019	Myeloid-dominant	Lymphocyte-inflamed	Immune-active
BS_9JPQZQNG	-2.0708448048530794	0.192962907591819		Myeloid-dominant	Immune-desert
BS_9TXEDSWB	1.9773411874338092	1.7875743998701283		Myeloid-dominant	Immune-active
BS_9XVACXP0	-3.5334373462290025	-0.5699514908997352		Myeloid-dominant	Immune-desert
BS_9Y1K14Q5	-1.720939574279604	-3.5167240842380187		Myeloid-dominant	Immune-desert
BS_9ZJT0CP0	0.331348860739815	-1.0225327362108705		Myeloid-dominant	Immune-active
BS_A4PF49V0	-3.742248025770176	-1.97451227752166	Immune-desert	Immune-desert	Immune-desert
BS_A6NXR7RC	1.1770594530200884	-0.382046468558445		Myeloid-dominant	Immune-active
BS_A7Q8G0Y1	-0.4147317953004716	-0.5825460313695686		Myeloid-dominant	Immune-desert
BS_A8XW5S0W	1.2906528638246595	-1.136855934063678		Myeloid-dominant	Immune-active
BS_AWH9757B	-4.009947525899191	2.1480350827025227	Immune-desert	Immune-desert	Immune-desert
BS_AYSXRQWY	1.9846435862080016	-3.060680079956364		Myeloid-dominant	Immune-active
BS_AZQM1JJH	3.3610021588163743	1.6101836192370778	Myeloid-dominant	Lymphocyte-inflamed	Immune-active
BS_B1C6GZ84	-3.5642213211149003	1.75136062490837	Immune-desert	Immune-desert	Immune-desert
BS_B3MQFFYP	6.112170848427279	1.4849632420999423	Myeloid-dominant	Lymphocyte-inflamed	Immune-active
BS_B4R7X1KE	-4.50904658942456	1.0438845035063378	Immune-desert	Immune-desert	Immune-desert
BS_B57327NA	1.6170797164708055	1.3237428731288416		Myeloid-dominant	Immune-active
BS_BBAEMXRD	-4.623859894001921	2.8529492167330988	Immune-desert	Immune-desert	Immune-desert
BS_BBQ6BHGN	-1.593911642932203	2.5708787776159263		Myeloid-dominant	Immune-desert
BS_BK0HGRXM	3.5413734328157958	-0.3062347116902933	Myeloid-dominant	Lymphocyte-inflamed	Immune-active
BS_BMMY0H73	0.248009929716385	1.0466886004177296		Myeloid-dominant	Immune-active
BS_C6ZZ3FY5	-0.1922540054911516	3.0248245017515547		Myeloid-dominant	Immune-desert
BS_C83TK159	-1.1731332347666463	3.15447299504131		Myeloid-dominant	Immune-desert
BS_CBDQZ8PP	-7.153895427031107	1.495754470381327	Immune-desert	Immune-desert	Immune-desert
BS_CF63VG3S	-0.1103821837392956	0.8787662270700515		Myeloid-dominant	Immune-desert
BS_CFD3WHAY	1.1366169191415456	3.1687092980257288		Myeloid-dominant	Immune-active
BS_CG1RG607	5.445188298216685	0.7920699325963284	Myeloid-dominant	Lymphocyte-inflamed	Immune-active
BS_CVEDJGHZ	6.662590557077138	1.4842586877916677	Myeloid-dominant	Lymphocyte-inflamed	Immune-active
BS_CXAQDK7S	7.287110105552909	2.235155376407104	Myeloid-dominant	Lymphocyte-inflamed	Immune-active
BS_CZPQ493E	1.454513253798562	-0.509747133647764		Myeloid-dominant	Immune-active
BS_D29RPBSZ	0.2796302301348601	-0.4582192540243628		Myeloid-dominant	Immune-active
BS_D4VNDNQA	-3.73234620694888	-0.3524622123755474	Immune-desert	Immune-desert	Immune-desert
BS_D6J2BGDJ	-5.42283124750266	2.003100056260162	Immune-desert	Immune-desert	Immune-desert
BS_DFGS950G	-7.204890165243663	-0.5689266025932949	Immune-desert	Immune-desert	Immune-desert
BS_DNZVP92S	-2.7053432227032377	-4.301130975167633		Myeloid-dominant	Immune-desert
BS_DR079H0D	-2.781228978614172	1.8279255958678804	Immune-desert	Immune-desert	Immune-desert
BS_DS438CXE	-9.453026020172546	0.543259489286006	Immune-desert	Immune-desert	Immune-desert
BS_DSPVSM7D	-2.305778882846508	-1.1798965861065749		Myeloid-dominant	Immune-desert
BS_DZNXFPH1	5.814073783164955	0.3733375360829216	Myeloid-dominant	Lymphocyte-inflamed	Immune-active
BS_E7NVYA6G	5.032163670646793	-2.462694483836321	Myeloid-dominant	Lymphocyte-inflamed	Immune-active
BS_E9CYN4NP	-3.870571170365497	2.2057026386114407	Immune-desert	Immune-desert	Immune-desert
BS_EB0XRBT9	4.652496393165211	0.8484780506630072	Myeloid-dominant	Lymphocyte-inflamed	Immune-active
BS_EDJ5TV0P	-6.594315360365196	-1.4035819888685597	Immune-desert	Immune-desert	Immune-desert
BS_EMQM7HTA	-2.0629216282959426	-0.0705244827910309		Myeloid-dominant	Immune-desert
BS_ENEYB4TG	4.647265971026879	1.6287197723229765	Myeloid-dominant	Lymphocyte-inflamed	Immune-active
BS_EXPJQZTH	4.166100452796296	1.2252108212279391	Myeloid-dominant	Lymphocyte-inflamed	Immune-active
BS_EZ3147MX	-0.6895874935827425	2.637148973886497		Myeloid-dominant	Immune-desert
BS_F0JB4EAK	-3.4077360796403027	3.764118124502362	Immune-desert	Immune-desert	Immune-desert
BS_F21R36MM	-0.3847844938671652	-2.081739466616653		Myeloid-dominant	Immune-desert
BS_F65GWS21	-3.06441776805128	-2.272619199439652		Myeloid-dominant	Immune-desert
BS_F6V1Y4QS	-1.127243943204863	-2.2450495859706905		Myeloid-dominant	Immune-desert
BS_F9Y4Z92G	-5.6042297129608665	2.674047585564558	Immune-desert	Immune-desert	Immune-desert
BS_FCDAH728	-1.880298061784043	3.418131703341977		Myeloid-dominant	Immune-desert
BS_FEV5A0HN	-9.259847897203	1.6069272186018095	Immune-desert	Immune-desert	Immune-desert
BS_FGJH1X0S	-2.956269047839345	-2.913316413392262		Myeloid-dominant	Immune-desert
BS_FKASA3MN	-11.007825261834114	-0.3344183697834503	Immune-desert	Immune-desert	Immune-desert
BS_FN07P04C	-7.235426129429637	-2.953939897772929	Immune-desert	Immune-desert	Immune-desert
BS_FX2P2WEG	3.312107575939458	-1.8449795520420995	Myeloid-dominant	Lymphocyte-inflamed	Immune-active
BS_FXJY0MNH	3.484668831456662	0.6284043629783791	Myeloid-dominant	Lymphocyte-inflamed	Immune-active
BS_FYP2B298	-2.758416667863169	2.9848034332236075	Immune-desert	Immune-desert	Immune-desert
BS_G19QZG4S	0.3279656130708983	3.272403904612619		Myeloid-dominant	Immune-active
BS_G1E5DATJ	1.3231558190588766	-0.3563640934300784		Myeloid-dominant	Immune-active
BS_G257VSS9	-3.13797964414741	-0.265057867042002	Immune-desert	Immune-desert	Immune-desert
BS_G3NN392N	0.2877447821890915	2.059364121066753		Myeloid-dominant	Immune-active
BS_G3RJTBZD	-4.74060298058638	1.5045399115998663	Immune-desert	Immune-desert	Immune-desert
BS_G5NHSFD4	-4.577234007174821	1.315399334511403	Immune-desert	Immune-desert	Immune-desert
BS_G8TXTX0H	-0.6083342958223679	1.9988222607155528		Myeloid-dominant	Immune-desert
BS_GG9W3J9Y	-3.989773942829587	-0.8133410843666183	Immune-desert	Immune-desert	Immune-desert
BS_GW0GKWMS	-2.972034957979576	1.681003590042745		Myeloid-dominant	Immune-desert
BS_GWHYM3R4	-0.5027452737366379	-1.7661910284460818		Myeloid-dominant	Immune-desert
BS_GWSJ4Z9H	3.269923846526973	2.2889125730919684	Myeloid-dominant	Lymphocyte-inflamed	Immune-active
BS_H5VQJR7X	1.93518702093178	-1.3513130100817548		Myeloid-dominant	Immune-active
BS_H97S5SQN	0.0467572446065516	3.323205690849273		Myeloid-dominant	Immune-active
BS_H9JYKFTV	-0.1910409433685891	-2.475162728159355		Myeloid-dominant	Immune-desert
BS_HDHXX8Q7	-0.4640679551470894	-0.5160944384503451		Myeloid-dominant	Immune-desert
BS_HDPCQETG	4.9234073691480384	-0.2477404075724709	Myeloid-dominant	Lymphocyte-inflamed	Immune-active
BS_HJRTC9JQ	4.920349040649199	0.6668130338655371	Myeloid-dominant	Lymphocyte-inflamed	Immune-active
BS_HJV0J603	5.196864992963539	-8.09708910405819	Myeloid-dominant	Lymphocyte-inflamed	Immune-active
BS_HRJ9145M	6.301493325813361	-2.658819884894258	Myeloid-dominant	Lymphocyte-inflamed	Immune-active
BS_HWGWYCY7	5.4266329081352005	-1.184479831061275	Myeloid-dominant	Lymphocyte-inflamed	Immune-active
BS_HZ9AYDCQ	2.2017220536528432	2.5307273347705435	Myeloid-dominant	Lymphocyte-inflamed	Immune-active
BS_J4JY2F3H	3.642791000647511	0.0142849851997951	Myeloid-dominant	Lymphocyte-inflamed	Immune-active
BS_J6212Y48	-0.6719787567753418	0.2129605247918689		Myeloid-dominant	Immune-desert
BS_J6W1RB7A	1.429869367605266	-2.584071420354612		Myeloid-dominant	Immune-active
BS_J9CBGP57	-0.979581528096935	3.561507234748355		Myeloid-dominant	Immune-desert
BS_JB43XBCQ	6.438219710281046	1.1814777406999677	Myeloid-dominant	Lymphocyte-inflamed	Immune-active
BS_JDSNFYQ0	2.2477319156124835	0.0285790129559091	Myeloid-dominant	Lymphocyte-inflamed	Immune-active
BS_JJVH7WR0	-6.896636065354389	0.0230981087387759	Immune-desert	Immune-desert	Immune-desert
BS_JMD386Z2	0.5207354596346032	0.4544500171500581		Myeloid-dominant	Immune-active
BS_JP95KMRD	3.777559011836972	1.137540810248	Myeloid-dominant	Lymphocyte-inflamed	Immune-active
BS_JQGJQ2QZ	0.683172547148947	-0.7871664544467889		Myeloid-dominant	Immune-active
BS_JQVAWTTM	1.7150070186677588	3.64714722588862		Myeloid-dominant	Immune-active
BS_JQXHHK0K	-4.352385188497	1.202891703547955	Immune-desert	Immune-desert	Immune-desert
BS_JRYJGYC4	0.2634160763340476	-3.135684130258622		Myeloid-dominant	Immune-active
BS_JS95PE0J	0.2514152722999321	0.4078792635686679		Myeloid-dominant	Immune-active
BS_JTWNJ8T7	-8.968140571167048	1.0285824650718862	Immune-desert	Immune-desert	Immune-desert
BS_JVW2JJ39	-8.02344104559753	-4.5866255736654	Immune-desert	Immune-desert	Immune-desert
BS_K0X3PZGN	9.899579153483598	-1.6839768539433364	Myeloid-dominant	Lymphocyte-inflamed	Immune-active
BS_K17VQECG	2.83605884524606	1.675797056742045	Myeloid-dominant	Lymphocyte-inflamed	Immune-active
BS_K2PCC777	7.620326219849238	-1.009227763552081	Myeloid-dominant	Lymphocyte-inflamed	Immune-active
BS_K74N1BXQ	1.137494605340631	1.56929572637099		Myeloid-dominant	Immune-active
BS_K81PZXP2	2.9382326065537065	0.5914144311318834	Myeloid-dominant	Lymphocyte-inflamed	Immune-active
BS_K88T8SW7	9.48535331268115	-7.427735162160647	Myeloid-dominant	Lymphocyte-inflamed	Immune-active
BS_KABQQA0T	-5.931813221375124	1.649299272827251	Immune-desert	Immune-desert	Immune-desert
BS_KBEX4RT2	-2.433346713996376	-2.4243921308587337		Myeloid-dominant	Immune-desert
BS_KFD5128N	-1.1499853950960066	-1.7442544854262698		Myeloid-dominant	Immune-desert
BS_KKDTW11T	-4.337144308218798	-9.715428971208643	Immune-desert	Immune-desert	Immune-desert
BS_KP735TJ6	-5.9531114844286135	-1.2799205724291682	Immune-desert	Immune-desert	Immune-desert
BS_KQ6ZW085	-1.0621914676408517	1.9773856407068189		Myeloid-dominant	Immune-desert
BS_KRS4EV4X	-0.8760395368913587	-1.3130958204958414		Myeloid-dominant	Immune-desert
BS_KS8HMGA6	5.267177155544888	0.5564489262347029	Myeloid-dominant	Lymphocyte-inflamed	Immune-active
BS_KVPWHDR4	0.3978335936057166	1.1548731746827567		Myeloid-dominant	Immune-active
BS_M0FA190Y	1.1665569100804785	2.070783316326412		Myeloid-dominant	Immune-active
BS_M0XGZ53Z	-7.127709396678915	0.5164715876997242	Immune-desert	Immune-desert	Immune-desert
BS_M1PVEHCM	-8.367001972591964	0.5759339537493079	Immune-desert	Immune-desert	Immune-desert
BS_M54TWTH4	1.5101703796617731	1.6734609449479132		Myeloid-dominant	Immune-active
BS_M7XB258E	6.891846833727311	0.5758805579313253	Myeloid-dominant	Lymphocyte-inflamed	Immune-active
BS_M85CXHDV	4.758668295138524	0.3590583590608956	Myeloid-dominant	Lymphocyte-inflamed	Immune-active
BS_MB7WN0ZB	0.2849265310330686	0.1033693066226478		Myeloid-dominant	Immune-active
BS_MD0937XT	-5.273568712108235	0.1748249824061863	Immune-desert	Immune-desert	Immune-desert
BS_MDBT7S5Z	-7.215671550096767	1.2726113448045857	Immune-desert	Immune-desert	Immune-desert
BS_ME6VQGG4	-0.5524782648415544	0.6655191777311714		Myeloid-dominant	Immune-desert
BS_MFGZH8FK	-0.8485044995567199	-1.766922830744742		Myeloid-dominant	Immune-desert
BS_MG78HQDM	-11.769770292248667	-1.4784237400685276	Immune-desert	Immune-desert	Immune-desert
BS_MWWZBQ60	-0.9012960328519712	1.7025366693962298		Myeloid-dominant	Immune-desert
BS_N6TQBQ8M	-2.2877621117971096	-0.2154391955271917		Myeloid-dominant	Immune-desert
BS_N7SW36FD	3.441732363370513	2.8360249412419214	Myeloid-dominant	Lymphocyte-inflamed	Immune-active
BS_N7VQ1GQB	2.944904849083741	1.7645499494248609	Myeloid-dominant	Lymphocyte-inflamed	Immune-active
BS_NB9XXBW6	-0.4124115512789874	2.717916585018389		Myeloid-dominant	Immune-desert
BS_NEFAASTR	2.634818651839639	-1.9635760915240104	Myeloid-dominant	Lymphocyte-inflamed	Immune-active
BS_NEVYM2FP	-0.3693837956260387	3.177690082764616		Myeloid-dominant	Immune-desert
BS_NFKKDYSV	3.9049471274545353	-0.181730222408857	Myeloid-dominant	Lymphocyte-inflamed	Immune-active
BS_NGSG2KB6	4.24817989708045	2.038340955063334	Myeloid-dominant	Lymphocyte-inflamed	Immune-active
BS_NNYXMSTX	3.547455589790443	2.501403380695514	Myeloid-dominant	Lymphocyte-inflamed	Immune-active
BS_NPA6CZQF	-3.583935233679077	2.793757449557719	Immune-desert	Immune-desert	Immune-desert
BS_NQ54ST98	2.548993216087418	0.3065560950819117	Myeloid-dominant	Lymphocyte-inflamed	Immune-active
BS_NR3P3GN2	1.3481478560374722	-1.348838986814259		Myeloid-dominant	Immune-active
BS_NX1R0BC3	3.100624586387593	-2.597537573196721	Myeloid-dominant	Lymphocyte-inflamed	Immune-active
BS_P0QF87WC	1.1326053810127792	-5.203584884928617		Myeloid-dominant	Immune-active
BS_P4PMWFMV	-0.5580126980570985	1.28436520685231		Myeloid-dominant	Immune-desert
BS_P7W3AYKV	1.397057341273444	-2.5191537135528983		Myeloid-dominant	Immune-active
BS_PENM28KT	-0.7512454571401033	0.7002768027066564		Myeloid-dominant	Immune-desert
BS_PJC6FH4Y	6.216832443531041	1.4841093154816931	Myeloid-dominant	Lymphocyte-inflamed	Immune-active
BS_PS0P3QJ3	-1.8001379658863732	-0.9542328548006884		Myeloid-dominant	Immune-desert
BS_PXCPK5XS	0.0783210750405784	-0.8356307254536899		Myeloid-dominant	Immune-active
BS_PZVHMSYN	-2.7463766039352677	-3.8859177618529785		Myeloid-dominant	Immune-desert
BS_Q06J3RYW	4.094258049033845	0.8069269662569366	Myeloid-dominant	Lymphocyte-inflamed	Immune-active
BS_Q35GFYDR	-3.155687512690131	-2.825304062468428		Myeloid-dominant	Immune-desert
BS_Q9N5PRD5	-1.2011974334885032	-1.8627372621360885		Myeloid-dominant	Immune-desert
BS_QB84TBA3	-7.3158852098528415	-1.2307148572102953	Immune-desert	Immune-desert	Immune-desert
BS_QGKEP3KB	5.4382267290016335	-0.2828312766771291	Myeloid-dominant	Lymphocyte-inflamed	Immune-active
BS_QH0VYVJK	2.1170608703678298	-0.4788264773096684		Myeloid-dominant	Immune-active
BS_QHY302E8	2.9138577618829857	-0.960008598365498	Myeloid-dominant	Lymphocyte-inflamed	Immune-active
BS_QMBS32Y2	-1.256499426845943	-1.948035270085791		Myeloid-dominant	Immune-desert
BS_QNNX91SM	-1.1362902457340645	2.8885930464184493		Myeloid-dominant	Immune-desert
BS_QY2G1JZJ	1.0379784880906382	1.816019596665438		Myeloid-dominant	Immune-active
BS_QYA4TQXX	-3.982247343990761	-4.538782952068371	Immune-desert	Immune-desert	Immune-desert
BS_R5JQE0VJ	-0.9621718584540954	-2.8470920606173244		Myeloid-dominant	Immune-desert
BS_R5SNFB5B	-6.888819600163518	-3.3396276960706297	Immune-desert	Immune-desert	Immune-desert
BS_R9B92M75	0.0947850213470342	1.8842697136590028		Myeloid-dominant	Immune-active
BS_RHAWQJ48	4.4815802645612965	-1.4294410871367325	Myeloid-dominant	Lymphocyte-inflamed	Immune-active
BS_RHM60031	0.1935830776261351	-3.1901910122256223		Myeloid-dominant	Immune-active
BS_RJC3WDD6	-10.892577380495288	-0.7664089072208005	Immune-desert	Immune-desert	Immune-desert
BS_RN0VAY51	0.9949366588373728	1.2092749649716834		Myeloid-dominant	Immune-active
BS_RX1YTZ7F	-0.6254662220353032	0.9784514596680928		Myeloid-dominant	Immune-desert
BS_RZBFH1QF	-8.17348212458453	-2.637069775489579	Immune-desert	Immune-desert	Immune-desert
BS_S2TA8R29	1.4280138363827064	2.01216167398099		Myeloid-dominant	Immune-active
BS_S3C2PZAH	1.38096393426181	-4.298108483002891		Myeloid-dominant	Immune-active
BS_S3MET0JZ	-0.6851406674453042	-2.221442544382466		Myeloid-dominant	Immune-desert
BS_S4V9E1XJ	3.751248934372567	2.1020413544588075	Myeloid-dominant	Lymphocyte-inflamed	Immune-active
BS_S5P8VTN5	1.0041291955903784	1.3485760441431447		Myeloid-dominant	Immune-active
BS_S6B9DVNS	-8.226574654984084	-2.9956971499320675	Immune-desert	Immune-desert	Immune-desert
BS_S6S7SK3P	-6.529518076857461	-1.3891797380950612	Immune-desert	Immune-desert	Immune-desert
BS_S8K878T3	7.0601799722805385	-1.1936751643502403	Myeloid-dominant	Lymphocyte-inflamed	Immune-active
BS_SBMAM00V	-0.7112443802963905	0.0910301657604485		Myeloid-dominant	Immune-desert
BS_SBMCD7XZ	1.912513803482106	3.2031762056780906		Myeloid-dominant	Immune-active
BS_SD0EMK7Y	2.2548132250459823	1.1060839687303274	Myeloid-dominant	Lymphocyte-inflamed	Immune-active
BS_SD8YBRBR	-9.374586459639843	-2.510215709698844	Immune-desert	Immune-desert	Immune-desert
BS_SERDGASJ	2.9784970381101368	0.8132506682228025	Myeloid-dominant	Lymphocyte-inflamed	Immune-active
BS_SJVTZ5TH	-1.996022436040493	-3.6708698757393297		Myeloid-dominant	Immune-desert
BS_SMWQR2F1	-0.0769467048218658	-0.7687167929401144		Myeloid-dominant	Immune-desert
BS_SNVM7CZT	2.200283608430606	0.7965492565021133		Myeloid-dominant	Immune-active
BS_SR2RGDXJ	1.1256813181912966	1.7016230062591593		Myeloid-dominant	Immune-active
BS_SW9Z10F9	3.197618416491178	2.013928804832809	Myeloid-dominant	Lymphocyte-inflamed	Immune-active
BS_SY3J3XR9	-5.094147559620995	2.0132140331304944	Immune-desert	Immune-desert	Immune-desert
BS_T1YHK6B7	-0.9126151964695158	-0.3456265506755938		Myeloid-dominant	Immune-desert
BS_T2F48Z4E	3.4443573870009625	-2.633181306287272	Myeloid-dominant	Lymphocyte-inflamed	Immune-active
BS_T9A8JJW5	-1.7081816228332556	0.5909770990804485		Myeloid-dominant	Immune-desert
BS_TASG32Z2	-1.690504295423524	-1.4977147518797087		Myeloid-dominant	Immune-desert
BS_TGS109T3	-3.741822790871408	1.7628064893543165	Immune-desert	Immune-desert	Immune-desert
BS_TM9MH0RP	1.066839550467655	1.7544301080928222		Myeloid-dominant	Immune-active
BS_TR2P8KRF	-0.6863612005532507	0.6805594383883335		Myeloid-dominant	Immune-desert
BS_TRKH2SPE	-2.740731746214098	1.1165864141389936		Myeloid-dominant	Immune-desert
BS_TRPXB3AV	-2.395170195646304	-1.6245513822247244		Myeloid-dominant	Immune-desert
BS_TTDNZTZ0	5.077054714422723	1.090402969279883	Myeloid-dominant	Lymphocyte-inflamed	Immune-active
BS_TTE04ZP8	3.766508866046988	0.3204254422873726	Myeloid-dominant	Lymphocyte-inflamed	Immune-active
BS_TV5B86ZD	-6.354917945170653	-2.3677476532883217	Immune-desert	Immune-desert	Immune-desert
BS_TVH33J9Q	-2.4961631724023614	-0.5842749750194718		Myeloid-dominant	Immune-desert
BS_TXZ7KHTQ	-1.7435596443506742	-0.1951731528429713		Myeloid-dominant	Immune-desert
BS_V0DQFC75	-1.216278227794677	-3.3149367306856234		Myeloid-dominant	Immune-desert
BS_V3Z3DB4N	-3.859088025544252	4.092014302460929	Immune-desert	Immune-desert	Immune-desert
BS_V558NW3Q	5.712931819916566	-4.004338087423032	Myeloid-dominant	Lymphocyte-inflamed	Immune-active
BS_V6RSB5HQ	-2.538027103744695	0.039808413891754		Myeloid-dominant	Immune-desert
BS_V8QWBVS3	9.17465445597622	-3.2960536660518343	Myeloid-dominant	Lymphocyte-inflamed	Immune-active
BS_VBMRQK4F	0.3862342746265377	-0.4364165376520198		Myeloid-dominant	Immune-active
BS_VDFXXMEX	-3.985097075068421	-2.562750975586071	Immune-desert	Immune-desert	Immune-desert
BS_VF3NVT4G	3.3699013412971928	1.4738897022998916	Myeloid-dominant	Lymphocyte-inflamed	Immune-active
BS_VKH87DD2	3.3151722836857096	-0.7486922289973271	Myeloid-dominant	Lymphocyte-inflamed	Immune-active
BS_VKHJG2B8	1.0556150697053035	-2.8967785664872068		Myeloid-dominant	Immune-active
BS_VKYEM67A	3.6853624988784377	1.056752043853832	Myeloid-dominant	Lymphocyte-inflamed	Immune-active
BS_VMQMGSJY	3.4898600312227552	-2.99816285621337	Myeloid-dominant	Lymphocyte-inflamed	Immune-active
BS_VVTHDRBD	-2.39464653982185	1.100086025206466		Myeloid-dominant	Immune-desert
BS_W1385R8Y	-3.431136658206924	-1.5620533686275535	Immune-desert	Immune-desert	Immune-desert
BS_W4DB5RP1	-7.193652795555148	-0.7583617697951839	Immune-desert	Immune-desert	Immune-desert
BS_W7MFJZ5A	4.983983236137181	2.000161961130684	Myeloid-dominant	Lymphocyte-inflamed	Immune-active
BS_WBVSK3MP	-9.408657319977031	-1.9214225815261916	Immune-desert	Immune-desert	Immune-desert
BS_WEKK6SHP	-0.3666623132028527	-5.70723237899384		Myeloid-dominant	Immune-desert
BS_WHBEXD5H	4.302344125641148	0.365762971557598	Myeloid-dominant	Lymphocyte-inflamed	Immune-active
BS_WQ1YRTAT	-11.791212639481728	1.0088030639250831	Immune-desert	Immune-desert	Immune-desert
BS_WTJEDTZC	1.3955860454948663	-6.057714522445331		Myeloid-dominant	Immune-active
BS_WVRX4C9Z	5.68924572375227	1.3885458961502504	Myeloid-dominant	Lymphocyte-inflamed	Immune-active
BS_X0XXN9BK	3.131876075266991	-3.5552514326870424	Myeloid-dominant	Lymphocyte-inflamed	Immune-active
BS_X1G0TKP4	2.112634565694792	2.0056239017095048		Myeloid-dominant	Immune-active
BS_X20JCR4H	3.698939406562497	-1.6258254779823316	Myeloid-dominant	Lymphocyte-inflamed	Immune-active
BS_X23724NJ	0.3744754874614034	-3.2920288911615607		Myeloid-dominant	Immune-active
BS_X3HR4Z21	0.5348332998603991	2.7967873553322944		Myeloid-dominant	Immune-active
BS_X4DD4KSZ	6.654632821178028	1.5109955593482105	Myeloid-dominant	Lymphocyte-inflamed	Immune-active
BS_X4X1SFSE	-3.331691765428892	2.60081308243394	Immune-desert	Immune-desert	Immune-desert
BS_XG0DBWVT	-4.288033054539351	-1.0644019808208014	Immune-desert	Immune-desert	Immune-desert
BS_XGDPK33A	-1.379531755830804	3.397039499412425		Myeloid-dominant	Immune-desert
BS_XM1AHBDJ	-3.924570768780922	1.2574565509543925	Immune-desert	Immune-desert	Immune-desert
BS_XQ5SFW35	2.023722250754082	0.9659710655433004		Myeloid-dominant	Immune-active
BS_XQXXBWPD	3.596545986979	0.7574589067677984	Myeloid-dominant	Lymphocyte-inflamed	Immune-active
BS_XYVCMF4A	-2.603532451719622	-0.4925899481960106		Myeloid-dominant	Immune-desert
BS_XZM79E42	4.422394721284857	1.0135434857704686	Myeloid-dominant	Lymphocyte-inflamed	Immune-active
BS_YA0KMBRT	-2.7068649816883794	-1.7092309825087812		Myeloid-dominant	Immune-desert
BS_YDEVMD24	-1.1947588049469144	3.6195881121573774		Myeloid-dominant	Immune-desert
BS_YMKQT5V0	6.151468424671906	-0.0974578844483493	Myeloid-dominant	Lymphocyte-inflamed	Immune-active
BS_YR12D1ZY	2.915599290249786	1.4535487833147749	Myeloid-dominant	Lymphocyte-inflamed	Immune-active
BS_YSZRQ95C	0.1343346463256443	-1.6281481711061996		Myeloid-dominant	Immune-active
BS_YTWEM5SG	6.278097752008753	1.300255807960288	Myeloid-dominant	Lymphocyte-inflamed	Immune-active
BS_YZ2QFDAN	-0.7383661886315702	-3.012214816843948		Myeloid-dominant	Immune-desert
BS_Z0ZPD9S9	2.7530940715459327	1.23290838702947	Myeloid-dominant	Lymphocyte-inflamed	Immune-active
BS_Z3RCA1T9	1.6718721942822392	2.4023642861766663		Myeloid-dominant	Immune-active
BS_Z8F3GM85	2.7902915329968807	1.3584685808175772	Myeloid-dominant	Lymphocyte-inflamed	Immune-active
BS_ZD5HN296	7.130177757439143	0.9791943829577902	Myeloid-dominant	Lymphocyte-inflamed	Immune-active
BS_ZF6BSFNF	0.2848057639187958	3.9910562432281034		Myeloid-dominant	Immune-active
BS_ZM97KKXE	2.823642115689157	2.024863387901032	Myeloid-dominant	Lymphocyte-inflamed	Immune-active
BS_ZV1P6W9C	-3.4537957756640125	0.9589002082247028	Immune-desert	Immune-desert	Immune-desert
BS_ZVM8CAB0	8.04398270618477	-0.265486825210026	Myeloid-dominant	Lymphocyte-inflamed	Immune-active
BS_ZZWMD6FA	2.750744012249408	1.4344565424386546	Myeloid-dominant	Lymphocyte-inflamed	Immune-active
