	CD8 T cells	CD4 T cells	Tregs / γδ	B cells	NK cells	Monocytes / Macrophages	Dendritic cells	Granulocytes	ecotype
BS_00FD2KMP	0.07295821389102228	0.1307371657925767	0.0	0.015453174018043941	0.032325770560853846	0.6394180320116106	0.0	0.10910764372589254	Immune-desert
BS_028YFYJ6	0.04303050645967864	0.20892687011883948	0.0	0.07266418051035058	0.08633599117888863	0.5100986924610613	0.004347208981459397	0.0745965502897221	Intermediate
BS_052PZFMK	0.05448490978139844	0.20576922023679062	0.0	0.0028590617331136067	0.0648636313183384	0.5145342382483394	0.0	0.15748893868201946	Immune-desert
BS_056Q8577	0.0	0.16752664426299843	0.0	0.000487107599657214	0.06058137185656483	0.6714729332264371	0.0	0.09993194305434237	Inflamed
BS_08ST21QE	0.057206787197083483	0.028827102250785518	0.0	0.0504099867116297	0.0	0.8545658863196606	0.0	0.008990237520840815	Inflamed
BS_0C7VZC0A	0.014521181482594873	0.29154844319740875	0.0177738033904106	0.019112262018451467	0.12649858436973532	0.4162092017615762	0.0	0.11433652377982291	Intermediate
BS_0S8E7590	0.07733627298746976	0.2631782268126459	0.0	0.006085002011350516	0.16255949804799735	0.23916992256918124	0.0	0.2516710775713552	Inflamed
BS_0VXZCRJS	0.06923804823282041	0.22313534358430104	0.006861655456271792	0.01142254288332733	0.16135965354293422	0.3688016417391884	0.0	0.15918111456115677	Intermediate
BS_0XEBS3PG	0.024222521530903932	0.16467038617666205	0.0	0.017386355136818854	0.07415109072498668	0.6162533637428236	0.0	0.10331628268780482	Immune-desert
BS_0ZA67BBC	0.010352137250142722	0.14724897350325658	0.0	0.03069369662811849	0.06524691224930235	0.39525871634834003	0.0020807693400264116	0.34911879468081347	Intermediate
BS_12G04QJM	0.0879862519025445	0.03801384152327406	0.008008395687398836	0.00047612718998196773	0.0	0.5045441025382371	0.019134755690881834	0.34183652546768184	Intermediate
BS_17ZSMXFH	0.07973091472614091	0.15727021319861095	0.0	0.13714755888464442	0.12187128621787513	0.3129620424999031	0.0	0.19101798447282525	Immune-desert
BS_1A6MQ9ZA	0.017464231306795037	0.014597607568487608	0.0	0.004409275036258223	0.011126740187914586	0.7076817257751675	0.0	0.24472042012537715	Intermediate
BS_1D93Z575	0.03240312740371237	0.11308580599498819	0.0	0.0010084529652551423	0.0944991736076358	0.65252858534454	0.00846414588011639	0.09801070880375204	Intermediate
BS_1EN5V3XW	0.01311817120895571	0.1723663833498587	0.0	0.007348826113076108	0.09566212717790905	0.6213326996265894	0.0024486527538284137	0.08772313976978265	Immune-desert
BS_223BM91B	0.0	0.3101434440940095	0.005710294277616331	0.005657282167058467	0.02925562802471914	0.5666099407906358	0.0	0.08262341064596093	Inflamed
BS_25HNKZ79	0.014093329688612224	0.009043783571098443	0.0	0.05416926024095538	0.003738798380616747	0.8281704304400554	0.0	0.09078439767866196	Inflamed
BS_2853394H	0.10874758622829905	0.035905592757412425	0.0	0.034934075228569145	0.02724050400678182	0.42317075976036916	0.0	0.3700014820185684	Immune-desert
BS_297H8BT4	0.0267714138653294	0.22924798985378037	0.006329893486852559	0.02810602247644425	0.18240298082758838	0.4333387817278045	0.002765738184076597	0.09103717957812389	Intermediate
BS_29X4ZX6Q	0.1114403540633548	0.17326524916127442	0.01123348690717724	0.01857304990250207	0.049289013821549384	0.4278832532569442	0.0	0.20831559288719798	Immune-desert
BS_2A5R9MEJ	0.02785403152036027	0.3588611835078312	0.01592251770905401	0.006580609768726959	0.18664812474029013	0.1907385854106642	0.003047721276512062	0.21034722606656117	Immune-desert
BS_2ARXK0TD	0.0	0.1476935736768609	0.0	0.08587063262027395	0.015189818126533024	0.41961576960582914	0.020718690468113515	0.31091151550238944	Inflamed
BS_2AV1H5TV	0.017777177382705962	0.10670470906012591	0.0	0.06912012968876509	0.05528204933593172	0.49195011852713477	0.0018762069998544647	0.257289609005482	Intermediate
BS_2DMBCHNF	0.0	0.08675329300397158	0.0597602580225648	0.016623096254432167	0.09869819935111465	0.6756954315659948	0.0	0.06246972180192203	Inflamed
BS_2EN3X6HB	0.04772693337459498	0.31239169250292975	0.0	0.008414456428601924	0.11091937851381072	0.47471837058901756	0.003181686914303566	0.04264748167674147	Intermediate
BS_2FEZWH1F	0.054884938047747155	0.047823356554548266	0.0083502743754783	0.019293939684347325	0.03821101166255117	0.7142627349592999	0.004106055502448189	0.11306768921357964	Inflamed
BS_2HNXVFAS	0.02663447205121226	0.3144461102511336	0.03675043629765605	0.03814117169754252	0.09518030343246796	0.47269015727542674	0.0	0.016157348994560942	Intermediate
BS_2JH1QMT1	0.0559175631479735	0.11735429113641432	0.023128058066737137	0.03002918394697525	0.010389212504717166	0.6725800912016335	0.0	0.09060159999554897	Intermediate
BS_2JP7RBMB	0.02259682055984718	0.15094694962167393	0.005686625971314609	0.05688718219193381	0.10692754592572686	0.49795330511933134	0.0	0.1590015706101722	Intermediate
BS_2K01T8K6	0.02915844472130449	0.37147266683527935	0.004140724224608498	0.012259054269467847	0.06094492185168683	0.47378676841972567	0.0	0.04823741967792741	Inflamed
BS_2PDS3MSS	0.16893096623457993	0.04733764489325317	0.0	0.017208177638621022	0.030185546828266664	0.7363376644052793	0.0	0.0	Inflamed
BS_2T5PJAW8	0.0026932313856985663	0.11037619957921091	0.0	0.02205838808597258	0.06952250851581837	0.6497760575471392	0.0	0.14557361488616052	Intermediate
BS_2WANPFBJ	0.0	0.267219696770574	0.0	0.0053482220976698745	0.08366546958128239	0.5923383262914685	0.0012170848328717074	0.050211200426133626	Inflamed
BS_30F3Z9FS	0.0	0.14632257226621048	0.0	0.0075997352714654905	0.08811963916722228	0.6555365278623202	0.00032318432935297785	0.10209834110342861	Inflamed
BS_30VC3R2Q	0.04631947460978177	0.42494084639262275	0.04242320231066109	0.011708770135589127	0.07976090638714824	0.3504868606981892	0.0	0.04435993946600788	Intermediate
BS_30YWQ3FY	0.0	0.11557962457205445	0.0	0.01647621460986042	0.039078757744218554	0.32940817251469245	0.001467708294412994	0.49798952226476106	Inflamed
BS_31MBRWC4	0.038233991904438526	0.17810834261975028	0.0	0.04126950954055333	0.025580864816572495	0.6070938633646432	0.0	0.10971342775404228	Inflamed
BS_333KCNDP	0.05844229603961027	0.24377452512178027	0.0	0.06688247842479134	0.03618118568162871	0.4484540919603459	0.001846370614758927	0.1444190521570847	Inflamed
BS_399RPKC9	0.029090694157577895	0.19998114849705087	0.001109978537297887	0.016081638983725572	0.10708792376120096	0.5948035814226009	0.00834840832226314	0.04349662631828267	Intermediate
BS_3AC3SRWH	0.004323906043750721	0.11527080195713042	0.0	0.14797945595424083	0.04798978210678807	0.6586619902799538	0.006224430831348142	0.019549632826788083	Immune-desert
BS_3MS8WVNR	0.0	0.14235730682749598	0.0	0.18098534854751186	0.06033288748046708	0.49799261306064446	0.0006568651043359101	0.11767497897954464	Immune-desert
BS_3ZPJAK9A	0.010908667332883544	0.23457373365800605	0.0	0.1424217026292023	0.09261366560362055	0.16199503420130076	0.0	0.35748719657498684	Intermediate
BS_45J79YTF	0.09300187402518098	0.16112697503180207	0.0	0.02069110363045895	0.09497516958903504	0.5310056360627643	0.007683035055836216	0.09151620660492238	Immune-desert
BS_49BQS7Z6	0.020514369976314558	0.3508714570605413	0.03811221299689544	0.008044018731031829	0.12599221476554562	0.41033994991667044	0.0017565675792540606	0.044369208973746396	Intermediate
BS_49CJNZ06	0.02091593541940078	0.12465873382723061	0.0026669903824167954	0.0012423534865901075	0.09083481595411186	0.5796227812146535	0.0	0.18005838971559632	Intermediate
BS_4B0BAVTX	0.004093632365276868	0.08730418060605666	0.0	0.0220578078443495	0.05519010111713257	0.7337574902861304	0.0	0.09759678778105399	Intermediate
BS_4BM3F6XJ	0.1263676332887935	0.21393987535325454	0.020964274348025377	0.0767690388870718	0.024819062355506755	0.4635074943262957	0.00998984524617054	0.06364277619488204	Intermediate
BS_4C6B11E4	0.023701219828171905	0.12017906907754743	0.005785178517705107	0.016015238381671213	0.09911831302849682	0.6264612690165803	0.0	0.10873971214982725	Inflamed
BS_4GNN7J8E	0.02069260778938912	0.18795434725678306	0.0	0.03197388110012721	0.014293889279864556	0.6751667479312268	0.004728136545813021	0.06519039009679645	Inflamed
BS_4KNBXM3C	0.0	0.04950127456901991	0.0	0.12979339505114126	0.005300642644418483	0.5214046191297041	0.0	0.2940000686057161	Inflamed
BS_4Q3KRCZT	0.02623004230943551	0.18489490802318542	0.004109320275010228	0.008166109084626675	0.11396759838457649	0.5676491156743619	0.0	0.09498290624880384	Inflamed
BS_4QW2S1Q8	0.05171292177541169	0.18356544274680367	0.007000294621389608	0.016765286304051556	0.10984056131536449	0.4750805130884075	0.00798946407710694	0.14804551607146477	Inflamed
BS_4T0HQ9QF	0.19154561958367491	0.026250185487596767	0.0007118532717355747	0.035877103012308405	0.12280512544349836	0.5829089282085187	0.004513207843103077	0.03538797714956405	Intermediate
BS_4V42BXBT	0.05731334556454604	0.38335328376172245	0.0021729042553090888	0.009642368753239048	0.03245073942800447	0.4236291149953567	0.0	0.09143824324182216	Intermediate
BS_51RA1PGE	0.035997706971872774	0.2850874382412297	0.0	0.006739583796679702	0.21180261147479718	0.30537019344479627	0.0024302230139289023	0.15257224305669548	Intermediate
BS_52C576HH	0.038737278173348294	0.27456245898886167	0.011573157258453426	0.011651693518530721	0.13119131018440072	0.3796116071795689	0.0	0.15267249469683644	Intermediate
BS_5965SFPZ	0.045326282792384424	0.21840966699342665	0.02486674495520232	0.0034737981838196636	0.1062516502245606	0.31406740997235205	0.0	0.2876044468782543	Immune-desert
BS_5EFYPZT0	0.036483695577178385	0.06963674451646935	0.0	0.006312371405185315	0.04792701640804588	0.7271791793022045	0.0053863316532982404	0.10707466113761852	Intermediate
BS_5G5BD2MD	0.0012432093276410385	0.1211742961578198	0.0	0.035787188918325455	0.05502971468809272	0.6799799899442794	0.010677907063603507	0.09610769390023795	Inflamed
BS_5K95FX4C	0.0678550410752804	0.16165510890539578	0.0	0.013500387411397556	0.02387818454493377	0.7045823366411502	0.0	0.028528941421842285	Inflamed
BS_5KBXD2GQ	0.04578269184240955	0.235318821984078	0.05377301095286025	0.020058768824040285	0.06339241015899957	0.44456663695630827	0.003063610105998491	0.13404404917530557	Intermediate
BS_5PXZ8F7W	0.19541769736933653	0.0684332919941553	0.0	0.017054540501560276	0.017660993060279805	0.6793676575042762	0.007793593022836205	0.014272226547555545	Intermediate
BS_5VPM0F36	0.0	0.13892557807669867	0.0	0.03018550219353064	0.0640921248650341	0.46308552511255374	0.0033358203325529667	0.30037544941963	Inflamed
BS_62SW4CC5	0.04301513363097843	0.28422955229600083	0.0	0.025377425355418808	0.027960789954019002	0.45731320427089606	0.103786101871372	0.05831779262131463	Inflamed
BS_65WPD3DA	0.04123992240100737	0.17959751240509708	0.0	0.008917613227522209	0.05128010489539137	0.6186278115045586	0.0	0.10033703556642348	Intermediate
BS_68KX6A42	0.054843695732994496	0.10917111809159345	0.0	0.00369061524427031	0.02806913058036524	0.7925982684106545	0.0	0.011627171940121783	Inflamed
BS_6DCSD5Y6	0.007594513695523793	0.3060654809054454	0.0	0.0242765954966985	0.16337262802084604	0.26602727636715734	0.0	0.23266350551432916	Immune-desert
BS_6H4Q24WA	0.06794646336448212	0.21262980173189688	0.00013434250680895802	0.005242121293282455	0.07834745536650842	0.4682523600915607	7.03626078861358e-07	0.16744675201938145	Inflamed
BS_6M2053M0	0.008923186318219884	0.12350542151173638	0.0	0.04910920547998797	0.04997874975533124	0.6530946789586287	0.0	0.11538875797609598	Intermediate
BS_6SY64H5J	0.06943010756731004	0.233631997296258	0.0	0.011172824690181677	0.04319605520205948	0.21852524301376255	0.0071171782685430654	0.41692659396188503	Inflamed
BS_6VRG1XFB	0.14781411656875984	0.1141165975099862	0.0	0.0012457299084626752	0.0801054207022755	0.6204590358749402	0.0	0.03625909943557552	Intermediate
BS_6WP1FHTE	0.06637184404134021	0.1386516373616113	0.001415356745880671	0.011254783437138332	0.0684485373706687	0.7002398766226785	0.0	0.013617964420682261	Inflamed
BS_7327SDAQ	0.035919303084271194	0.5017735535415778	0.027664937084210073	0.00853841733373235	0.07133440989544666	0.2720313278693854	0.0	0.0827380511913767	Intermediate
BS_75YRDXET	0.06141448249430906	0.060623251862483296	0.0	0.05662071222832855	0.059020473098886396	0.5933087218945614	0.0	0.1690123584214314	Inflamed
BS_77SBTNPN	0.0	0.2257793854076655	0.0	0.008178343125331809	0.020368293700706523	0.6804682782092888	0.01044639547514151	0.05475930408186573	Intermediate
BS_7AEF4D4G	0.1378791777452106	0.03828111039692879	0.0	0.0821176283787649	0.07974395736585599	0.6511684379974143	0.01080968811582537	0.0	Inflamed
BS_7APCGCVF	0.140341605141058	0.04650754997903918	0.0	0.00856278424900148	0.014543668780923613	0.6961164187258735	0.0	0.09392797312410403	Intermediate
BS_7GJT4A6A	0.023418370874336798	0.20927413195951394	0.0	0.025131397434015004	0.07602836643471965	0.5069001777785074	0.001984741413484927	0.15726281410542214	Immune-desert
BS_7GKWKGPH	0.07395058537840431	0.17997651362526182	0.0	0.0015195802991828534	0.025595910005025462	0.6205002763860843	0.0	0.09845713430604142	Inflamed
BS_7PVJ6Q3D	0.05553948520430638	0.11528221672857913	0.040142798330556416	0.0828403827771356	0.10050147062563405	0.5213186586977636	0.0	0.08437498763602497	Immune-desert
BS_7WKNNRHK	0.0	0.10700149066109325	0.016080560107032463	0.05316993405171107	0.1569260142268241	0.454248460180342	0.0	0.2125735407729972	Intermediate
BS_84VZX732	0.04706577020653798	0.1326443105897441	0.005878350508737799	0.014587501115247937	0.07115983668232143	0.596716091827661	0.0005284350964257788	0.13141970397332384	Intermediate
BS_84XCR9GG	0.0	0.08608570149268849	0.0	0.023029882166027707	0.016012222622186767	0.8345558430687663	0.0	0.04031635065033076	Intermediate
BS_8E8JKP01	0.0	0.11126175389086577	0.0	0.008548591984423455	0.03318637201890723	0.7636591198827184	0.02961300488912562	0.053731157333959556	Immune-desert
BS_8ERBDF7D	0.0	0.15541129301094803	0.018760839229232645	0.0033960849782434096	0.043882638589374405	0.6692969095825672	0.0038720882113412345	0.10538014639829324	Immune-desert
BS_8JK9TXH2	0.07634144004482253	0.2338379331480242	0.0	0.07244311333985894	0.08516003609625096	0.4264996074852016	0.001988043254688355	0.1037298266311533	Intermediate
BS_8VD670NP	0.03462754406203266	0.28017224648383754	0.0006127290989675563	0.013463161555130913	0.14017280762231096	0.3994369908502374	0.0	0.13151452032748295	Intermediate
BS_8YWYN7VH	0.011612758982471235	0.06215540364286014	0.027262898800821337	0.006095089375304051	0.027846148297075306	0.7375707862015797	0.0	0.12745691469988835	Inflamed
BS_8ZE4Z9G5	0.014232680197006006	0.21656348774372058	0.0	0.004756008962716937	0.06477439171756141	0.5612815916380495	0.0004610358229571251	0.13793080391798843	Intermediate
BS_8ZY4GST0	0.047801750366081475	0.1665263577185811	0.0	0.03016526739511781	0.06018209800794824	0.5452169394503597	0.0035555280302879346	0.1465520590316236	Immune-desert
BS_91VYM11A	0.19327248719989	0.12010242741592142	0.013287256885032288	0.0319467638257593	0.029963997717436547	0.3993529198931949	0.0030165797517834624	0.20905756731098213	Intermediate
BS_956G6QPJ	0.30254404630750453	0.02385708492628852	0.0025392196693720644	0.04299071473743536	0.15263793200376088	0.40684898494619004	0.0033208661178776256	0.06526115129157123	Intermediate
BS_97M1E2DW	0.09619230888663316	0.12382796588169206	0.0	0.0393804498132771	0.07090217786970382	0.4602358689939275	0.0	0.20946122855476648	Immune-desert
BS_9A1YTHFF	0.053501426327611665	0.07026991401072862	0.0	0.03465076024320538	0.02966660151005128	0.7589196921891356	0.0	0.0529916057192675	Inflamed
BS_9B0A62MT	0.09199846167671184	0.03227566123141617	0.0	0.005260548370542335	0.05221308781006747	0.3733202363867158	0.0	0.4449320045245465	Inflamed
BS_9CA93S6D	0.09952043989634157	0.17271029381706862	0.0	0.1828358005640623	0.0429264224230126	0.30178014883378557	0.0	0.20022689446572917	Immune-desert
BS_9FHEFJNP	0.0	0.058240545232702334	0.0	0.004021768070177264	0.029802908795947155	0.848104297469426	0.0006537658646427486	0.05917671456710442	Intermediate
BS_9FX3YREK	0.0	0.15777074750200365	0.0	0.10232887457605509	0.051354308807170464	0.5010700216163999	0.005075053242439303	0.18240099425593156	Immune-desert
BS_9GJ3DB1H	0.021941888555442865	0.18640556427684332	0.0	0.03624375460662369	0.08745793795191979	0.5212210814454729	0.015691544307224876	0.1310382288564728	Inflamed
BS_9JPQZQNG	0.0	0.15130847827429061	0.0	0.0037261122891518146	0.039310857962249104	0.6793232239984363	0.0	0.1263313274758723	Intermediate
BS_9TXEDSWB	0.022706602308872344	0.14196445513306405	0.028666268092609786	0.01986879672205341	0.09846399546610883	0.5639713411399672	0.0	0.12435854113732454	Intermediate
BS_9XVACXP0	0.020046170010889017	0.13805039340099956	0.0	0.008695446070215797	0.0870133199447765	0.6751423333272865	0.005147310716050198	0.0659050265297825	Intermediate
BS_9Y1K14Q5	0.0	0.0741633682207108	0.003835668191986912	0.11633952690200122	0.05018586771199929	0.5232433811808991	0.09641256892316098	0.13581961886924182	Intermediate
BS_9ZJT0CP0	0.10196173595118536	0.16911873216177256	0.0	0.015774337223092856	0.07409970995813513	0.5465144538025015	0.0	0.09253103090331269	Intermediate
BS_A4PF49V0	0.15856992691285446	0.2097763356079587	0.004565049206778713	0.0009839561015763916	0.06282973737010374	0.38745439450318836	0.0	0.17582060029753968	Immune-desert
BS_A6NXR7RC	0.0	0.07875852577266068	0.0	0.15852212010517516	0.01688560061377962	0.6214446720258121	0.0	0.12438908148257244	Intermediate
BS_A7Q8G0Y1	0.041601030062742295	0.07052947979763016	0.0	0.025453895395192574	0.10179539895199105	0.5659008550792509	0.0022892962119915126	0.19243004450120135	Intermediate
BS_A8XW5S0W	0.07007437189065785	0.2703357268723372	2.139064796878784e-05	0.016034502023862775	0.04854731915838457	0.5489591536456053	0.012626374760808357	0.033401161000375025	Intermediate
BS_AWH9757B	0.0	0.17727660721003793	0.0	0.022378445904622613	0.1126351198857336	0.5298445219312198	0.0	0.15786530506838592	Immune-desert
BS_AYSXRQWY	0.08461460856237812	0.03774694733950179	0.03161624523345809	0.03597185411734061	0.036867584518592435	0.7349391731034715	0.0	0.0382435871252574	Intermediate
BS_AZQM1JJH	0.03224702122917999	0.16600604768532373	0.0	0.021637186235840728	0.024672993971093023	0.6545952594157238	0.015298788656193708	0.08554270280664486	Inflamed
BS_B1C6GZ84	0.06850991776496632	0.3052989369191427	0.001924162643470961	0.013189521602288895	0.09991493841878757	0.36662077273965693	0.0036959798174844394	0.1408457700942022	Immune-desert
BS_B3MQFFYP	0.03132015130074362	0.08972397691525928	0.0	0.014357996614094252	0.08930324151862123	0.6196132887769796	0.006224763178579262	0.1494565816957228	Inflamed
BS_B4R7X1KE	0.010724487077848205	0.2102132493665496	0.054550216369648935	0.012454523100814083	0.055016806278646385	0.457624506099103	0.007484927398791545	0.19193128430859818	Immune-desert
BS_B57327NA	0.060008598988925584	0.029735873615286866	0.0	0.031256387479499236	0.015099868527743617	0.6137349382525565	0.0	0.2501643331359882	Intermediate
BS_BBAEMXRD	0.0	0.19805168218277258	0.0	0.05427400572796256	0.07447872900549792	0.607596458694635	0.0	0.0655991243891319	Immune-desert
BS_BBQ6BHGN	0.0385803576980919	0.07091949178129346	0.0	0.029827003437739995	0.031614767542961796	0.7104295662112148	0.0012321225243863926	0.11739669080431177	Intermediate
BS_BK0HGRXM	0.138610792710679	0.056311089514602605	0.00139730504687232	0.045146021878578926	0.03866416783471256	0.42260717433514816	0.0	0.29726344867940657	Inflamed
BS_BMMY0H73	0.0347325104850173	0.21357397046198243	0.017549632042803402	0.006675947130272724	0.08913617831005075	0.534923514020304	0.0067863425377060254	0.09662190501186331	Intermediate
BS_C6ZZ3FY5	0.018737191977924773	0.10268068125375793	0.0	0.011559602189931502	0.03444395666519847	0.7684053461756439	0.002315216526702195	0.061858005210841296	Intermediate
BS_C83TK159	0.02847121103534257	0.13902605754028385	0.0	0.00993464339863103	0.06497264705654171	0.49401780264785927	0.0	0.2635776383213416	Intermediate
BS_CBDQZ8PP	0.08035335007731893	0.12521948352568588	0.0	0.09169491336926874	0.06562807881594661	0.6293802321023787	0.0	0.007723942109401313	Immune-desert
BS_CF63VG3S	0.025902307807506474	0.1215453460932013	0.0	0.015513879148036383	0.10720910116576796	0.6105880439498153	0.0	0.11924132183567265	Intermediate
BS_CFD3WHAY	0.0	0.07046288963299106	0.0	0.0037075014055245755	0.0404998235209814	0.7615406650788593	0.0	0.12378912036164352	Intermediate
BS_CG1RG607	0.04570206256195132	0.10302877949186198	0.0	0.003600365677684702	0.02613230887729485	0.7037833160104722	0.0	0.11775316738073491	Inflamed
BS_CVEDJGHZ	0.009624953304582108	0.18605037413569392	0.0	0.072888898658221	0.022386628436964737	0.6437575103474011	0.0005036496806214061	0.06478798543651584	Inflamed
BS_CXAQDK7S	0.024847994131570024	0.14658872397176007	0.0	0.00836480292733131	0.06370312516762208	0.6341973892113133	0.0	0.12229796459040343	Inflamed
BS_CZPQ493E	0.040627512899847534	0.2351248718551428	0.0	0.0795252137063896	0.037947935288276564	0.31729666064554074	0.0	0.2894778056048028	Intermediate
BS_D29RPBSZ	0.1365922103844002	0.2103254465405012	0.005380787854034689	0.05777332822901142	0.06639717284804214	0.3025314855099462	0.002478157566797553	0.2185214110672667	Intermediate
BS_D4VNDNQA	0.1141335394068802	0.08537926012457513	0.0	0.0713394086904358	0.0961447573741473	0.6070236111099956	0.0	0.025979423293965957	Immune-desert
BS_D6J2BGDJ	0.0872422695671339	0.08879832516856483	0.0	0.003260171047666328	0.06460149947247704	0.713734216486479	0.007815568911063843	0.034547949346615134	Immune-desert
BS_DFGS950G	0.0002979865997017425	0.18614440683595904	0.03518409119208515	0.028100071761261843	0.06895645420209683	0.3514965894617308	0.013216441414699747	0.3166039585324647	Immune-desert
BS_DNZVP92S	0.0	0.5383356801726863	0.0	0.04169577124294198	0.06079137489740796	0.31943849644233596	0.0	0.039738677244627714	Intermediate
BS_DR079H0D	0.00165110874981392	0.19736105021978684	0.0	0.06673926261583593	0.06144489856992204	0.4286129559773327	0.0	0.24419072386730853	Immune-desert
BS_DS438CXE	0.0	0.20966103718589307	0.0	0.037098753399101674	0.11539328889785218	0.48199099000316625	0.00637300362454268	0.14948292688944395	Immune-desert
BS_DSPVSM7D	0.0	0.3972483903494207	0.0	0.021575667452170946	0.10298284790815862	0.15111166370629694	0.003408027825716987	0.3236734027582355	Intermediate
BS_DZNXFPH1	0.023633209578910172	0.05128233344408169	0.00865991292850701	0.017073599115192406	0.0392348183037152	0.6511296935907096	0.0	0.2089864330388838	Inflamed
BS_E7NVYA6G	0.0	0.13278883219480714	0.0	0.054771490077607024	0.019544012035048863	0.5219065772754029	0.0	0.270989088417134	Inflamed
BS_E9CYN4NP	0.04571121198811112	0.05264592045112649	0.0	0.05045664299642256	0.05946875764992283	0.656850794605456	0.0024737924189303885	0.1323928798900305	Immune-desert
BS_EB0XRBT9	0.05101720777960652	0.33913805050520185	0.0	0.008822886894818497	0.11973465160704416	0.38783836537193334	0.0041267190063901974	0.08932211883500545	Inflamed
BS_EDJ5TV0P	0.12025294009706337	0.1389165893010559	0.0	0.006596647943164945	0.11195668912424203	0.3288794862756971	0.0070590694047380975	0.2863385778540386	Immune-desert
BS_EMQM7HTA	0.16079836223000848	0.24062525907377638	0.09834268835998408	0.004426069121797159	0.10238735038591842	0.33233866859216343	0.00012554836150807295	0.060956053874843666	Intermediate
BS_ENEYB4TG	0.0016229217188645766	0.09781779728918119	0.0	0.029173236191837155	0.03567402206788168	0.5840491056077466	0.0	0.25166291712448885	Inflamed
BS_EXPJQZTH	0.0	0.08015980879793957	0.0	0.1230501633687656	0.012978869508903458	0.65817523384088	0.0006985934936903118	0.12493733098982113	Inflamed
BS_EZ3147MX	0.04962448660491306	0.23396099174827734	0.0	0.00962842179899575	0.09860152504858877	0.494637470372412	0.005071537483761943	0.10847556694305101	Intermediate
BS_F0JB4EAK	0.007733146054751409	0.21216556110306473	0.0	0.010215834095468574	0.14816914299762182	0.2509931761742622	0.005166392701587165	0.3655567468732441	Immune-desert
BS_F21R36MM	0.0	0.09390513486600574	0.0	0.10134695924139309	0.03782672841300695	0.41005979688594263	0.022658135101471435	0.33420324549218006	Intermediate
BS_F65GWS21	0.10175574335006805	0.21490880650951177	0.0	0.07704924120427348	0.07922553848944212	0.4874327480850545	0.039627922361650206	0.0	Intermediate
BS_F6V1Y4QS	0.008556270214799879	0.1294641868377714	0.0012875882726058223	0.017804009479144747	0.0625558942214432	0.6945763377876124	0.0	0.08575571318662259	Intermediate
BS_F9Y4Z92G	0.049907048578177564	0.1431740366973982	0.0	0.04141080242032545	0.06768064277316516	0.5968299025255559	0.0	0.10099756700537783	Immune-desert
BS_FCDAH728	0.011052805415519272	0.15730638344136888	0.0	0.0	0.035059527337757426	0.38656307303245696	0.0	0.41001821077289735	Intermediate
BS_FEV5A0HN	0.20494029043389694	0.11817318356693644	0.0	0.024339796720147636	0.07958234200880762	0.5127857925187073	0.0	0.060178594751504055	Immune-desert
BS_FGJH1X0S	0.052138558419698125	0.23055789707723673	0.0	0.010520645834379063	0.019125072870398347	0.3889396792463977	0.0	0.29871814655189	Intermediate
BS_FKASA3MN	0.0	0.32137138421185796	0.0004263486720202153	0.020231374580287165	0.14765913404197187	0.2917532052935383	0.007188078249561958	0.21137047495076264	Immune-desert
BS_FN07P04C	0.09572336470946259	0.13004295189587248	0.0	0.006793355969468907	0.028484001447870284	0.4738819416066786	0.0	0.2650743843706471	Immune-desert
BS_FX2P2WEG	0.3800722029331301	0.04434129525810711	0.0	0.1295890676145786	0.06328778822783526	0.3505350790467787	0.0007046737167535756	0.03146989320281658	Inflamed
BS_FXJY0MNH	0.052273433362639024	0.07715368501424082	0.0	0.1735637393568043	0.08247264458838624	0.40037943033896994	0.0	0.21415706733895967	Inflamed
BS_FYP2B298	0.0	0.0905196778185055	0.005702472996365735	0.010126189715981705	0.018225939025978747	0.8727178221185015	0.0	0.0027078983246668488	Immune-desert
BS_G19QZG4S	0.022405956557050844	0.07209886080045716	0.0006022451640907514	0.0027895562457663056	0.038116344957084894	0.8221199794433492	0.004565332186472752	0.03730172464572794	Intermediate
BS_G1E5DATJ	0.0013890399818741045	0.18657676654892313	0.0	0.13085837661748775	0.11435909607341702	0.3700716757287821	0.0	0.196745045049516	Intermediate
BS_G257VSS9	0.0	0.14912855531839117	0.0	0.001844532122010374	0.024048107649849697	0.40281103091635445	0.011298358981526018	0.41086941501186824	Immune-desert
BS_G3NN392N	0.012653005934800869	0.09933076341390643	0.0	0.022161049705170913	0.04611572687375495	0.5624095710924392	0.0	0.25732988297992776	Intermediate
BS_G3RJTBZD	0.025778041914694065	0.2120023043565395	0.0	0.006645912577020992	0.1617632980900119	0.4347568142344536	0.0	0.1590536288272799	Immune-desert
BS_G5NHSFD4	0.02416418492588104	0.35716039706181246	0.03405174004501596	0.06779480440084959	0.11882996887957073	0.3319955895350932	0.0	0.0660033151517771	Immune-desert
BS_G8TXTX0H	0.14119613788042915	0.11500469725783162	0.0	0.002392797846884786	0.06878289834892642	0.6408100917944436	0.0	0.03181337687148443	Intermediate
BS_GG9W3J9Y	0.051030474560005305	0.2928251735809997	0.01292929945636845	0.029199840602418335	0.06564790371288129	0.2928346636481971	0.0	0.25553264443912976	Immune-desert
BS_GW0GKWMS	0.019651504598674673	0.08875612925457663	0.015637349963142894	0.003581520020161864	0.11173365281328343	0.4325853357224421	0.00397486513161127	0.32407964249610716	Intermediate
BS_GWHYM3R4	0.03985329310781961	0.08078514166257976	0.0	0.13319082831479834	0.0044493587417593836	0.5804123920564876	0.04297567283238474	0.11833331328417059	Intermediate
BS_GWSJ4Z9H	0.052907850821261725	0.22047398324366027	0.0	0.0152367295255954	0.11437791148911083	0.18985566071832788	0.00430357530091397	0.40284428890113005	Inflamed
BS_H5VQJR7X	0.048590772771218226	0.14898761372352481	0.0	0.054391345875814345	0.03915470263138773	0.6277943430654732	0.001564359056609948	0.07951686287597191	Intermediate
BS_H97S5SQN	0.039937040508522516	0.13494949084812724	0.0	0.040344543941444905	0.0486309926558462	0.5877271489830349	0.0056308073917040735	0.14277997567131998	Intermediate
BS_H9JYKFTV	0.02353683647057536	0.20977482727840713	0.0	0.004496061039008357	0.06005537977790023	0.4750440585242428	0.004540617897269893	0.2225522190125962	Intermediate
BS_HDHXX8Q7	0.3107929914104444	0.032406978952166356	0.0	0.03679808476632393	0.004204076525365513	0.6086464226075476	0.0	0.007151445738152228	Intermediate
BS_HDPCQETG	0.022168575415721162	0.10940841668494834	0.023924628370404107	0.06491902244901847	0.03568105477085552	0.7218845223385835	0.0	0.022013779970468873	Inflamed
BS_HJRTC9JQ	0.023677896937768762	0.0904082854963767	0.012803655811971045	0.015034742987613904	0.05910716525213162	0.7557777397004678	0.0	0.0431905138136701	Inflamed
BS_HJV0J603	0.04360170562035549	0.1008338293510729	0.0	0.11165447177335197	0.1302408004299546	0.17687084001339956	0.003235655451340529	0.4335626973605249	Inflamed
BS_HRJ9145M	0.0	0.12295552894450783	0.008734115820233668	0.04643901536132021	0.026118588248504073	0.5548653930628927	0.0	0.24088735856254145	Inflamed
BS_HWGWYCY7	0.06746000824196037	0.05867665456817217	0.021349481341518973	0.042355731694167835	0.036021426988847464	0.7053633827882382	0.005448574940025926	0.06332473943706918	Inflamed
BS_HZ9AYDCQ	0.0	0.2883294618614284	0.0	0.012188384336129263	0.08559809488599701	0.5701895843596119	0.0031777348417686884	0.04051673971506486	Inflamed
BS_J4JY2F3H	0.19330515250007832	0.07576922952174056	0.029341543731186356	0.05332737140452271	0.011270305391213778	0.6283611449056314	0.0	0.0086252525456269	Inflamed
BS_J6212Y48	0.04671940366571611	0.19564205085361105	0.0	0.0036766933768331276	0.06801063452077347	0.598907946982771	0.0	0.08704327060029522	Intermediate
BS_J6W1RB7A	0.04106757415306643	0.009650037661671105	0.011051540898089346	0.008215940133318566	0.12107790450737389	0.6134090316355649	0.0	0.19552797101091568	Intermediate
BS_J9CBGP57	0.03281485529398775	0.08858270529455271	0.0	0.010413358795879565	0.0596989804216389	0.7246661737756293	0.0	0.08382392641831171	Intermediate
BS_JB43XBCQ	0.07661710895408383	0.07464555794247331	0.0	0.10201934238736474	0.047509421770028495	0.45628382999762607	0.002977312900570295	0.2399474260478532	Inflamed
BS_JDSNFYQ0	0.07125292750262699	0.09821754389096675	0.0019744043977996117	0.02330729381564837	0.014644473702706147	0.7561308055571618	0.0	0.034472551133090334	Inflamed
BS_JJVH7WR0	0.0	0.2130517711653667	0.0	0.006363422742707957	0.021142065806305267	0.32576995474975584	0.0011235295137273958	0.4325492560221369	Immune-desert
BS_JMD386Z2	0.044451538883271594	0.23985595887236238	0.0	0.003916936072880131	0.052039942040301344	0.5156930376257132	0.0012500943101176939	0.14279249219535367	Intermediate
BS_JP95KMRD	0.055659301582264974	0.10849810804268867	0.0	0.007380100736013042	0.03980196852265723	0.7210622226442391	0.01937456720941536	0.04822373126272146	Inflamed
BS_JQGJQ2QZ	0.03612465722947379	0.24279196987939675	0.0	0.03585893206348556	0.14613133750912044	0.4423069565729087	0.0	0.09678614674561471	Intermediate
BS_JQVAWTTM	0.0010121062714547506	0.1537710989971583	0.0	0.046498968573662355	0.08480609359999884	0.6198925451451227	0.0	0.09401918741260312	Intermediate
BS_JQXHHK0K	0.0052170064184840345	0.17468958385134908	0.0	0.04765727903800978	0.07631153273413799	0.625231584045351	0.014986871565594171	0.05590614234707413	Immune-desert
BS_JRYJGYC4	0.06262040854710728	0.10926443614383595	0.0	0.20801579197735978	0.0672581387436725	0.44633773222265416	0.0	0.1065034923653703	Intermediate
BS_JS95PE0J	0.0	0.0882793603904601	0.0	0.01973936271625877	0.0338978976409514	0.764503180368964	0.0012657808522530654	0.09231441803111286	Intermediate
BS_JTWNJ8T7	0.059561389662956175	0.1423375293255513	0.0	0.00603583148440475	0.07147952773013855	0.6289267459290504	0.018411294104176697	0.07324768176372196	Immune-desert
BS_JVW2JJ39	0.07926557256438792	0.16920750798564135	0.0	0.19763883884335462	0.10026080783558375	0.3750763297749578	0.0	0.0785509429960744	Immune-desert
BS_K0X3PZGN	0.019426893687473933	0.2444541266629535	0.0	0.022252098590190603	0.04349884361415356	0.5364867151945177	0.04096918852989382	0.09291213372081683	Inflamed
BS_K17VQECG	0.08379727200714113	0.154134122096051	0.0	0.02985153971563801	0.013787114537516706	0.6788410157619625	0.001481071123334811	0.03810786475835585	Inflamed
BS_K2PCC777	0.08335882685267144	0.15044932456764404	0.0	0.14128253156606843	0.067684821094111	0.43354757335882876	0.0083324069518597	0.11534451560881644	Inflamed
BS_K74N1BXQ	0.010652966258616415	0.13631387446730955	0.0	0.14988272225522142	0.025434955827359	0.6628052621682623	0.0	0.014910219023231292	Intermediate
BS_K81PZXP2	0.0	0.06467256222415704	0.0	0.017592161418863016	0.04181664605165348	0.5945670214772016	0.0	0.28135160882812466	Inflamed
BS_K88T8SW7	0.13873548154987908	0.20645294568853206	0.0	0.43838286576308155	0.027239187799672656	0.15820250828203875	0.0021016159719686144	0.02888539494482725	Inflamed
BS_KABQQA0T	0.035490843304694555	0.29613321927987274	0.02150603506041563	0.026367549273376957	0.18723661026010555	0.2316773283659895	0.0	0.20158841445554498	Immune-desert
BS_KBEX4RT2	0.0	0.046136071457963945	0.06416661294101592	0.02373803533514327	0.013330933349935502	0.690989208895132	0.0	0.16163913802080934	Intermediate
BS_KFD5128N	0.06641397148795489	0.1466790771957117	0.0	0.11672893490567171	0.11923279193265644	0.29905414588947854	0.008634462777885338	0.24325661581064142	Intermediate
BS_KKDTW11T	0.0	0.43360687086379895	0.0	0.11760132744878074	0.10729822640799767	0.09172552245542151	0.07640929565964026	0.1733587571643609	Immune-desert
BS_KP735TJ6	0.0	0.2162781830297347	0.0	0.06470925216776852	0.05491781060257935	0.46296340469966635	0.021655868556065487	0.17947548094418553	Immune-desert
BS_KQ6ZW085	0.08355921831305393	0.3653385819606595	0.002748822725275677	0.012116241545359781	0.06934736772710812	0.3377973309748537	0.0024048842973646897	0.12668755245632454	Intermediate
BS_KRS4EV4X	0.05371772294542297	0.18892758929348655	0.0	0.06747646699524691	0.05297271976733924	0.3337347429518196	0.007434659893061013	0.2957360981536239	Intermediate
BS_KS8HMGA6	0.05327849643552704	0.32234241433648103	0.0	0.021515038707023874	0.09690289948615703	0.4687942716235869	0.0	0.03716687941122396	Inflamed
BS_KVPWHDR4	0.022381899377844437	0.1613235896353552	0.003489808752419634	0.0017736767593200973	0.02516573951318207	0.7562719039338417	0.010830545751258386	0.018762836276778626	Intermediate
BS_M0FA190Y	0.024129238735925124	0.18826392111438495	0.0	0.018519562598315605	0.04500965282283336	0.36659167300186013	0.0	0.3574859517266809	Intermediate
BS_M0XGZ53Z	0.012760934792990659	0.06855643172824648	0.0	0.024037831015185817	0.09584973644461273	0.5514152981838226	0.03757380538468613	0.20980596245045574	Immune-desert
BS_M1PVEHCM	0.11381166313052023	0.08222369368159924	0.0	0.018668144309462988	0.022459602168108293	0.5059348771456997	0.009471525457718385	0.24743049410689125	Immune-desert
BS_M54TWTH4	0.0	0.12589862940049473	0.0	0.022136624917283153	0.0204371000968704	0.7186710531397783	0.0	0.11285659244557336	Intermediate
BS_M7XB258E	0.018283935860269784	0.14559131259133157	0.0	0.017845916554369387	0.09981065274083945	0.4497019854589276	0.009518273377363873	0.25924792341689823	Inflamed
BS_M85CXHDV	0.03198801126715466	0.05892637434457249	0.011182700393774026	0.024235707343204516	0.0026218853148482703	0.8185531848092443	0.0	0.05249213652720184	Inflamed
BS_MB7WN0ZB	0.05128878148988044	0.1774856429017003	0.0	0.08265273730277262	0.03570054733284671	0.6239714830369847	0.0	0.028900807935815412	Intermediate
BS_MD0937XT	0.01417223559662291	0.19401102169371892	0.0	0.027323226377354518	0.08063291288155523	0.5273711931838432	0.061904025163246376	0.09458538510365891	Immune-desert
BS_MDBT7S5Z	0.0	0.28076271498340444	0.0	0.00198113022797375	0.06747455668111865	0.5968016490903532	0.0	0.052979949017149995	Immune-desert
BS_ME6VQGG4	0.01683588899452613	0.34473425142066494	0.0	0.010636053213419271	0.1103492301163085	0.4617730386664974	0.004843427855753672	0.05082810973282989	Intermediate
BS_MFGZH8FK	0.041039767641463325	0.06960669565338765	0.0	0.08710949127695192	0.02315149517395106	0.5171843004606007	0.0	0.26190824979364535	Intermediate
BS_MG78HQDM	0.3300680803460597	0.1522664174679573	0.0	0.03796776043110914	0.14140194830256414	0.14886081218616998	0.03300357050699891	0.15643141075914077	Immune-desert
BS_MWWZBQ60	0.02122615118714288	0.07101188654734318	0.0	0.03339640431263169	0.04152492751859462	0.6629772822726981	0.0018929019521545343	0.16797044620943505	Intermediate
BS_N6TQBQ8M	0.14767580612018502	0.13276863989109328	0.0	0.009720263719816309	0.16658178763223982	0.486706458518513	0.004520242090757944	0.05202680202739463	Intermediate
BS_N7SW36FD	0.01085947838111325	0.0466622260708634	0.0	0.001602901388331383	0.03511623771457856	0.8562078723121842	0.0018264541359724784	0.04772482999695665	Inflamed
BS_N7VQ1GQB	0.044611278534538425	0.11858523687278957	0.0	0.011424529660526156	0.060288967520885396	0.7084582941395757	0.0	0.05663169327168468	Inflamed
BS_NB9XXBW6	0.011544101498356076	0.10770147109841956	0.0	0.04455991200358017	0.06501226240998234	0.5672819888158926	0.0	0.20390026417376916	Intermediate
BS_NEFAASTR	0.06765417657532814	0.18061815144089863	0.0	0.20653533374369482	0.027969848625596865	0.4909205467087495	0.0	0.026301942905731908	Inflamed
BS_NEVYM2FP	0.03373422042642677	0.18240156807589422	0.0	0.010763161288261847	0.07532322583366885	0.39388474520114586	0.0009943687898702823	0.3028987103847322	Intermediate
BS_NFKKDYSV	0.02982375799900925	0.18371196657415717	0.0	0.01707499091070343	0.06981692726498624	0.6144557923476701	0.000492330738546173	0.08462423416492769	Inflamed
BS_NGSG2KB6	0.035186614132211094	0.20254113403713894	0.010937307075109074	0.022990949803834843	0.1009351381067709	0.24071903499814584	0.008043939886139165	0.37864588196065024	Inflamed
BS_NNYXMSTX	0.0	0.05098360099624326	0.0038808430412688288	0.0011740430348345225	0.024930726198717848	0.9190307867289356	0.0	0.0	Inflamed
BS_NPA6CZQF	0.016703197071863744	0.23740483700242948	0.03327052801577682	0.018444285352400426	0.1468954295857644	0.41431977049937785	0.0	0.1329619524723871	Immune-desert
BS_NQ54ST98	0.19079741427828795	0.05219893397419627	0.0	0.0821570470679885	0.07893014053593413	0.5078332220188634	0.0	0.08808324212472976	Inflamed
BS_NR3P3GN2	0.031292299858863656	0.10702507018856505	0.004833451631158613	0.010937014328480066	0.04863590768247604	0.6938982610614756	0.002964290385331037	0.10041370486364992	Intermediate
BS_NX1R0BC3	0.007884719072468111	0.20240570349719134	0.002486441133044587	0.010615666486924498	0.07745163440582072	0.6742014379046493	0.0	0.02495439749990152	Inflamed
BS_P0QF87WC	0.025729013915376856	0.060098317091575315	0.016389806271521062	0.03932378516275348	0.07347889027601576	0.625238887059669	0.0	0.1597413002230885	Intermediate
BS_P4PMWFMV	0.0	0.25774921373459125	0.0	0.0047578146608107785	0.13016811163747555	0.5671628976941924	0.0	0.04016196227293013	Intermediate
BS_P7W3AYKV	0.2052024247020488	0.16069692814702183	0.0	0.19717149877779755	0.027093681377090607	0.3836550226268081	0.0	0.026180444369233242	Intermediate
BS_PENM28KT	0.0	0.07537688484222128	0.0	0.04454371348285866	0.05054165829344797	0.7941761296470586	0.0	0.035361613734413475	Intermediate
BS_PJC6FH4Y	0.024410789826903267	0.0694276262954572	0.0	0.03777845284333013	0.030125384420538692	0.7241568259668744	0.0	0.1141009206468962	Inflamed
BS_PS0P3QJ3	0.0	0.08929722693149694	0.007641792493966092	0.012514074868794123	0.016187424781342323	0.853504856098645	0.0	0.020854624825755484	Intermediate
BS_PXCPK5XS	0.06970652073127674	0.083956656894573	0.013707960818190734	0.01877909953723304	0.02352805124791416	0.7695374999307307	0.0	0.020784210840081644	Intermediate
BS_PZVHMSYN	0.12340606204708236	0.07722232149962556	0.0	0.20232524067734764	0.057679628753791096	0.4246270748180822	0.03424760235432553	0.08049206984974591	Intermediate
BS_Q06J3RYW	0.12577417987315895	0.1335023889085153	0.0	0.010750437595154065	0.04073444515273876	0.6353675135700496	0.005099223095166139	0.0487718118052173	Inflamed
BS_Q35GFYDR	0.1374052150477983	0.08346756503066613	0.0	0.21231790556144736	0.04950922536957311	0.3661474676819783	0.0	0.15115262130853688	Intermediate
BS_Q9N5PRD5	0.20227136224768522	0.12895040215669773	0.008822842041450675	0.010464227240267646	0.005151866606068771	0.3608168673908463	0.0	0.28352243231698376	Intermediate
BS_QB84TBA3	0.06717590806917427	0.2770535636557715	0.0	0.03510206003000091	0.015010411390383716	0.5540312942756501	0.0	0.05162676257901946	Immune-desert
BS_QGKEP3KB	0.056490074041632636	0.046381885510388375	0.030457861893416333	0.17696392146385992	0.0370593685843132	0.62012623939827	0.0	0.032520649108119304	Inflamed
BS_QH0VYVJK	0.0655182609237836	0.2331662134738769	0.04734343984832427	0.032438239128426194	0.12214182375549201	0.4556830758521609	0.004413777136014939	0.039295169881921194	Intermediate
BS_QHY302E8	0.02414189585076413	0.11150282523367148	0.0	0.012330810713740285	0.035850409337607816	0.6617126457271107	0.0	0.15446141313710554	Inflamed
BS_QMBS32Y2	0.1464143066623151	0.140188216637631	0.0	0.005248072931852525	0.012536700498955214	0.43041745031295947	0.002839372469671804	0.2623558804866148	Intermediate
BS_QNNX91SM	0.02409992782488112	0.2585522922630275	0.0021320943777037027	0.009918486992438812	0.12873796546542599	0.1946247601984461	0.00283493865003438	0.3790995342280423	Intermediate
BS_QY2G1JZJ	0.01261065597530407	0.24413976813015137	0.001251902041500883	0.015718695923269844	0.08979822911727964	0.4015433565935374	0.0	0.23493739221895688	Intermediate
BS_QYA4TQXX	0.0	0.1602912669419093	0.040104964800810855	0.04825151694656808	0.0683278226100506	0.36062044900886403	0.0	0.3224039796917971	Immune-desert
BS_R5JQE0VJ	0.05503273708741551	0.08051267200319474	0.0	0.06330283620127479	0.04624197666061796	0.4090728749236929	0.0	0.3458369031238042	Intermediate
BS_R5SNFB5B	0.1710661929249154	0.33990094436078006	0.014896074395403703	0.02097094632842941	0.07351760751518088	0.3408417217187639	0.0	0.03880651275652663	Immune-desert
BS_R9B92M75	0.026163008853686186	0.1424713981517412	0.0	0.06041859685847201	0.06522907119801327	0.30515004544478763	0.0004725664898161393	0.4000953130034835	Intermediate
BS_RHAWQJ48	0.11188986986464197	0.09368571939768786	0.0	0.18781639003863287	0.056859072168983636	0.5497489485300538	0.0	0.0	Inflamed
BS_RHM60031	0.04415100192763929	0.13241319969024787	0.01222368387733605	0.10404882862097839	0.1280014458102706	0.5088011466200093	0.0	0.07036069345351857	Intermediate
BS_RJC3WDD6	0.0013907087238543576	0.15975251194387236	0.0	0.1762388342720633	0.04424959310348789	0.5818107971455436	0.0033954428797773107	0.03316211193140124	Immune-desert
BS_RN0VAY51	0.02096577131785146	0.13166390189862875	0.0	0.04959421289431467	0.12989077660560222	0.5419606871862882	0.0	0.12592465009731466	Intermediate
BS_RX1YTZ7F	0.0866192361877575	0.1198727132010523	0.0	0.045857533969775724	0.1178544091365372	0.5655149562399704	0.00241286620407086	0.061868285060835894	Intermediate
BS_RZBFH1QF	0.025401673836534956	0.3699032154046561	0.0	0.002614614816259001	0.09715577868710848	0.23846032421865365	0.0	0.2664643930367878	Immune-desert
BS_S2TA8R29	0.0	0.22259912073014648	0.0	0.04664862729453148	0.09783481249826374	0.3765949956836486	0.02090541024797494	0.2354170335454347	Intermediate
BS_S3C2PZAH	0.022506811311985894	0.0858676186227751	0.04951337763694052	0.07478269665854098	0.0	0.6518017016491542	0.03341825001581942	0.08210954410478385	Intermediate
BS_S3MET0JZ	0.0896391853657617	0.1578822853690111	0.058474388092242216	0.25412336102970556	0.09455619642157922	0.25974633013559073	0.0	0.08557825358610961	Intermediate
BS_S4V9E1XJ	0.030463536309585575	0.07946206883358149	0.0	0.005573024893203012	0.054107590639991834	0.6338093731746717	0.0	0.19658440614896655	Inflamed
BS_S5P8VTN5	0.06510998084214191	0.08285011843525751	0.0	0.029493614149397204	0.03157161782045619	0.6204473157519054	0.0	0.17052735300084182	Intermediate
BS_S6B9DVNS	0.01550785966047653	0.4046806605509063	0.0	0.01986351852485715	0.06370521056398168	0.27137011982498194	0.0	0.22487263087479642	Immune-desert
BS_S6S7SK3P	0.016339135920419544	0.06281944592583807	0.008638565450217616	0.014892140440598008	0.043279229944637954	0.5450500777918531	0.0	0.30898140452643574	Immune-desert
BS_S8K878T3	0.146635993984518	0.27472445254478917	0.0	0.007692790566183355	0.024458267902242384	0.48214308168013786	0.0	0.06434541332212924	Inflamed
BS_SBMAM00V	0.04065161074892523	0.12930335360221049	0.0	0.05076029008317842	0.03472628111113615	0.6790622041233332	0.0	0.06549626033121665	Intermediate
BS_SBMCD7XZ	0.0	0.0628998159644619	0.0	0.006784030116021934	0.029285275371324346	0.8717129100372867	0.0	0.02931796851090516	Intermediate
BS_SD0EMK7Y	0.0	0.1294327951809371	0.0	0.05589606801813883	0.04405093169138621	0.4111712085728697	0.0	0.3594489965366682	Inflamed
BS_SD8YBRBR	0.0007947823784065129	0.13026181276475796	0.0	0.1681108804225506	0.04077222183883682	0.4159036519900423	0.0	0.24415665060540587	Immune-desert
BS_SERDGASJ	0.07762938968637005	0.19084862063396665	0.0	0.03163391128404465	0.09221114918609485	0.5935355317912994	0.0	0.014141397418224339	Inflamed
BS_SJVTZ5TH	0.09773464936111635	0.16949695862766562	0.043007983132707955	0.14375636532931624	0.13399426382492627	0.28801914396847217	0.0037783205482680624	0.12021231520752736	Intermediate
BS_SMWQR2F1	0.12166309297294335	0.13583824010793083	0.0025313799997805204	0.0455439943178395	0.038562336349616866	0.5372463459321745	0.0019452138170992068	0.11666939650261539	Intermediate
BS_SNVM7CZT	0.07138372487509441	0.2617134125362644	0.01642397531384381	0.04250179567883373	0.09851582025581965	0.4896616161166185	0.0	0.019799655223525517	Intermediate
BS_SR2RGDXJ	0.004141741987906602	0.06251097097741133	0.0	0.029849482235729898	0.049650059421646034	0.6966248112885676	0.0	0.1572229340887386	Intermediate
BS_SW9Z10F9	0.0015492341038682216	0.0700588106423281	0.0	0.009829300711250162	0.03235648833658586	0.7403146927924658	0.0	0.14589147341350184	Inflamed
BS_SY3J3XR9	0.029715978470639302	0.17669351543783257	0.0	0.021573285771300053	0.1126795118713449	0.4431369392347113	0.0	0.21620076921417186	Immune-desert
BS_T1YHK6B7	0.06608779707058547	0.2039660498119029	0.0	0.01569417401876104	0.12247140631885062	0.5433410306387529	0.023171916957280186	0.025267625183867094	Intermediate
BS_T2F48Z4E	0.16974040326215767	0.24101914064658847	0.00999386080455194	0.026494888239762402	0.022230003818173784	0.3596619744591034	0.0	0.1708597287696624	Inflamed
BS_T9A8JJW5	0.0	0.16096344980101002	0.021701781412833864	0.008281200597193509	0.11752476067853661	0.6457896979824662	0.010310940473926227	0.035428169054033586	Intermediate
BS_TASG32Z2	0.1647478049873091	0.04416422910138987	0.0	0.021229196662368315	0.10475416461766826	0.6544145941233637	0.005923607195417739	0.004766403312483197	Intermediate
BS_TGS109T3	0.03385370046384844	0.3170052064730581	0.008629172943188206	0.0034588591045877815	0.04988760845245034	0.31413623158208726	0.00919482424844683	0.26383439673233305	Immune-desert
BS_TM9MH0RP	0.06093160411304653	0.0823746013706394	0.0	0.037447912258746226	0.061037668985930174	0.6951433532275783	0.0	0.06306486004405933	Intermediate
BS_TR2P8KRF	0.03777710285218363	0.08407281958674023	0.0	0.016336261051889095	0.04373159992506832	0.5232453146679912	0.0	0.2948369019161275	Intermediate
BS_TRKH2SPE	0.023624251173332302	0.08262708450073425	0.0	0.11881909261713965	0.042411070512730235	0.7012421374034893	0.0	0.03127636379257425	Intermediate
BS_TRPXB3AV	0.0014831847759137747	0.029973338671652718	0.0	0.004482188109322105	0.014746699418898111	0.5139975397901733	0.005173116444116123	0.43014393278992386	Intermediate
BS_TTDNZTZ0	0.028268583704757398	0.07046873875599731	0.0	0.007637597570262391	0.0479130770455336	0.699581131013679	0.008967739946041582	0.13716313196372873	Inflamed
BS_TTE04ZP8	0.0022548362455980246	0.09169342897395372	0.0	0.1937412974582109	0.03003094105911461	0.6523166644281457	0.00411798923783825	0.02584484259713861	Inflamed
BS_TV5B86ZD	0.0	0.359535186017594	0.0	0.022714767267375018	0.12218721701455748	0.2680254727077344	0.0	0.22753735699273903	Immune-desert
BS_TVH33J9Q	0.05292022152568042	0.13627868018243092	0.024449750057247442	0.13880094839023033	0.04591252489776287	0.5325979715040233	0.003086638096199138	0.06595326534642561	Intermediate
BS_TXZ7KHTQ	0.025967408881397	0.24513743971014285	0.0008383657037713731	0.0010061059081753882	0.046495548797371944	0.29014061897786053	0.0	0.39041451202128086	Intermediate
BS_V0DQFC75	0.0	0.18186044284790898	0.0	0.033528420007611436	0.1526743906821877	0.5726007562470368	0.0	0.05933599021525524	Intermediate
BS_V3Z3DB4N	0.034312803562520366	0.17392232509204458	0.0	0.031866596326764036	0.07692381956275936	0.5516959354225537	0.00610660049638077	0.12517191953697718	Immune-desert
BS_V558NW3Q	0.019088555166987355	0.1649195153478225	0.0	0.0226109024387274	0.04525148834571759	0.6415808819554564	0.002896475916733416	0.1036521808285551	Inflamed
BS_V6RSB5HQ	0.08893323009276757	0.1295733679936684	0.03657253864193335	0.01358030270959432	0.049091598759113564	0.5134167988239005	0.006213446487194979	0.16261871649182746	Intermediate
BS_V8QWBVS3	0.09476219390453952	0.07211413007166304	0.03731000235032156	0.03077929329840441	0.09822120509029222	0.490268684481837	0.008998685106166731	0.16754580569677563	Inflamed
BS_VBMRQK4F	0.005737217235689715	0.6026560426579708	0.0	0.007700972208232344	0.07496193057180657	0.1890019771547334	0.0	0.11994186017156716	Intermediate
BS_VDFXXMEX	0.20709713791785317	0.15107905236985275	0.0	0.10822660568624454	0.01889709768529296	0.5147001063407566	0.0	0.0	Immune-desert
BS_VF3NVT4G	0.008351250950883985	0.14798695622873081	0.0	0.010520029036567798	0.10004593449415891	0.6372077691343496	0.0030585061238165233	0.09282955403149226	Inflamed
BS_VKH87DD2	0.08079068169224779	0.06570098627702901	0.0	0.05572938325334762	0.03255423252667985	0.7008526532613778	0.0029040296113760464	0.061468033377942044	Inflamed
BS_VKHJG2B8	0.050419708747683256	0.14301069729711577	0.00306419011994178	0.008270443967928556	0.10712459696879227	0.6778504721415302	0.0	0.010259890757008207	Intermediate
BS_VKYEM67A	0.0026539691289429322	0.08104813461307578	0.0	0.004590976879329212	0.034042998163134636	0.7580340366883327	0.0	0.1196298845271848	Inflamed
BS_VMQMGSJY	0.008095309394722002	0.08893130587635756	0.012128050096881756	0.006506819071238639	0.02362532351057923	0.7072260680959239	0.0	0.1534871239542969	Inflamed
BS_VVTHDRBD	0.050343311616017516	0.23944780900978177	0.0	0.005637213618545577	0.12677950264520937	0.4047398017891303	0.0	0.17305236132131552	Intermediate
BS_W1385R8Y	0.1450696369317212	0.2053000589058223	0.01075852162504632	0.03197523772467319	0.08365872597932707	0.4055363628544806	0.0	0.11770145597892931	Immune-desert
BS_W4DB5RP1	0.278701856979018	0.15270025654200103	0.0	0.010438555202154465	0.09539508126357775	0.34858948779107857	0.0	0.11417476222217023	Immune-desert
BS_W7MFJZ5A	0.017212559054341447	0.10572568157893843	0.0	0.0076655180762223	0.03734460287478469	0.6240292025587599	0.0047037903244528945	0.20331864553250037	Inflamed
BS_WBVSK3MP	0.0	0.33530589189235516	0.0	0.07587448182910525	0.11244142622523602	0.4184158227861791	0.006107571058474817	0.05185480620864967	Immune-desert
BS_WEKK6SHP	0.11533601974546057	0.0016576825476629948	0.0	0.1634711570596583	0.08408317463452074	0.3958657777245492	0.015980375255799466	0.22360581303234867	Intermediate
BS_WHBEXD5H	0.011425620481502384	0.060062804875259064	0.02596045448091981	0.0035357658513201357	0.033740228812166914	0.7167104661481586	0.0018874274735862853	0.14667723187708692	Inflamed
BS_WQ1YRTAT	0.09782244351683052	0.13492698509529372	0.0	0.0029589974532220806	0.05808244089371576	0.48451460396586543	0.024819139660857636	0.19687538941421495	Immune-desert
BS_WTJEDTZC	0.11732966347348354	0.026478565818398195	0.0	0.01275520158915577	0.06731900302001578	0.3745388178317737	0.024142837720635215	0.3774359105465379	Intermediate
BS_WVRX4C9Z	0.05316448040623851	0.14228567961449978	0.0020058513845538648	0.023298735595403606	0.07114458061366068	0.5619361691266789	0.0	0.14616450325896468	Inflamed
BS_X0XXN9BK	0.020606046192056183	0.1279362886106228	0.0038479498954408406	0.07402671790400034	0.04632276063624545	0.584905067246335	0.0	0.1423551695152993	Inflamed
BS_X1G0TKP4	0.040866960085723124	0.23604770972334604	0.0	0.005680078895285304	0.10089488566619693	0.5781696580947709	0.0	0.03834070753467767	Intermediate
BS_X20JCR4H	0.0838613156342058	0.06107290949056788	0.0	0.006498987754007011	0.011049279322735401	0.6590975721444011	0.0	0.17841993565408298	Inflamed
BS_X23724NJ	0.04321139820253447	0.1758801453752148	0.013208803752553549	0.019372300093061418	0.08338986723867457	0.6101159934307958	0.001628896720719117	0.0531925951864462	Intermediate
BS_X3HR4Z21	0.017453957483843572	0.08650232704932678	0.0	0.0019429084283994237	0.05831359501137747	0.7865082631988585	0.004830113237370297	0.04444883559082395	Intermediate
BS_X4DD4KSZ	0.03427929949037403	0.06343337513211711	0.0	0.017791669150616928	0.052839967548059724	0.6805995059105638	0.0	0.15105618276826832	Inflamed
BS_X4X1SFSE	0.01349797598254496	0.2124087103558582	0.002496129630944555	0.008986343576545304	0.10814559558169412	0.4213332667410682	0.006031744644922604	0.22710023348642194	Immune-desert
BS_XG0DBWVT	0.019757024934889237	0.12085399125607957	0.0	0.010444828510749706	0.07931753992869375	0.7349672913704497	0.0	0.034659323999138174	Immune-desert
BS_XGDPK33A	0.02486565998425172	0.16601881568867727	0.0	0.0025029711557885423	0.07174597819849549	0.4882180478540499	0.006346740351354645	0.24030178676738256	Intermediate
BS_XM1AHBDJ	0.08513054484008026	0.1124612752705609	0.005450958518009537	0.10328525750338961	0.07292303141333524	0.5884349695199722	0.0	0.032313962934652184	Immune-desert
BS_XQ5SFW35	0.03932918739686051	0.14704938744599005	0.006731826557464534	0.020453755162345315	0.04109056486783953	0.5594914634634672	0.00027844916877523885	0.18557536593725743	Intermediate
BS_XQXXBWPD	0.04449691144486335	0.1376789479756899	0.0033345048568742684	0.028220224266177877	0.07014627510485245	0.6276192272782998	0.0005408623598551261	0.08796304671338728	Inflamed
BS_XYVCMF4A	0.07242536407616362	0.055259185220701786	0.0	0.18118648898420914	0.009530157267509751	0.6313856628252263	0.0	0.050213141626189436	Intermediate
BS_XZM79E42	0.03525082409750749	0.11591534849892512	0.0	0.02490846474435239	0.08670031084905071	0.5896894591577213	0.005438332923915618	0.14209725972852738	Inflamed
BS_YA0KMBRT	0.0	0.3217858014286981	0.04474789307649666	0.07963873932707663	0.13253714317495804	0.3484059830202405	0.018544222602517438	0.0543402173700127	Intermediate
BS_YDEVMD24	0.01979713620131354	0.1743444139250437	0.0	0.0039996939525257765	0.07572720559824744	0.47669308772469154	0.0	0.249438462598178	Intermediate
BS_YMKQT5V0	0.02010779630510116	0.17765899175842165	0.0	0.12639926086510303	0.014867380185926161	0.6135974295748721	0.0	0.0473691413105759	Inflamed
BS_YR12D1ZY	0.022124482951282286	0.09706102381822698	0.0	0.04721008658443368	0.04070745331254208	0.6003874767825883	0.0	0.19250947655092668	Inflamed
BS_YSZRQ95C	0.02313998540403166	0.07978336215954426	0.0	0.08917290116634884	0.03726182115076981	0.4613333988932723	0.0	0.3093085312260332	Intermediate
BS_YTWEM5SG	0.0012243210287369074	0.08583207230202293	0.0	0.01420386414803917	0.04172193471754436	0.8080027746927902	0.0	0.04901503311086638	Inflamed
BS_YZ2QFDAN	0.016146285952665648	0.03471283500109317	0.0	0.0072433113298332975	0.08513131669651204	0.6137978885063766	0.10077649580962936	0.14219186670388984	Intermediate
BS_Z0ZPD9S9	0.0195821189664195	0.1449856034709555	0.0052140444075311375	0.02380013327708362	0.08088169902730286	0.6683758013383745	1.3764680018754049e-05	0.05714683483231428	Inflamed
BS_Z3RCA1T9	0.013191080188317553	0.14610494026723542	0.0	0.002917458806300682	0.06225688933081611	0.5730401682325084	0.00024108821720962497	0.20224837495761228	Intermediate
BS_Z8F3GM85	0.0	0.03696207321134074	0.0	0.007820665191077884	0.021824061980951017	0.8869285089268013	0.0	0.046464690689829	Inflamed
BS_ZD5HN296	0.05508435377974488	0.16591782848381154	0.0	0.03744007246694028	0.08700732356200067	0.40334334205129985	0.002278303233022589	0.24892877642318004	Inflamed
BS_ZF6BSFNF	0.026400024693805136	0.15308905653315003	0.0	0.025413165960431326	0.061059465763065125	0.6376837288789612	0.004473831526371262	0.09188072664421586	Intermediate
BS_ZM97KKXE	0.08777446790964728	0.0548971081694483	0.0	0.012980951486956894	0.059356890337308836	0.7410674111265829	0.0	0.043923170970055866	Inflamed
BS_ZV1P6W9C	0.029883869083986107	0.3169254071654029	0.007583416185239605	0.006984523472742286	0.14542773587544325	0.36183630084562435	0.00010892236349340951	0.1312498250080681	Immune-desert
BS_ZVM8CAB0	0.07119414587075025	0.12393789034046368	0.0	0.005427139794014707	0.0891359970115008	0.6214871515699018	0.04862917918918908	0.040188496224179776	Inflamed
BS_ZZWMD6FA	0.07829987771694422	0.19905967510553896	0.0030931462597014606	0.04111542805688409	0.08634721138868998	0.568467704330678	0.0021428336032233933	0.021474123538339922	Inflamed
