TIS	Bagaev_Effector_cells	Bagaev_Checkpoint_inhibitor	Bagaev_TAMs
0.002728063800684404	0.0013627273836021466	0.04072413491952212	0.006752867451690391
0.010950964742417727	0.017607903484844933	0.12322801669880444	0.011817902179690051
0.004943528620607945	0.04054602435478814	0.06497583977130916	0.03889071964254529
0.03421819800294916	0.0032019027913621273	0.11641222540869475	0.009199266976962772
0.005673118220159573	0.018130879630155975	0.03339266166455471	0.014690869514615897
0.016993536617159116	0.02765080608877719	0.04501374948652738	0.02146047527124548
0.012579404762926766	0.006234043810191761	0.0077625088372564495	0.05964694820584588
0.016766787860875626	0.010649121625105229	0.03650562667438013	0.03701263802526856
0.017387195098858894	0.017883626279231006	0.13604578349124793	0.02510258608742723
0.0043575071864715926	0.01881311037052511	0.03280643043895058	0.05083375202568793
0.034908354056104374	0.0048886971171596865	0.02697734089000164	0.022162086286393323
0.04325746062086083	0.07373307090601659	0.11507456373511586	0.04706647608142351
0.0026164700636093037	0.00924437951969631	0.07037990683214733	0.012386262507995356
0.019057510322026672	0.03299824894189799	0.03115596900026752	0.010679318711727214
0.0031754388886699805	0.015855343960345634	0.11494657823734046	0.009943457225511359
0.01821042583988957	0.02234584568612883	0.04484412240242652	0.030117746473289547
0.005925131255535173	0.034844556393392706	0.07116314813588717	0.028017371184909417
0.005248088889606886	0.027656049458889657	0.029261622772370707	0.06660199729269176
0.008933081937955748	0.009502310129221194	0.019119282320890916	0.007021770532577892
0.0007206252918925034	0.008281706442648383	0.013087740429682942	0.04028493353713692
0.003001699507736598	0.03792682648743621	0.05862725534085082	0.010131196319442473
0.007006922818470605	0.03640549150427604	0.010194905260576575	0.011569801788600398
0.08393383793645073	0.04809997431300918	0.02301105890209211	0.0373195313686294
0.0670715760693902	0.04948909281816991	0.030580373591653557	0.016527029978761196
0.01257731819112541	0.026961551021255217	0.03092835460797846	0.00902206435214962
0.0007563090434854648	0.015189609153543645	0.0523469847692312	0.009225853279259724
0.00856288927354573	0.012688329486707077	0.0275109385208583	0.010161495557848396
0.00465691454427961	0.06081412008250109	0.05171280023514548	0.027098568914040416
0.04369813602270598	0.06747321298435963	0.010336633055250509	0.0038175336935431293
0.008949673863378534	0.021269024509804453	0.01576733308081178	0.008228989065913399
0.008985841824084156	0.01058726908689741	0.10289208131251042	0.02359202636925746
0.012166074297698537	0.009543537081019654	0.04532299768014828	0.017212584074995867
0.02993789641719486	0.005559020951449768	0.11149428078794626	0.008706224156270481
0.03537060895511045	0.017291805655246698	0.06705420662477604	0.03046417355709344
0.04064382484797782	0.025645296919687643	0.055453197151410984	0.007102158204445729
0.003118710346563838	0.009955611267087114	0.021187649712935637	0.047876938406436295
0.220656220158035	0.036514617251760285	0.031589390415154406	0.048720800476599824
0.007762974620551313	0.022209792523742052	0.016902661839897925	0.026764887398529558
0.008670570383328118	0.0076652041298873015	0.013192540909146669	0.01460691949236469
0.0063721418791936645	0.038508788945145846	0.011212813960434956	0.047876938406436295
0.007394872640903704	0.015311765567682666	0.09133206062631292	0.021685762129209075
0.022568661166375237	0.03156998065416437	0.028776324479238186	0.025635505752140225
0.0062343019895419105	0.04716858063973869	0.012136047518542838	0.030191827860750756
0.0128046244388548	0.0014189870067768332	0.005773311310928749	0.013484669853303769
0.002187284887540601	0.006815327441587567	0.05458304398357988	0.0111961509932754
0.0036208690312693964	0.030435063883366347	0.05199171397431905	0.010813228367414982
0.01238117038725197	0.007505335654629128	0.02380409877811773	0.07400217806427821
0.006067057635312821	0.012931113091083064	0.044702716287922786	0.03441222098654644
0.11281861020140022	0.041717881008830886	0.0900903291053565	0.02111341869603273
0.10695786241982283	0.04867736618570394	0.022214252549052557	0.030053268444371846
0.0026206186498818986	0.00799935899517617	0.02722021214300151	0.013529766057384183
0.08443284742592966	0.029283984635409165	0.05235006925618181	0.1138269387797918
0.0040379875807350215	0.036280955711825415	0.016116333701617445	0.0506009413321692
0.013653268217868775	0.02429874507646536	0.07740439946801211	0.01346453957705887
0.03227941992090301	0.03172247853128382	0.04250117640573981	0.007148820642679302
0.03497521879397686	0.01045452013860588	0.03669680735388765	0.06476685205408775
0.03537060895511045	0.017506379297520656	0.03692255102878795	0.01892668934010969
0.0223716905387912	0.01967242121726116	0.0076636427883122965	0.011840158014995565
0.05555452357362977	0.006178408813109024	0.09319895642545539	0.07692668702887771
0.006477539222595123	0.025197515791564207	0.06305550008499908	0.013621966987818724
0.0008186976885061673	0.024629139615466526	0.04065445910483708	0.0235186405621041
0.00810024163900839	0.02308751626011985	0.02859677569658774	0.02038183463315446
0.018058703529319483	0.07599379119373849	0.03140533590933751	0.05517661925858105
0.001127985135016465	0.008325681050528689	0.0268785244707991	0.05134414556415598
0.08829821206992372	0.03305720791823575	0.02171581475060874	0.023111070615635984
0.002118236723905949	0.02439723700531506	0.12417250062603098	0.024598142522508477
0.03897494719009811	0.013060206106770743	0.14886409025710245	0.026899253163829153
0.050941606528513234	0.021375048691624123	0.04463403372294557	0.045982591327856065
0.0004152731676041519	0.005578182252934643	0.03213935186418739	0.039460034287561646
0.06004747765743839	0.020925128327091588	0.048090563504853745	0.030629523496651344
0.009838114509854421	0.037982979337301895	0.005165674892779635	0.06241895721243323
0.013650626980211923	0.018880594529464174	0.024655385809210454	0.04553774569742434
0.006644938825938985	0.013644945994930139	0.043508742846953795	0.029628989616667673
0.005841129418737123	0.008432723562091595	0.11927150544949418	0.01839271329000409
0.0021705738006658148	0.02662910010453114	0.006977492616891765	0.01683802822820858
0.06742265271679422	0.051316291777237906	0.007001008835009753	0.009789693073692643
0.012227318451221797	0.04320893826016567	0.03140205645208877	0.018629592112199167
0.06841144459003601	0.029276713282357175	0.05435356834636826	0.02526806965285808
0.001993776850190113	0.0026345590400076273	0.03884394369171186	0.03014762425305763
0.008315668050826872	0.007604136227394079	0.0391486787410663	0.024320497797583423
0.1266940196884409	0.008854692694055625	0.12517178847453247	0.008453020322608416
0.00783892355806759	0.04289932131700091	0.04681786893130374	0.047314964703253186
0.0018537864202814902	0.010602912271916193	0.09102088365713504	0.025646861922999184
0.0010278661415061992	0.00870764529058822	0.029673422474929607	0.023924285299015646
0.006527327778287204	0.015550668849059245	0.06279539286581008	0.010328635163999518
0.05555452357362977	0.0023914774602696366	0.04677722351626765	0.009625406166653175
0.013347348021771946	0.03461718837602099	0.16383585676927478	0.01356771058003027
0.03637448191278593	0.009369168794013942	0.056296592163095696	0.003658117481296715
0.004539789320835646	0.020455309187183614	0.017018149690910422	0.023043368519115738
0.009008672171588614	0.020203332939738677	0.050451621709357686	0.019930211325606174
0.021016404937312952	0.019005923323971264	0.025367324132678816	0.033411876977147974
0.011268209772412226	0.004310762551218657	0.01616757065000756	0.02781925766098661
0.008516276103136983	0.02645042935719392	0.11073961187890038	0.008752338777472758
0.03483388984460072	0.005028043236671375	0.02524861850441106	0.015601886349662026
0.09225048651550395	0.027334817266086116	0.06054238835380534	0.024285644222777247
0.00783892355806759	0.07644958590263559	0.1672043900140007	0.050749575433659044
0.0052868331789498145	0.010850464606078566	0.10023631285223993	0.050064131268226245
0.005589081864271035	0.015164836585798673	0.0580247340739851	0.08424071346714222
0.009291850910957989	0.00888388754993892	0.0028753454999704358	0.0034180623411680733
0.03723371061498142	0.015584981653503197	0.025180610084708305	0.02800950880259798
0.016368260393925388	0.013644945994930139	0.037547447481193236	0.04338021382405998
0.045229714891513555	0.01290850030085322	0.01441816670186311	0.06605810113973902
0.00851595963491988	0.026280589703895924	0.07648881254594402	0.009115924392983223
0.043412041023312566	0.02402315479695654	0.028955972902917067	0.026521691351441324
0.0075454830718208405	0.01289036965274939	0.049860054702473004	0.021124888121195416
0.028218608749020418	0.029490641240917125	0.04216660552260346	0.017061603188049362
0.09644946264494132	0.03478005067632839	0.05780579696207931	0.0170863669742535
0.004408937588374595	0.02430377783475556	0.027162280087735132	0.01863317073296518
0.026256923461208385	0.009114627301840294	0.08005756042449606	0.03329490328398061
0.09486014100666197	0.03064177921382542	0.0483816064679864	0.02755149546596462
0.0070036985718128645	0.017047792936631233	0.06219215103536058	0.010388839911757479
0.0036062774733249727	0.005851037066592897	0.06575394995432243	0.01907408552377489
0.034908354056104374	0.0064287924308996025	0.08871047975989255	0.026101388124655442
0.13849616736283824	0.03326872109149235	0.005943813349643475	0.024131288458831886
0.014121733415880843	0.04023583721473829	0.06219215103536058	0.02280034385061619
0.04813718134334286	0.01004212993469988	0.05679828456190205	0.01171444424033482
0.019184597779167614	0.0451386052923636	0.05222534600163548	0.03137981090753341
0.0034272459434840116	0.003909678385812631	0.025411152040444345	0.01473604851890017
0.03582614949995498	0.012286344542035543	0.10163113987635392	0.018847172086982396
0.001048851800183251	0.04189931266972888	0.03872442332320416	0.04626272366450963
0.02673815029744235	0.0033772114293210437	0.06217556710211531	0.012292556061837054
0.006853417666739493	0.018771007344094728	0.12773998500878272	0.037697670193256906
0.04164132272943973	0.006535253206513501	0.03652137742556734	0.026108351057409614
0.042706488527119085	0.005943903401575258	0.06104113997182449	0.03699548678429163
0.11195991645484381	0.0070141700591896386	0.1275203419523234	0.018487818932701156
0.006469093054080815	0.016669132956126532	0.06479981734151108	0.015947683752530434
0.06448154811040167	0.021357434873699743	0.012014972871572313	0.021683107785301647
0.010043038026359356	0.003100854882831084	0.09285011633751131	0.03195061622207015
0.007342373702205563	0.007531527535628102	0.10124670188664714	0.03699548678429163
0.005838857185606073	0.0035701823202835595	0.06141014313657588	0.009113534151362377
0.009873886506822555	0.04263365771515406	0.04935470986696031	0.016933467795174923
0.015153484542753717	0.006007491781191776	0.06505344983338052	0.020530356599975666
0.03881420656990688	0.0029117293844760504	0.03989768001515615	0.022980060466571053
0.007678171021326493	0.010154961106291008	0.06305510856755492	0.08630770407273967
0.00540635906570329	0.0034299822791223292	0.05352385530708892	0.02162182818640873
0.01305598582006795	0.02533743883471913	0.025940975638724214	0.018592330170305583
0.0023171001799471413	0.01566456238885783	0.005581813416360063	0.01045438073739252
0.004146621579538924	0.022874398583158102	0.11680926986719473	0.008329536016469168
0.023007685259599404	0.020530779261720044	0.1161134306934613	0.017518236347899223
0.007080333151361914	0.011235150115468676	0.029011315688363057	0.006797014561602657
0.02759267476915912	0.02057876133757341	0.058573471383581266	0.0061852809109295415
0.028646862356629832	0.0074101410322563385	0.029823977841862807	0.0068651201242513225
0.010950964742417727	0.011606164617205357	0.03788477322542178	0.03303233840212512
0.022520220353123784	0.008451866079830611	0.012391741330777995	0.004924311265845855
0.007733072362510448	0.00995985452842164	0.08535835886311845	0.01317828739362593
0.04581085078868683	0.004403750435899205	0.1754353118740109	0.017444742446255632
0.07485640414838632	0.049292367611502345	0.01996081316864501	0.040615425799435
0.009600342171552196	0.02051506981748519	0.02136848439613768	0.021837078231260038
0.010246124737035421	0.01271321342341403	0.009153471136101004	0.006479389039992879
0.0019728326040524854	0.026230947279644548	0.08830906698503817	0.02946116316614094
0.04192792479773347	0.008459782379200519	0.11584639954902236	0.013353598728134727
0.003807548100361135	0.00950381987253509	0.014768492000155476	0.06040983686108114
0.03794113456991991	0.008289883528336817	0.04314789495652616	0.011273154546779358
0.029443948474946195	0.01587174047472972	0.01859446700239062	0.015120760730494714
0.0031565693743942857	0.00942283414351002	0.05951543609685208	0.03030336711173232
0.03252794042518129	0.028190162898108023	0.04022375521034506	0.03343896622726538
0.0011421420691324852	0.016389374489893596	0.055660936884168156	0.01226570180544708
0.005576119656216907	0.019317908464147705	0.15093744377251295	0.02695274258357518
0.008180432619333848	0.007584181167684062	0.04918911001193695	0.0144445598554953
0.0001945495555877361	0.010804175119122286	0.032045927301476436	0.07840001987626037
0.0043475982848430635	0.033704298961408856	0.028944018969964007	0.018640355202293426
0.05786153942892795	0.0064553051256030225	0.023948488327093898	0.02371531871875748
0.04909654635024332	0.008513714126055243	0.03279756831823191	0.023098314112487212
0.0011976083785516397	0.008421581897650679	0.06330683849668127	0.02924390258929956
0.07330267807449853	0.018552381755002144	0.008175081011810434	0.03294460086506425
0.02779568729257206	0.016191828433549847	0.00953795433028957	0.05234156821036194
0.24100112404700627	0.01443486232061827	0.08084211975991884	0.02016476329330797
0.009813011802165874	0.015325489630359292	0.08853612710899166	0.021615143872725142
0.0047284118015368855	0.023524119693423433	0.029187950890244597	0.0025409733653633903
0.01210480120581508	0.042482085719882566	0.013107820235262434	0.010303510228132006
0.016675132483194407	0.04901168166242355	0.063953575649089	0.03324996291434341
0.006469093054080815	0.0026717028724938417	0.023460108279968132	0.017664791951176748
0.005330959471363986	0.025304932713769674	0.06100573964880504	0.007016666927613088
0.052897026300694296	0.01953027118471129	0.1078365015681683	0.03320601296300574
0.057457713090439774	0.04646941588143765	0.047945668414603876	0.010928920303546344
0.03071374755300804	0.04769371379623154	0.06230766817396588	0.018749490875787474
0.021436195222516323	0.028505747251091097	0.028905665013352712	0.009584545295065472
0.009517841525361802	0.04142364862870796	0.10750685743631444	0.010293775529225358
0.011149294560897244	0.028585041798519315	0.03845874580584151	0.07047844928556525
0.0012778314875262022	0.009660964101095248	0.064208234785917	0.0008389292756064673
0.035234431359925315	0.027052509531228734	0.01809842074632243	0.044042557497354806
0.002268924648618828	0.019508737665766402	0.01403659465362857	0.03328559633786468
0.0175625004830894	0.05825974858506645	0.08485418243353675	0.006152656466841699
0.0012835547794925362	0.018144344530270206	0.0168409650866023	0.01186060479023911
0.017550169876806937	0.011488505188411062	0.02954738188627375	0.06991966629347425
0.013605082918429734	0.020657657134394186	0.008511848308540945	0.024522881646865884
0.03960402496420077	0.031203846889992212	0.020250917671866413	0.07999925116718197
0.10601751981432861	0.04101887951079948	0.05790779679136675	0.014044871082536143
0.009008672171588614	0.0022912651597481923	0.0638902405779921	0.035128089337560876
0.03752594467803358	0.008039766800932092	0.08132125128775232	0.025748952335397784
0.00537199403380848	0.011702024099591722	0.013837265489504017	0.035053507522449394
0.00914339219321843	0.004114286761277873	0.12552818484070086	0.036518164144139165
0.005634355244490682	0.015133400078333654	0.05843024527338595	0.04338885134886006
0.015874077536611107	0.055695679970028084	0.026333465791670885	0.021912486856816037
0.0026508492994178515	0.019665588111294506	0.02599840626305751	0.028120724864607864
0.004200663167701701	0.028324883486648893	0.010854049097862252	0.01433831679482493
0.014769412699568989	0.015189609153543645	0.1423622053962461	0.014623919692304106
0.06951952328815106	0.01569095429438683	0.0629384109879073	0.01403860979790414
0.024674171013033784	0.02949947338173866	0.011981976968734799	0.02216777545086723
0.015177959609877584	0.017897010473172725	0.030962323336190336	0.061188702068174186
0.017099231050692762	0.03866086710493641	0.04433949233147581	0.021755413418280106
0.046229699329085175	0.011599662422990327	0.10253574765944205	0.011182691151815404
0.005400740457078792	0.004265006357786086	0.03827063570575144	0.08639861318317345
0.001980430105402918	0.02989874373077348	0.08030843316964004	0.05740634060294805
0.010717913332378884	0.05048253963410142	0.010794578257507629	0.04403893082487793
0.009417769547151521	0.04007448211711389	0.042962493550726996	0.027943037293536022
0.04012579087667991	0.019155669791245153	0.07598111096153873	0.01674703299416272
0.011773887966478677	0.021952321723755015	0.06045326065517892	0.032523168499933114
0.010704349909814042	0.025099607856579567	0.008951695365904958	0.016528926441985187
0.026256923461208385	0.016540000516286315	0.047134296677399275	0.01731074941220422
0.021378390117685768	0.023434111324053243	0.029807507894553425	0.004363247966340494
0.023946252968191865	0.015077130376033263	0.008214252645826581	0.014558259602139093
0.007047424412315332	0.017378605869472406	0.08857381866872882	0.04300416512059849
0.01394237374056232	0.01194175718521324	0.029121390555118403	0.004621606522766317
0.011645155907095486	0.02054899746159859	0.018727878776948585	0.02719055775553023
0.03497521879397686	0.01954148522332189	0.05714835336538216	0.03607074243758957
0.02117025479042205	0.020705061823058667	0.11756800666258672	0.049693206559600994
0.03049165001732894	0.019965097729742656	0.010202892665048445	0.050024394032359906
0.01913492163349044	0.02447385817674122	0.07523872165068245	0.01001847208513265
0.038136106719303564	0.007259637886511153	0.07791692939238745	0.015907202782886553
0.014632069637294727	0.007319319097278617	0.057186323103662416	0.03428932507710185
0.0160069031017975	0.015775290426057863	0.043546006193492255	0.0682658721817816
0.09240935580253155	0.02603278145389707	0.06606390884335225	0.026222871534465095
0.0031754388886699805	0.02964117382710185	0.045401411906715684	0.07082118151840347
0.005587744367413417	0.009795112666975402	0.04923622009122715	0.0576315563512463
0.0023241819898004155	0.01956062654809935	0.1111438555728891	0.07113160870439487
0.04361700967366012	0.021186003184105608	0.011494112871618533	0.07947961708156244
0.016112191893638956	0.004175074555433548	0.16732517484887632	0.002879412418472468
0.0037797732010539198	0.006081075817689748	0.04030882713500554	0.02376652558054673
0.019419440615556293	0.04155404330283308	0.086272776654228	0.030149887481744006
0.01486107487868903	0.004866554795890303	0.03693056729469118	0.029587494564826292
0.005000402437064201	0.024940114617488764	0.09341752069574871	0.029754318788023506
0.08851685704745936	0.047062368148032	0.0510777105002293	0.01610014770256368
0.08090634697355147	0.04322373312083585	0.09086473540619816	0.02606995257332425
0.016290468210017835	0.01170600119245682	0.08098700344391431	0.024474436893137684
0.003278087302880683	0.015235991434305606	0.07524320176024621	0.012156585742644273
0.004389387751335517	0.01210351170167628	0.013036165305132828	0.020157082761989256
0.019575417331258883	0.011916441166478846	0.09648543938251784	0.03543625283436412
0.0007595880009608723	0.014780273593477968	0.016019535877408397	0.010543221905588733
0.021907314764296665	0.02413881206806913	0.0768286923891953	0.06019943944359695
0.03885192642482626	0.03270569303659906	0.07492192023412646	0.015843518519931397
0.010712541208715565	0.007091177502497306	0.07049180959401694	0.006383911490123682
0.02400163198785691	0.017483267286314354	0.02784516173788778	0.02436733737709035
0.020953761440255052	0.015164836585798673	0.06134966096635797	0.03621200465522789
0.02124736901520314	0.014588550261138976	0.040514214208223216	0.05214979697266095
0.0044715540016664985	0.04552096518151805	0.026368397609100563	0.028325594688373437
0.006517828389482139	0.041129552256538825	0.12926273106979558	0.018076702649564905
0.0995172290693302	0.027759849427150502	0.07227583035390654	0.048186239326991204
0.003009684675009514	0.018091052908681658	0.09198078353010183	0.022284133180496938
0.010873945169659246	0.022548333997724716	0.02295613967407054	0.025614086152559497
0.008777645269533944	0.015569374350046369	0.08917949986608956	0.013457471761515516
0.035658903841866194	0.02161742664441207	0.06219215103536058	0.08653668109275446
0.028234406900615707	0.018936077784938457	0.03271791765418059	0.029587494564826292
0.01436932513938758	0.027185042914681778	0.07393416364200915	0.04415623849034402
0.007604864115309559	0.02454247476752568	0.02221903480742033	0.026789887435721065
0.027245959450714508	0.004801168958927077	0.023624475390149183	0.017370195274834514
0.008644297360856914	0.028769329177771648	0.06993917122480979	0.007021457365932832
0.022801382102351237	0.002495268584302634	0.08105281641199832	0.0028902442962283705
0.006082395235001089	0.0032719612907100354	0.040940455794548546	0.009493421197042464
0.015094365129392587	0.021956990181999293	0.08340723841861951	0.01733424631646793
0.01638600003682695	0.012201862431380309	0.10639625259086813	0.08597467640625847
0.04237311099015507	0.009074763846569323	0.058715935637681155	0.03855833129268978
0.017628141645260564	0.02299293202308967	0.060239353988261295	0.07113160870439487
0.01259716194816035	0.013569347745516335	0.04609435237676596	0.026547319898380148
0.029495322761672573	0.032965303126936546	0.053005965377276025	0.004154768580523738
0.10014330745108492	0.0012030426111008783	0.011141943984236772	0.01720139698949537
0.03314312090716782	0.03118025684073335	0.08665083047785302	0.021274517679262302
0.0010420440818836919	0.04105713873171695	0.02215870149372735	0.01298986182395176
0.005009017019565646	0.029284379113876106	0.022246543274673382	0.026012174467925656
0.11582766745589489	0.005157903273535673	0.09384122455124527	0.04953233999407607
0.0028409921295567244	0.03138896379988387	0.10777823410677352	0.013536465523384058
0.035770186734302906	0.009533714444164102	0.009361168167563211	0.07146299650475275
0.003180437181390834	0.047588234048984795	0.09391118898538406	0.04272434039807621
0.1795351974648694	0.02234751185376262	0.09952075543197265	0.008527409153161709
0.0023191707534276768	0.0216632724645732	0.0201862902775695	0.033974166705161124
0.03400397986659458	0.026165407588123815	0.024922513096803	0.03820251355459149
0.022453131999463506	0.024819758897790905	0.2001088207711146	0.02752923004923958
0.0034873869818523185	0.014062306921216258	0.07767265857176708	0.008944156834812889
0.008168976426421809	0.011575746461994193	0.07984040317911544	0.039996328940335286
0.0015929886591032523	0.01631771143079525	0.025959076528263174	0.004982714572000306
0.007443331514110189	0.014062958221787035	0.062416150127223846	0.09345565542613918
0.03960402496420077	0.028729427661250563	0.0332945324227551	0.01604903998966664
0.019237038121909758	0.015052948171621531	0.013159749827929	0.00421795496718565
0.0011976083785516397	0.010475268889029329	0.03592329356147748	0.09491318744509047
0.00410842417575628	0.04210342503364869	0.04290095979195906	0.012396646303631317
0.006261168769227799	0.011532349964754518	0.08264828377424283	0.01063329763935933
0.035497147228591285	0.022284283532513712	0.02680487658395079	0.0574748415926605
0.005475959113599889	0.018275646900012633	0.024350484897186806	0.028224941293333482
0.002207212666810816	0.05010445329270916	0.04484629176054854	0.050412421289462224
0.17446727141226495	0.026280589703895924	0.11946969684266769	0.0046143132273870555
0.008123324375928899	0.01844081136562009	0.15499916857145613	0.011382544652283276
0.004028394539042275	0.059527418227835346	0.04146428156048975	0.0028920771894453893
0.0061303349371897445	0.030857228868501698	0.09788369032453513	0.036685186044881
0.040426124562156836	0.05010425238140639	0.07385077926978902	0.046437913596291035
0.0019372170849261611	0.013522640283590136	0.14965306194959532	0.016634472382598266
0.035374799308368864	0.008247996947702282	0.04322043393442193	0.07624608847488157
0.00420577733327418	0.03396019518764068	0.01905566148349132	0.05620507926088489
0.010426409356984632	0.0013978577475521217	0.03163921304980802	0.010766321029087634
0.004880318302728991	0.02782643938427918	0.041050159630660284	0.02445937771263548
0.007706950055179521	0.03979473368842195	0.05141734778607939	0.008373913407445746
0.003029737670780895	0.014336122991253761	0.031322401672918145	0.03789766008105432
0.015726849237200587	0.01081875320206601	0.009621262530371303	0.005880386947296606
0.08623482993955578	0.00965348403812318	0.02975810529308588	0.0702623517917332
0.006373622012004978	0.019174377925330763	0.053843098595882384	0.031746316296129486
0.03280340052049797	0.03272509315334026	0.01697150473732609	0.009633136377878207
0.001872040641390195	0.0329648156578875	0.05925120334224345	0.02876245124986138
0.030693939943100372	0.03174301208086966	0.03132227243324967	0.01568389148986245
0.07709567039722215	0.014762555871451134	0.006853808003764878	0.014356164703585191
0.025426752211679324	0.031161395718972848	0.025439696823341008	0.02698212835472963
0.012397274022263356	0.017453326861258507	0.009942142538590866	0.02242953592936931
0.003316801197753894	0.047664681888419644	0.016508209064920287	0.06560715459390519
0.012897875884491454	0.03127028371464746	0.020662808939287337	0.02625405495198563
0.017588417724584044	0.023283877294024317	0.06597184925550427	0.010335953684179895
0.007427655945551981	0.017164895563951635	0.009545467353225673	0.0601949975388318
0.028745058909333304	0.011302959468395787	0.02037954368032131	0.019485186726478324
0.015261626047534609	0.022953968528862976	0.07483984830531117	0.04995706809387467
0.013488480385965236	0.007899940655339534	0.08076521369427898	0.07911802144626068
0.009730965707998454	0.03094439491031155	0.05773183753556284	0.03684004462666896
0.012891272117653948	0.014872795764727872	0.0861520393738502	0.012235339395582797
0.0450563843570145	0.03841161679923075	0.0680596712735797	0.012047635592812647
0.005643485473018603	0.039042363099473364	0.042921470412794954	0.008500505334296558
0.002691838353606088	0.016324165762384695	0.10353569728151656	0.0007342838914973006
0.048433318406724574	0.007683541273409676	0.017457574346260128	0.018829280631426856
0.009395529187022942	0.06341836653328946	0.007400710200389394	0.007269582978320399
0.08541529033028102	0.022593707051582333	0.04036609542146457	0.007935268213444837
0.021693581832454876	0.03697799034674912	0.04672585901526415	0.04589458034375246
0.005796974902083049	0.020732526593832623	0.07195968605054208	0.04211175502110983
0.008502921761515347	0.04398809150191933	0.04506223932151516	0.028519462882512184
0.0037106935923414915	0.0201970090308848	0.018993827798806456	0.021935876943553402
0.07292994523830967	0.012744472857950846	0.12220283342468291	0.030036889895861764
0.04021075209186167	0.00891759168978162	0.06196206482519802	0.006423359299658195
0.014124416610946785	0.04966886340878244	0.09361113547743333	0.00838643673445192
0.009008672171588614	0.02245212621695734	0.05950762103968302	0.04901104895709402
0.03241470036872089	0.014319964525267318	0.05712398021707528	0.03718315980816028
0.019928421371094292	0.05466640204683565	0.005165674892779635	0.03959662063781904
0.10070048409991002	0.0019848011504443137	0.04383117405178721	0.01795765673768225
0.10644734275976767	0.005800853246959702	0.03968401211909571	0.04323581907917215
0.004990083412946353	0.004555481441105344	0.10775683693557311	0.060559757745539795
0.05958205329001522	0.010484143273723946	0.06850964473647427	0.029088068988888764
0.11685707337652779	0.03221518869070309	0.050930316918222036	0.1573564506539179
0.12959217374518636	0.009808725631111377	0.031241541695376247	0.012827767204114061
0.02114366577277881	0.04259980710896944	0.2001088207711146	0.025490586890195708
0.0037067713898754043	0.023337692972305847	0.08045587306604753	0.0022408181542614455
0.024234703943693103	0.03835521419968586	0.02983435367709376	0.012489635563851366
0.007006922818470605	0.03167628121970923	0.03901319727306847	0.05807217672425229
0.001089363859059482	0.023378669713733854	0.011672009936791362	0.023478872091628317
0.015594242870626284	0.01977014999642168	0.052157859304161724	0.047294313995450414
0.10011625505377873	0.02662707821052851	0.02201766296816945	0.03156649479100536
0.009216782813251324	0.030500536938561976	0.020374188943192928	0.016201063091279663
0.037018141409410066	0.010242745584670037	0.012082556571473932	0.009524503324110992
0.013540382927309533	0.04525463691295401	0.03830757805265168	0.020096495949746038
0.006896498634905797	0.05506360061410648	0.05505114138704105	0.00959157162845758
0.005578894768468237	0.0215158238073377	0.06953188612213514	0.05103268993053589
0.094076284897191	0.034566753878088746	0.21578975425698657	0.009520127828152222
0.004260801148053623	0.01075081193001511	0.028778704137545238	0.03801760205914484
0.0012316335196762961	0.04435476893428435	0.08786225879765099	0.018526222180127117
0.09998145443353489	0.011551682265263504	0.01298920847310735	0.010504160506779698
0.026721875357509528	0.012975364403167936	0.041041280322335984	0.006542980520962822
0.008758411576662357	0.020110526829900582	0.017548598848066532	0.05682933572685366
0.0010745613678010885	0.014801196978681838	0.015487250061820293	0.09699389283969492
0.01653552768616035	0.011624566572805178	0.03722530952428833	0.004270098548053062
0.05140275471362265	0.00446763759481451	0.06489637686126634	0.03261635290861377
0.0008056275231607757	0.004384428754282036	0.037587988929115766	0.017054558989787864
0.0024899640538612287	0.018245099894432154	0.07537642701424266	0.033658151275186135
0.0653531816750475	0.011609796228071633	0.02381994636706222	0.008463768066055333
0.0055385549604212774	0.014840639666819326	0.06114030533640299	0.01111197087653185
0.003384012381480684	0.028116877370303505	0.012154978359308025	0.012821573351072474
0.0078118870744203345	0.013524998806052813	0.02380409877811773	0.012760753662306655
0.015874077536611107	0.00833708090907199	0.0364209540257826	0.02014954198529748
0.008247980455496668	0.010104191346707547	0.1423622053962461	0.010915226208795674
0.03278832702502061	0.014114494096202992	0.033646773211531984	0.035854708760651194
0.0038558817275932515	0.017921525448588663	0.06208562749060264	0.03029718600272611
0.0030547486717595407	0.010086214433286996	0.03373735827903022	0.023221688391612684
0.005737069317582441	0.006507093814723656	0.009114570163542224	0.024159314314743396
0.10517347410582423	0.003971025120639683	0.027732763940360484	0.004014499004094258
0.09312864609377683	0.05599470081898626	0.05423490562704181	0.002546666214562636
0.006671870955778769	0.008092689248361564	0.05656297194313579	0.011725862426142758
0.022954401174368113	0.013074803170143411	0.05741435607192694	0.02359195093365928
0.0336639367015012	0.0149239749098756	0.1301411144097322	0.011309190068881874
0.0716234749299431	0.0354198318972598	0.0509204710189253	0.052304426619056835
0.02125460837077707	0.01915302988844992	0.08551567377496333	0.02718178675203944
0.021217628288821597	0.009009933885646982	0.033338873459166855	0.032151950860974686
0.0394961763280078	0.015714202948495074	0.03402068324985086	0.022668458286858643
0.012825222717219208	0.03786297046815043	0.02793393971549496	0.06991966629347425
0.023148127124807516	0.05599470081898626	0.09155645779881386	0.027670603725823174
0.014258548194365889	0.03378821061055642	0.04462713914955927	0.018474892143003397
0.02024848399299114	0.01581297291878759	0.060795821700862764	0.019732930798724756
0.02229008891421282	0.009884888125914114	0.06389760741951646	0.016586047233582216
0.05140275471362265	0.020908075311738827	0.026589617736124775	0.01971798782032211
0.008361125922817444	0.010363706901262003	0.04537290077308392	0.015262458338280493
0.022682672431682333	0.014743927950320469	0.026026315865400926	0.014904212370186616
0.032079981739938444	0.01674495609399056	0.10053056157206029	0.054607925893381405
0.029639647400867976	0.03144883825696257	0.20468411624252053	0.02341893524202024
0.04213993563238587	0.03839588477941619	0.10703654434905724	0.01785398483967614
0.09235609064202475	0.012235720954047324	0.01845410488238074	0.008918173331226005
0.0021428794638244137	0.04750771744125668	0.019770141771577068	0.03029718600272611
0.01925198388518501	0.011811819395294717	0.060332637332098094	0.027319231536148653
0.004536853185915663	0.007573391976202486	0.012936683815093193	0.004496954888527544
0.012897875884491454	0.02641941185915057	0.01722979642505614	0.011712644614935933
0.021016404937312952	0.0132326880442133	0.04952332815806623	0.015557154308283683
0.003859380814382711	0.02152013972330753	0.18288198040012388	0.003983678800446338
0.002851595461749286	0.011394693338001903	0.043111938455824506	0.012754468856400296
0.046331947861260964	0.0018178752534409345	0.08338168961216327	0.032345487356730505
0.00239514153134371	0.0015310196687382581	0.0469551082023622	0.0447203182058944
0.00030898071116695496	0.0067889018436022965	0.05944156532745278	0.019171006051384627
0.030833287538189442	0.04333861728262056	0.04222649158295548	0.016719233642032934
0.019055950200235747	0.003442543709126347	0.060462541410271325	0.03328559633786468
0.030649664765047484	0.010538420637332088	0.004026960447108766	0.005249406403636297
0.04594974659213313	0.03318501378965041	0.082024864233044	0.015686283147599903
0.009904247785208877	0.04084226944773358	0.01504007337467881	0.004441529713382961
0.035562733849579885	0.01924963211805309	0.02289027941447994	0.028536543300831187
0.00810024163900839	0.054845137182406814	0.006017477638338487	0.04156296369318302
0.00045498446845591823	0.01929495524457261	0.054653192812913184	0.056167318959720346
0.030996841761154196	0.02023912675670292	0.02009650954734522	0.09525595375829415
0.0006735653857171306	0.01362013743804406	0.0111676029430744	0.028103517024517907
0.04712409362362512	0.058767105442077146	0.00789423034873406	0.03502881196186173
0.012539450351929146	0.006689401668379486	0.0350943416904649	0.027604011625655258
0.014168270772319348	0.011386121446880882	0.09995184725358669	0.03719117831056689
0.08172481164443596	0.03212693483218264	0.19396149889058317	0.07639643002585364
0.03446948570092438	0.02953320459680121	0.045569684604197906	0.009442133158583856
0.0040957532782443665	0.018293731112502633	0.09372538055516784	0.02545695580257288
0.09925783318466501	0.0315177206081517	0.011935039199630142	0.02129531419354434
0.007452465092952176	0.011974133151537048	0.1173570006268204	0.08213148349287933
0.0048603096117193455	0.030403083403561692	0.05005856890195505	0.009043792714887465
0.01354553973009776	0.0278313386892785	0.11678351369288463	0.04156735011684775
0.013377855831288497	0.03816499984135207	0.040821489741072345	0.032269006553689646
0.0038309760965961294	0.03688859134055555	0.02778308153476251	0.009449217763710533
0.0013999345490663465	0.0035765307707039157	0.06539919234247563	0.04541230052311279
0.06760191051482754	0.011981531982379535	0.0772123893505691	0.006388757489348669
0.008773825730857257	0.013042837306741953	0.07606353265958246	0.035413441472002496
0.037755135191865706	0.00782330185225305	0.07293307507015138	0.0296003548441805
0.03779475098395463	0.011076048349923063	0.05692322049610399	0.03348195445921254
0.0040138508384896686	0.02077637662836412	0.005905324962491293	0.024563329660605256
0.002659902492600843	0.003972314076828357	0.07856585047713532	0.04563339540015953
0.0038153110433410326	0.006275291524590866	0.07611025500104789	0.028054159503329464
0.00465691454427961	0.018689784241944753	0.013849928883384587	0.038000647208854994
0.00711179085483026	0.00828426416182789	0.06960678958505999	0.01745617484019959
0.004260801148053623	0.005163163680079668	0.024764807272985356	0.011258360100733979
0.01795183963783275	0.05794871639664934	0.010416775933181752	0.010068047544248804
0.0059854816852872505	0.030142862890177625	0.06037460105075503	0.06507262504716417
0.05181224806393902	0.025537215562030386	0.0910621554126624	0.023152364202270046
0.020537631937195946	0.0017846944870367983	0.03780560090884462	0.019200929785758308
0.03517110349926441	0.02948861906942992	0.008871565568570569	0.029001001134393963
0.0020653695094971624	0.02688300047358869	0.09011974445846165	0.060653104407299804
0.03883524039405712	0.007333503801869445	0.1295156615243858	0.03139807830786582
0.01787453834316387	0.024315204245810452	0.060761390194303336	0.030498983722634106
0.01780317532899507	0.04578963502302972	0.03363013344826563	0.015669891384916725
0.0064350602171723455	0.010641226451566682	0.02957525938347053	0.015433269316021653
0.009789187178660045	0.020871880620171413	0.02993809719672668	0.07226659416814313
0.04812349709500939	0.0195396928717998	0.044934624874117236	0.05112978729850933
0.002070173267221461	0.011532349964754518	0.012982058584332691	0.010860393567725717
0.03635383162184481	0.018396110002991545	0.04782816457886283	0.011595314674489527
0.004289151782849499	0.020468038184112684	0.0503412897827855	0.050847724257084295
0.011845391350547197	0.0016710463402218561	0.12061022385336577	0.052106548137716396
0.0028483372827045454	0.036219138525549206	0.03985448060849246	0.012098734150767855
0.0007591406451466495	0.0488711788302503	0.02398037763442277	0.031561498879736374
0.05335119517871124	0.01801920470712105	0.09341752069574871	0.037139614128482185
0.029466188031472145	0.018080850719761406	0.01043548167036989	0.049516942233517366
0.009732744566303157	0.04688191713803725	0.041420680220652366	0.010160122670509442
0.0031585669734393554	0.03023228702089287	0.025046292627100425	0.015513445462218322
0.043977072172056965	0.029497948852966468	0.03310275226669175	0.03892209545207838
0.030649664765047484	0.007514720009607354	0.02708198272262247	0.04450412582157626
0.14417263108497808	0.031174585455533387	0.028807597399385827	0.09247263814760115
0.027611459453668875	0.06841920209413065	0.10118256514183444	0.035760606150197674
0.0009483087935678518	0.017323850679098026	0.01136024609434208	0.03855173981997624
0.047638605796355205	0.054051480761216485	0.02634022567467724	0.09121402866251659
0.03679495210754283	0.025694593270806955	0.018995242965296883	0.04749952059230126
0.011342472095000474	0.01895837857880014	0.009023842953611612	0.03520254819588524
0.0021087322837223736	0.008749021647888593	0.062472585455591985	0.009701661274771158
0.013518326618003982	0.004352428795897327	0.052930482363887206	0.021398155647804624
0.07307188878418318	0.006478416134525411	0.05865878774462799	0.0067033510514391634
0.009100466417832758	0.0069072255134295085	0.05103778445400317	0.015854415102730477
0.07102442236219794	0.0029943737984576566	0.07403136229333052	0.031306953578232544
0.0045662937164759046	0.037646548940610716	0.10038885893791967	0.035128089337560876
0.05486803735110339	0.0037294147244167327	0.08195428435710163	0.031058557184693036
0.0025246227399099573	0.020204311379661322	0.013920793161517097	0.052733702794640826
0.02498550638632805	0.043180620383129475	0.05714835336538216	0.04473787989315943
0.011543919521556709	0.03548676640331088	0.027846943405306766	0.09351390394687317
0.041940452446762165	0.014291376476178877	0.08401017844968063	0.003517210118543824
0.04348922114752514	0.0028055114463687385	0.03647331444799081	0.051316082479677255
0.0843669408141709	0.01663332102468119	0.06765667548807508	0.024828823098120362
0.034517529645981454	0.024073231374769827	0.05364655974054539	0.002519848254603298
0.03635383162184481	0.030536930888085068	0.01374689406264224	0.026749811648049508
0.03617640372568033	0.008131297741739672	0.03702703327070609	0.010915496894572722
0.008125167730300654	0.014328582927493935	0.10007427142394433	0.025078450139064012
0.017025983814200382	0.06957079017045366	0.015630483836049952	0.02545634524779248
0.008024567329070583	0.059359909694147096	0.042359797344659916	0.009310974097627897
0.006981122120750919	0.009135245278043963	0.18372141578621248	0.009329910112347106
0.005458809139546481	0.015973440075567377	0.06441016455966181	0.009560358184787723
0.004005328250780781	0.02353996648060663	0.014480849650406111	0.12754291789489264
0.0013676288639683897	0.014620524907068222	0.07929603318999401	0.015623983619956568
0.023198990167819043	0.0322897898136789	0.06055617519919789	0.02546641819327988
0.006320628934217885	0.02606013836791929	0.08058161142201664	0.022790086641694535
0.012897875884491454	0.008122242194958204	0.031809375360651065	0.03771179837085129
0.0006891560653022286	0.06365574629608886	0.04399595452800553	0.05686748331721675
0.0036050648631660914	0.04355677435916647	0.027674359513736622	0.02456389781110742
0.017025983814200382	0.0072031769540987405	0.02415857030667206	0.021780351399048596
0.004637358134671236	0.055853474726725874	0.009935657298960511	0.013103910824486453
0.0006799378053104757	0.03161520886990436	0.0541200392903455	0.024210845434641762
0.04980398147616749	0.023305430538265153	0.0629384109879073	0.031275178833833545
0.019054418760662172	0.027983963219426682	0.020733379350821365	0.026938950106369715
0.03497521879397686	0.00786749704203347	0.08132524731208593	0.01183025461817175
0.009838114509854421	0.020893601402909395	0.0902906156360288	0.003384664118240913
0.022670376418936558	0.015712222672180563	0.10091767986404677	0.008714733510418448
0.01244361575766283	0.026391189480124342	0.029482962260161966	0.03847173512938798
0.03456535954393161	0.02810902465464466	0.03204515066439104	0.023146838222339004
0.015251156721520723	0.011491310078943644	0.05264918070512391	0.04499397555836682
0.010127590439865322	0.013215489484324772	0.18360277400095562	0.02954985912716607
0.0247496442884306	0.013884645364740518	0.11982352862291423	0.054073849638133886
0.03085147408157195	0.012800188849739422	0.015876847928944865	0.02764506909259993
0.0022309018805777023	0.01998488366792988	0.04266314401564787	0.02367648193830323
0.002383072522860986	0.03082431786673756	0.1468444653823557	0.011634591040515148
0.008051927378679232	0.0029007786144109177	0.020374188943192928	0.0043467656682737495
0.013605082918429734	0.006813124167211358	0.04901999089557981	0.01251795693963203
0.006919274085818008	0.014288114559619399	0.042580566984709446	0.03148390864697488
0.0014097449029683961	0.01292767933550388	0.04677722351626765	0.010686830254131629
0.024234703943693103	0.015145040325686173	0.06348856820932434	0.02650715167095267
0.026705375951777504	0.044990518095381155	0.05390788167223704	0.060193598203010006
0.014168270772319348	0.015810883395025784	0.008492543321808889	0.028049484462384727
0.022772336931818658	0.015533746358702739	0.019142330912617737	0.024143201932315887
0.023439888963291213	0.0039139609847177945	0.019450909696529947	0.006881509769500792
0.0037300848434683094	0.04157922709345402	0.03421522082068303	0.03258233658256666
0.023824301725122222	0.007652716784248275	0.036867339612984225	0.0176152606203632
0.006394342763905669	0.04538775333030847	0.04379256264494598	0.016444676988089033
0.013049592953651275	0.023139762448433465	0.04422126798234843	0.028874226893264014
0.0004220767982375625	0.006142055016443191	0.04195546884284591	0.08508616190735642
0.03752594467803358	0.019229917720841403	0.011734540359167323	0.033843044422862956
0.017646466248979736	0.00871300363706349	0.03296969456607394	0.06433656827144378
0.02400163198785691	0.03354542774683624	0.04643020132145262	0.014332822874729933
0.02124736901520314	0.04088128017390672	0.03794225047277647	0.054791443857349596
0.04442978298159213	0.04257177591106549	0.05537726265571954	0.007594124704503695
0.07857374265196324	0.026455062481829304	0.03284719652610885	0.011332515763264384
0.02551559043976444	0.017033802460608823	0.008013128032426497	0.0127415903577058
0.0836428829832334	0.02233702595798021	0.09117242226886582	0.032191808677051806
0.04408225878995316	0.043574774155507465	0.09635844091714418	0.007199709455060909
0.011075083426109572	0.004030185206329411	0.03645833178518036	0.01496386972984304
0.014653512184417348	0.04706811645734097	0.032254890467726394	0.01280505895417569
0.0046485513519448395	0.01362013743804406	0.016704324901076997	0.030184150867660218
0.019928421371094292	0.0135959308732473	0.037852465768378606	0.009389419057767957
0.03497521879397686	0.034456119397648824	0.06486682453452224	0.017600112952951497
0.02504571995941977	0.034611440266112736	0.08912990066203766	0.05298352795780786
0.007640119967684282	0.04810864820128628	0.05737218712102682	0.00924298569035695
0.012776729088304729	0.0031024356267572353	0.06308965848953113	0.020110798364100475
0.003509033251110581	0.004296528786396581	0.06764410026741474	0.07987368561522393
0.04245657764399978	0.004515831134402528	0.07184315173684076	0.011907182836652496
0.0075354742444466	0.009555666974621785	0.09560433530828749	0.04636357396911993
0.004607476836005194	0.020150797981627434	0.030429779302298617	0.013563356846457977
0.024798870940919433	0.025256466536674245	0.09451064744741035	0.005510197908950766
0.003366638768611374	0.01676867890252848	0.07576832232145528	0.010991139562040978
0.009708143134671526	0.011867398515126295	0.03851531030192433	0.0386050943497879
0.006418836331750268	0.013836587069555026	0.05033520713195933	0.013821913232479038
0.004737496795845016	0.025908378416823433	0.1557540569280298	0.006726866631990952
0.042593625438164785	0.0338994628637331	0.01701445446977062	0.06890536432394319
0.07803506375265243	0.03420109409898478	0.04850126191369187	0.01172668638028468
0.0022309018805777023	0.012818902236791956	0.0204623720464859	0.022149312932422168
0.006805606925698904	0.012286344542035543	0.03215112937742704	0.0013404355281451624
0.0020563161025460796	0.002491938163852124	0.13610584066667483	0.04204949726451488
0.0203053540615514	0.01020029995685575	0.06634654415776269	0.08210358762976556
0.01697546906094893	0.03246840852926639	0.08334633099720547	0.016575016789923305
0.016260185227487633	0.0007494310276045578	0.07304813342382427	0.03157357547673033
0.02803839080116164	0.005584567867157143	0.10809844723470598	0.002126839700360999
0.010681901516576164	0.06418186694765884	0.07096061346946353	0.022521372540966242
0.0255832024642314	0.02683816328623184	0.04629191855847346	0.042402468185908176
0.013670312248665143	0.007147702048318161	0.04766150145292338	0.017056861749890205
0.035011787249733486	0.010544625845076632	0.044499439545179396	0.0387790393023885
0.00810651229173446	0.037074164367106206	0.05406413605348542	0.03519595046532254
0.0033464320379339107	0.011838154819472126	0.01678467412102433	0.009192196645480894
0.02007806628060151	0.013424823486505498	0.012715864509508866	0.017875044827480497
0.007070923678518759	0.0029421728151738475	0.005556641538373821	0.0246470327952594
0.07913614211353234	0.015171379053090432	0.07416234429065106	0.042429822344741894
0.003026938972539495	0.021718098409871798	0.07447388579844096	0.03538578725518804
0.12096461876420656	0.014765337786397707	0.028409957350900374	0.011888863130935817
0.016964137000041606	0.01613879646935574	0.07939961311375507	0.007449008836849554
0.0459126394579131	0.024404467759475277	0.05772125537499632	0.016634472382598266
0.018414125614054543	0.03361522326225792	0.0775730383677252	0.012908402801762114
0.005192360379722379	0.03652796664611232	0.02774996433691699	0.012327058500780448
0.04581085078868683	0.01136587033530563	0.1127798478041943	0.036896906100674844
0.006365249250389485	0.0315149096631251	0.06636160857710457	0.02552374333728541
0.02280190215315314	0.056913762024599246	0.11011966854044354	0.04820745766696357
0.07782945931920038	0.07316665381142308	0.023988330088535376	0.017726941027710285
0.09016591946244264	0.0077032342312443065	0.025449528644259468	0.023778712382616835
0.015086248630283586	0.027120062353677775	0.030352814701490743	0.014375767480755723
0.029584292846025706	0.028611036156087007	0.035874131572100065	0.03439896716540812
0.021884211642923833	0.03304757545155758	0.07366490403528285	0.026564236096717507
0.0009125153261968288	0.01289151673510432	0.030516337012267764	0.013129582164116993
0.0014801992597292214	0.014023163372811422	0.04733697666213974	0.0419675725779941
0.04323009628076376	0.016070594047985578	0.02824095561427639	0.05611646900459073
0.031790599416173744	0.011484224244680742	0.042774475691508954	0.015830236787421594
0.04235169774598086	0.014351657055353708	0.08913814479214636	0.030420086644638362
0.00127887381531368	0.013797314146546958	0.038572803228296614	0.016222078534960924
0.01187291406121312	0.003526049200021442	0.030095514745931515	0.07184939533954819
0.008263892154715704	0.024118295379755694	0.03654718753821039	0.02578375935784851
0.0026518756282472417	0.025472140166236133	0.029559704835996823	0.025880059116077932
0.031052655407207596	0.02333003344082665	0.05772963552225349	0.011504244628004028
0.02746158624243631	0.03769910355695761	0.04114442404680647	0.034971164852968493
0.010394596740578924	0.01830346623953957	0.09683506722675314	0.02158190772632204
0.046786874760011796	0.011974887967941597	0.04299313021805755	0.0127472195361886
0.010014211466114874	0.014146092572363744	0.03664761843024057	0.035043907894330865
0.0010763956484694524	0.030912552755562962	0.05685995843457303	0.04986722605151883
0.1019880592419145	0.046063402191248756	0.054306553665653554	0.03478372891318944
0.09517912890746157	0.019210700065127255	0.21998100389250375	0.010688873085765972
0.014168270772319348	0.008599947606556371	0.03635675147469798	0.04672036297242719
0.009449365684206922	0.023958537759790025	0.0306316213729632	0.021121793358744007
0.027095416275235203	0.0494371594058977	0.05361170948219589	0.02268635679245622
0.025286125420696342	0.033440786616247685	0.11160090481302569	0.01993358730005914
0.017646466248979736	0.0098908884920628	0.040636190814134596	0.025054943880574682
0.0954946726426319	0.021094722845136325	0.022100159690231463	0.053687024319840605
0.04423050673321353	0.005004047685874803	0.05920677879761458	0.008969718017290813
0.06959424102485189	0.007796982641114352	0.024566430383006373	0.03822818107578852
0.007344669427617352	0.012817608619451373	0.06537965705643169	0.020707404282040737
0.026298250649246513	0.03940820719231962	0.04807080250076604	0.028871655300896616
0.015437903549050275	0.021939377101825086	0.014611758383006268	0.053033009942999226
0.05081931530771668	0.017629590981317913	0.030962060678644446	0.06386339592301314
0.023548118029993244	0.006493076874662097	0.01203353279228654	0.03699548678429163
0.02204404138431858	0.04010290806828068	0.09827782977009403	0.03754886956423081
0.016290468210017835	0.00733700783230844	0.025963306024233405	0.036735802692598046
0.015182814297669734	0.051153055878287085	0.15566438911782013	0.012924577883690187
0.024186045739819494	0.007171590284457417	0.057703637796613604	0.03086729058590681
0.03278832702502061	0.01578748307113852	0.02131151479609928	0.008019901517067296
0.1182817432975785	0.012972717342169305	0.02851074278801649	0.019045349494835242
0.05363317387134376	0.03583771859587911	0.04086696265938446	0.04297457926742396
0.008758939067869127	0.010843180866168482	0.04648925973770902	0.07178967339847347
0.05365435291224317	0.007065094004813144	0.033655846604020184	0.016326043216110017
0.0018494784137573189	0.017552042260968195	0.0744208192582287	0.03881834571872188
0.026905503976379225	0.00787370057882268	0.0031040480028094175	0.03333897012812543
0.0055564873922901575	0.017033204608416185	0.025784849932376553	0.017669365534957487
0.003426316890476257	0.060986149733634414	0.07592214662033796	0.01698324814971953
0.0034813222286663907	0.022084863817382158	0.01165049067854999	0.01317828739362593
0.013085842042761623	0.00517864061623809	0.052444402718203324	0.02705082219770292
0.003044818189667886	0.00239972130689954	0.02087686379537228	0.04473006016623608
0.034787210588013574	0.04365556213781665	0.11663437894224653	0.015686959049716568
0.05726116662710173	0.006341202204596956	0.03928554086564408	0.0015296920810575515
0.0024899640538612287	0.029744154577218677	0.06647968060569837	0.015030008955136034
0.0013056220658562935	0.011899311667332836	0.09827640176741041	0.03433332329454424
0.009008672171588614	0.04241346757158929	0.01820284847709495	0.015146017615885307
0.015098420360873072	0.014060100348997991	0.013329842926746544	0.0046695384023822785
0.017465694701169425	0.0217060007438762	0.017762761961117115	0.017492780205168777
0.008315668050826872	0.021041995200467196	0.07844710123291733	0.006527323761565743
0.042802545621778064	0.06261372414999368	0.06451392710236391	0.019722279663322472
0.004456262113625365	0.010898021878075592	0.03758766507423525	0.006605709759725924
0.15163360896906458	0.018370527501834245	0.0075743647086644154	0.006208331487295392
0.01666820312792293	0.06468924075697358	0.045750436479926	0.010882878863625704
0.0025860191888080284	0.012975364403167936	0.028858922641014622	0.007170982339299029
0.0022414605456621706	0.02003149892025953	0.051485234453553894	0.01679945770604868
0.034363042752204316	0.028137099494912023	0.0588913486936097	0.010065274449657362
0.018628504972987958	0.0038555005957026977	0.010046413514918492	0.0486251831808077
0.005134049127544552	0.014876089111510133	0.07405524912638618	0.03171891754800461
0.03754691260993358	0.024173485294614296	0.034081195621594146	0.009798595409636271
0.00416716658132262	0.01054190234184073	0.16082488774695908	0.0314553517605628
0.0013098467092536896	0.01598496031271663	0.05933303014461124	0.042442319597576134
0.0031160644676563017	0.021713696037541478	0.01608684636441687	0.00936005399908646
0.08142343450242709	0.009616891295280584	0.05446346082045903	0.010912408093759289
0.05555452357362977	0.008713732004721149	0.11012710212655076	0.030357674968379728
0.08829821206992372	0.01710679029030349	0.023919518690240223	0.02755734643570652
0.04949784467993789	0.0024046231804610145	0.011921301899446677	0.006302483568034443
0.009780583254271703	0.007390211501441662	0.037269931298126786	0.02515306107673458
0.007659147279669517	0.0118313319118427	0.03833431695283879	0.030711300332319214
0.006219641500870624	0.01594113174916796	0.1115232020596861	0.014765522199894429
0.012557546035168562	0.029446882750354966	0.023466386475809377	0.033666190168773105
0.006261168769227799	0.0235605194949305	0.13555875746405632	0.06121482771964273
0.016214703874047807	0.009917776201810682	0.16772739393315014	0.061991094189904686
0.003138945869512763	0.0076155770123297615	0.08016671591463764	0.027882232612138867
0.0003597109070148248	0.019175997057244223	0.008465179831684344	0.04101425977846764
0.03314312090716782	0.005770232245420046	0.11561425745252277	0.004648391036587433
0.008218917785149934	0.020496335627440875	0.00741277730362235	0.029162059687121145
0.0013250257521516882	0.01677995897102709	0.02360514020850687	0.014148353112744304
0.04245657764399978	0.01695361737464061	0.07267195505898069	0.01622670279956024
0.007583849676695262	0.019812612744462034	0.12986284847738852	0.011388634744800077
0.006219641500870624	0.008961174577486393	0.10409917531558242	0.01846791545424391
0.032114412540835344	0.035300787090670666	0.03774029477746508	0.0129943921603776
0.01212681796580584	0.002090787338989346	0.0619878778137389	0.028811540243145667
0.05555452357362977	0.04369846652454856	0.04170204592617183	0.01466256264380554
0.0024152356521004504	0.010819804199219536	0.007746436295455717	0.018338313806627562
0.04274065386891888	0.010531838141795197	0.04044748629931045	0.017194150184443893
0.07372822629683587	0.019571781871575857	0.0264364228281382	0.018327184555317448
0.006392158877682828	0.026088834214936543	0.13644460782674947	0.006628691857380144
0.009873886506822555	0.006268979728251799	0.037033517583366135	0.019372506307474814
0.005108807607984854	0.02330719395431313	0.09816017202271225	0.023573944425498716
0.030514188665017712	0.01342009344465681	0.05152965997047494	0.022802968255441404
0.001136289543229141	0.0016385587621536375	0.035408610846969835	0.028461412499070197
0.014493109971718939	0.015647255940780178	0.07094594179773185	0.03079960089459988
0.008247980455496668	0.03923523438163079	0.05896280610145633	0.015814895584035715
0.00384736711073283	0.01770442597785984	0.10400083300224655	0.032248628839393265
0.02784386746446324	0.013119817842203235	0.024066348742664976	0.015059654491009888
0.0018841349500205104	0.041813332806058784	0.14569610235004107	0.06630942699447122
0.006566790134002716	0.0333644676545974	0.05880806473813193	0.014489963648880885
0.06937031985146813	0.0129969239245906	0.019499360838070808	0.03129816799162122
0.054946786187677475	0.025416242402994556	0.16466984224864573	0.010603557917426865
0.022809994552319905	0.018983558844049973	0.016677749325384007	0.02755669373460214
0.01317987249875625	0.004641805153601605	0.01686421156950718	0.009545430598987395
0.008024567329070583	0.011905443727945475	0.02408322415315994	0.03342849196582491
0.010871560829487873	0.04648988159662303	0.09462471274980076	0.01960468559989253
0.026280259017388313	0.003977608511378625	0.017405288929721895	0.016487500188408492
0.040544732029618315	0.0035657012885639237	0.04454876715917713	0.06605810113973902
0.015261626047534609	0.01081976870890147	0.033011826514436404	0.038579047356496476
0.028385030135993968	0.029645729723741607	0.021655078766215117	0.007148275042239106
0.00601907012789295	0.02099719327626273	0.12267640926025035	0.026739292232705037
0.00810651229173446	0.01697342330465026	0.10243573228756608	0.020039166953811582
0.03314312090716782	0.013241922659726147	0.026128448147032367	0.03430911239599836
0.00031750868763242207	0.03253313235640379	0.024596861495994157	0.03227503517917202
0.006469093054080815	0.011638049067057583	0.1471033698898689	0.014671644912075937
0.012259407377439635	0.007845569333790351	0.064261357872391	0.02718178675203944
0.005643485473018603	0.015448866235229678	0.04574735157502451	0.014038435134808375
0.17813366304337175	0.028816521886233876	0.03638244510161634	0.01659479869596417
0.02999357331095683	0.01136587033530563	0.04141166669114627	0.012044743521693756
0.011071896650552627	0.029741695136077988	0.009570069898158326	0.030454703827052617
0.0033736272762481885	0.02003149892025953	0.060551341975073385	0.05584023087285976
0.09668475658210549	0.02893048240388105	0.06138934269286645	0.0038534919660873053
0.013093345034824563	0.034391558932261125	0.006496144623410759	0.007391872270885782
0.06093335937251566	0.016529187329754794	0.031610167667367337	0.008839966654403019
0.02871608654173328	0.021611445395225963	0.043134770312021065	0.05860971654179557
0.0034921761563170635	0.022069668485095187	0.08074183779350153	0.014649862498850887
0.006219641500870624	0.015363951806870214	0.06901579087824826	0.021023633495788348
0.023975934915217784	0.019820440447389433	0.03429098326132735	0.012937191939366183
0.020931894810842105	0.017435387056162092	0.03231571952588064	0.05189408282211609
0.007683788324876293	0.006797572922324255	0.11260050110396522	0.021976427812981494
0.0071855219806091376	0.008654131133850457	0.10304554666700116	0.057248206014237454
0.024028805275176302	0.008296571698845664	0.18413909857680738	0.03814069845505322
0.005575092601353037	0.028190162898108023	0.044481913502880985	0.01330198016823753
0.007239147187257066	0.0058060391931070415	0.024596861495994157	0.012374619357050526
0.019184597779167614	0.002520188053381069	0.007932403160701373	0.01108387632379473
0.01481118978447622	0.005732249277053364	0.008390565423526408	0.03802226650691585
0.004456262113625365	0.006304217625157972	0.01775220736489551	0.016501385192282163
0.03616764508556462	0.060696803613552876	0.018063382619253155	0.02578093133350925
0.02482669606490486	0.02421463917937979	0.0072584173450384055	0.012010916798524248
0.01046397330604541	0.02693152144507125	0.07323255599260768	0.010275634896386296
0.0029317930080979895	0.009026757866559182	0.034561095215636176	0.05173695052767099
0.004026361425557499	0.009334267721125116	0.06219215103536058	0.026590572944563656
0.014557719950532927	0.0016776206085896072	0.08488516605284842	0.024323223362733067
0.0033323135081536857	0.009534005697961036	0.03554226980176576	0.03015536864760724
0.0051213691053525814	0.045570606722144295	0.11277726266103026	0.05282089237790214
0.04863426453197771	0.008555982291528836	0.0040655574828608034	0.01892604388957422
0.005673827009962771	0.025864663684306923	0.009813699268264402	0.014703398205743666
0.01084887571230748	0.019810354171568477	0.011296157793516396	0.03139417675888775
0.013784935286046053	0.016478733692456535	0.0379587575282928	0.060989607132695155
0.012862446616120677	0.006271304393075523	0.05145786617263407	0.06649366704585193
0.016755328109140426	0.028591997877399387	0.004838848944176319	0.006054995820513847
0.008683994698087578	0.01890278575017116	0.04754580195304261	0.06176316270416367
0.013493133181382825	0.03125475068666787	0.05972467608500112	0.01937769646185718
0.007477216673901529	0.019498431698343886	0.03950276754911528	0.03802412334462368
0.050367648385394474	0.04520341220215358	0.045634371561515806	0.013643250568628626
0.002931565648079917	0.06752605917938595	0.002896484987523368	0.028621450780431407
0.001751888530493887	0.018225894668515003	0.04805927043364668	0.0667536803016285
0.004697251712891296	0.020617376685932196	0.06756023404867773	0.029546259586257572
0.004380441390598633	0.015348330900487763	0.018879421028490183	0.045594888630243725
0.004885188669266473	0.0729301320183872	0.05596371707958102	0.01909797133639865
0.028000909355258986	0.014302770364233818	0.03416337120240372	0.007767726877103814
0.06062590455083563	0.028191839507222188	0.11824710320001733	0.027965342998890738
0.01925198388518501	0.029701347468943002	0.034238065304698646	0.0637193322817392
0.05634050836411196	0.027617670064436283	0.015059628649699381	0.014962615774503673
0.07939371643407761	0.014519333556155893	0.04498369001624116	0.018843887077412462
0.0020105527772715875	0.019031553434622085	0.09851358883986189	0.017458004780739275
0.0047284118015368855	0.08360098832909425	0.06417611570732497	0.053481755623318014
0.058394853572662546	0.0021565829822475318	0.09866042890385941	0.032955317986205566
0.0023535345919044725	0.026002039697225893	0.02755500118921715	0.02566658700297018
0.15163360896906458	0.015621669811002672	0.0937842935824386	0.015412270725454594
0.0060786375605313	0.01336566003820881	0.09311171945558733	0.04295933354407409
0.010485499318920418	0.027645488906294886	0.11931100427278414	0.0663638559138116
0.008731890299109616	0.011657100121455868	0.04460862327112069	0.06610230668271716
0.013159221224525357	0.021143480562840128	0.08535835886311845	0.006487227667793593
0.05555452357362977	0.013951899366042133	0.05705515632133448	0.03493357897670741
0.020009956303896275	0.01186348867985326	0.01913250240395144	0.004326326427576507
0.034908354056104374	0.02910597505203808	0.09440391284044797	0.02879273413193493
0.0050841001493137725	0.03311867636357797	0.03684425625103659	0.04338021382405998
0.07471193070024432	0.007941130927014031	0.02524861850441106	0.011309785019275858
0.019664499265259563	0.010801815578747301	0.04118464039443447	0.05445121594305794
0.02071818896701105	0.012931113091083064	0.02305678505548948	0.051729488571375326
0.0021392822455057335	0.013466577943582494	0.15243002471055278	0.04473006016623608
0.025976571813284655	0.0022014367794461432	0.06200715181434756	0.020632160485574782
0.020977034100760208	0.008331736753007522	0.052186720907963786	0.03504104410782468
0.012975615663169333	0.005157903273535673	0.07956894921234042	0.06409840702124732
0.12287345449216532	0.002577427597728012	0.03497874059828954	0.05051853949314986
0.010950964742417727	0.04211147942770346	0.12082467031229245	0.01225277348724075
0.04724147765429308	0.026924561753663694	0.03717595495805182	0.0310955546930491
0.009600342171552196	0.012408946623393381	0.024654746417722074	0.03677036465990942
0.011781700796342024	0.008452387519595731	0.03744464595451127	0.04765973190461944
0.0026204428176491578	0.01032707964505051	0.050597161932199576	0.03483141859978843
0.004718670403510463	0.025258109998799294	0.04049298508071837	0.025851820819835575
0.041277033720814586	0.009379064880059363	0.010503401061604231	0.08180315902028706
0.010412577923222662	0.02027766417711543	0.09300717265630418	0.007904608752031425
0.0540675528576652	0.02157491832384937	0.0071767115039206505	0.006709982623631468
0.008229130588599016	0.02526981207721395	0.05584071495190221	0.010392656414137977
0.02871608654173328	0.01004212993469988	0.030718316841295674	0.05325774621312383
0.006303499712302164	0.013982833134207869	0.07848485474168626	0.048180296489742584
0.1333203912473031	0.011774870001515498	0.01264055044901148	0.015050113082427983
0.06529319200118187	0.01278081768103586	0.02523080262818135	0.0286747146374587
0.023525018788554095	0.025400531328512936	0.022466722682203434	0.039996328940335286
0.04723694519047189	0.011631533615655273	0.060281122240324045	0.09446582709128189
0.026813163184379856	0.04407074742132553	0.01720790425873067	0.06901317730120889
0.012287849771299054	0.012346111521923001	0.01447129948249116	0.061323371011988446
0.0064341478935668935	0.008655401697511306	0.04566873041641519	0.015340836912405335
0.01959045054038212	0.006328686934563908	0.009292886027140993	0.0029813816033941185
0.08306094214788369	0.04970021883065454	0.00457402912620852	0.013382223770832693
0.034085789150173594	0.002790816464022103	0.05219527015273243	0.060587570404853
0.007650288423711076	0.026408160797969305	0.012598977007373785	0.020110798364100475
0.0062537185141934085	0.016778545161375953	0.06456905336817963	0.03699548678429163
0.003118710346563838	0.03894986267488325	0.18316435176952817	0.12419625868131748
0.004666644682834135	0.004522139257789674	0.007639465326816065	0.01043619068845542
0.013193615112001806	0.024151751634569882	0.04953098980818329	0.03847173512938798
0.03960402496420077	0.01385524835592992	0.04133443469678079	0.008193766884285887
0.0128046244388548	0.005965548770659679	0.06335934522568101	0.011412123440050293
0.009008672171588614	0.03304366154748658	0.10010994675688664	0.024373026149825245
0.002988447128348596	0.00853308162382683	0.08258905536648806	0.030667556025332852
0.010009116285388597	0.016025533202832915	0.08631489331858361	0.09402458011258444
0.007013658155858022	0.004522922415951181	0.012421708709323617	0.00792462065145325
0.1276103698575656	0.021230261661252248	0.08179129959297203	0.02395111980535811
0.034363042752204316	0.0478555108675911	0.10832916888856431	0.0830608182149425
0.0031585669734393554	0.01115259442530723	0.02107657177519129	0.05760818504066851
0.013022079590231992	0.031795068302749946	0.0054920402486015535	0.012803824686478862
0.1144104494643706	0.006403626856485541	0.04238694599657041	0.04363355504125125
0.0051865945656627286	0.007648251647004857	0.08695774926207342	0.019586819740450227
0.016637119090381867	0.037630454829969844	0.027379542037994194	0.0373195313686294
0.03497521879397686	0.016114902188173148	0.06133758296949022	0.015842576421725613
0.0064175510296215765	0.009152183065817589	0.1348267492757878	0.01611217501195231
0.023824301725122222	0.00874849723313228	0.04990315723893149	0.010777153477635045
0.004955701151581614	0.03482586772343241	0.060492168464507924	0.014036451935288451
0.013989892052409194	0.017424081638395785	0.05861448855911436	0.022643690830879075
0.0025177527350131786	0.011338404364377181	0.052394550320588484	0.03800952726480933
0.003129005957135199	0.015963301239494576	0.06634559561922258	0.02174571128470265
0.005737069317582441	0.04174358126091814	0.00976060687200084	0.055439944972863836
0.0017367412454682833	0.027981318655845425	0.07474840498441918	0.04258210794124428
0.004351310410751987	0.008186711131497366	0.0258217085692706	0.04214637561893638
0.01046397330604541	0.03101677290694927	0.06127188354296522	0.01972563150185412
0.03635383162184481	0.00882110709211556	0.0645996813551222	0.012240459852987436
0.13597810917246136	0.04393504943332745	0.014132694889809328	0.04458962453904294
0.029756873387993512	0.007157461632767722	0.05690215581683077	0.01553573212880801
0.009838114509854421	0.01668306421429767	0.03871926512180236	0.029541451516852543
0.09695132615842618	0.029516747632822807	0.023997008152826634	0.062259902475011904
0.04194171402004407	0.026517046713702995	0.1158502698680421	0.03624800289127763
0.012696275701384685	0.008655276859976762	0.015173152975188	0.0016510658448904588
0.0008736824751025763	0.014605679219129203	0.036019520391912065	0.009205646852038734
0.060082376912096384	0.021861536831878237	0.03796387834988883	0.053911656339484304
0.1015394992515048	0.01115259442530723	0.049379398973847036	0.019985281301067716
0.005521094884739864	0.016480444896918196	0.1202390592051363	0.0514401539198033
0.011837916064272085	0.013164170498029325	0.055237719023757674	0.03554098605484692
0.03752594467803358	0.004039742248556918	0.03331393306703695	0.035854708760651194
0.004983159645837514	0.021362861041480184	0.09797749463289228	0.028790980986060675
0.07892674747459444	0.0180451311518779	0.09204125158284213	0.043489933228030304
0.04784507409500997	0.03796948592856125	0.030541356403712354	0.06010946283558196
0.04366309811469554	0.019708576018856037	0.08488516605284842	0.06810338165595527
0.03281173301804853	0.028268074097304353	0.014310500613151981	0.05592673502506197
0.02428877254067826	0.03053531974788364	0.03047670234001907	0.0069978963092228565
0.002796986703873222	0.014282118066117882	0.06045326065517892	0.04443002161669747
0.01868258886869157	0.0712795672959088	0.033864473200159236	0.012587118259155154
0.006393386150337278	0.048221314650395	0.029687309011275788	0.016553624758866053
0.008311260463412417	0.06266070259826641	0.04669653732564955	0.024829634658158215
0.037272955960718404	0.006226806180376943	0.06254282408535534	0.03995674280123733
0.01948985336951907	0.016841361831279236	0.08909333181754601	0.04610537223878965
0.0203053540615514	0.007993329141851179	0.03796912751998895	0.04483319362459672
0.005338859623786333	0.008806919574385215	0.05952858349578546	0.01967383820277883
0.00591954782209249	0.06350268571671694	0.032224301556276626	0.023223214981648237
0.05555452357362977	0.02394324456609119	0.04290164302855205	0.06122890817070807
0.04838700128728142	0.047776649273811374	0.03466695007572844	0.015328819636539598
0.009430962757490387	0.006775065304021288	0.12267640926025035	0.04899630143172768
0.004737496795845016	0.0017479271053753996	0.09205393001009718	0.07375801521550512
0.04563735673368588	0.018927209380111963	0.04198699948091773	0.0073121760211937665
0.0007661752788645171	0.0023400709441859856	0.03865976466485653	0.0268338703891434
0.006310879761815913	0.01948677335229548	0.08703807425619778	0.014452260566473694
0.005148898400459771	0.035640752794677606	0.08974786947852338	0.031021431650426475
0.031804830582641275	0.007450106247053077	0.07219065219559401	0.007482902270491338
0.01774845493033164	0.047272183669902726	0.07062111340042757	0.029719247583243277
0.013267264173050231	0.02591789615575593	0.01701445446977062	0.03338030485783765
0.0021279633725009065	0.018985899997250484	0.031302493227629104	0.05257746455769456
0.024807006846887233	0.027441901631248745	0.10099947672694376	0.07338443404451284
0.06542921143021468	0.0058894057623386275	0.03154365468405021	0.00874229299613809
0.0022817370481005438	0.03222660630378283	0.024673528546678057	0.035413441472002496
0.009008672171588614	0.021013000324791628	0.04191219181753642	0.033770500232916896
0.0007270571993532289	0.031189065400078243	0.015115485362356535	0.034122387164705566
0.0014113893100793067	0.011494312836289032	0.04273442631682351	0.020270240393403707
0.005607632055982831	0.009914132618555664	0.04386779831146899	0.03325408372646529
0.02871608654173328	0.007081597261205813	0.02634022567467724	0.07987368561522393
0.007976885006161666	0.011366392762881296	0.016608649619316438	0.04857023579621812
0.011946847372744356	0.005748394810930066	0.07971111780700514	0.035175825683141225
0.01606103404516881	0.023187907297577037	0.013189166720023314	0.04352320638320498
0.0439542271142338	0.004918772209716158	0.011151143752579168	0.011804558132169223
0.01734803955692621	0.022879944545642034	0.12962392606345716	0.0031313838987461133
0.004229130797197834	0.048862824799776994	0.040111523688810394	0.026999957976588173
0.003876822473632812	0.022603889174245845	0.010538718755448451	0.014697062667086569
0.004530934984594241	0.016463930794499832	0.03766489839923721	0.017532430884466408
0.005330959471363986	0.05505128855649606	0.010255325050922366	0.03539844031362563
0.11113522838347345	0.006743900179530077	0.07876498305796999	0.025531024274124473
0.00556099812510588	0.017148740696801237	0.11687711430463074	0.0183911130958746
0.02884667572524893	0.06136201800977017	0.06565267277477298	0.047314964703253186
0.059200783884950176	0.029453044052910715	0.008339611491812522	0.08785563201988426
0.007201079997226897	0.026930658580413443	0.040753608487868166	0.08570053695308906
0.029173408991103714	0.02668081622059621	0.07851538253117589	0.011753429944670348
0.02926357248274982	0.022999252546483582	0.053777666690521614	0.07040866287138406
0.11195991645484381	0.013091792636917931	0.004105834780434913	0.01518758019890547
0.006261168769227799	0.02478602356136997	0.055992816209105054	0.03477516009187202
0.03198365061893714	0.029973329807001174	0.04925946258814637	0.03369156927674197
0.036307518308758314	0.017590254168444053	0.01327726000544538	0.035741242573550505
0.001435462984485156	0.013884645364740518	0.006775011659696891	0.0038416573513895217
0.0016117211860171264	0.02184887374638316	0.050541096754137295	0.0888355178383349
0.0018248665933980406	0.029817421127997765	0.06046287633885745	0.07922212464885424
0.01038002645732641	0.011591366643326086	0.006623315623106099	0.020817942850524563
0.0015011780413413012	0.0348962854879895	0.025959076528263174	0.07252117298943744
0.008220792870449007	0.004365258132354249	0.043303200339812206	0.010981481260087179
0.0013523524604624152	0.004949535946320519	0.07063919743704933	0.006841355994006328
0.0069558894110857	0.011416565678470837	0.019848820573266906	0.014826460515094887
0.010699279687592388	0.016610540765708493	0.03013700223914216	0.020775599643752644
0.04280755212034402	0.026747116045209275	0.05040131576016371	0.01557947040914229
0.002098527069420745	0.013122283946403692	0.028697932041241492	0.01316942672220467
0.04511870355730216	0.05648904907057729	0.07148030300032794	0.018421712297138456
0.04863426453197771	0.03842338171505923	0.031116215780092004	0.023137474504620965
0.018949273017508497	0.02859204708951862	0.09467627547446136	0.0789259675815686
0.025887765771964742	0.02911634205569137	0.10070342066802629	0.016021600976221455
0.0054393931791234295	0.03052230029832328	0.09674415743068038	0.008820066235212672
0.024394828607267327	0.07084930524635719	0.015939824031242687	0.01638485679809083
0.0037543394342207455	0.07363714791580557	0.1529358073524555	0.016739962177084042
0.0078105330057979564	0.04624536821191097	0.03774109171192027	0.006143576776658311
0.00407265727669593	0.026829489545165053	0.07312802900508168	0.005890872819395434
0.033937861557921736	0.02759386823753122	0.027197392580772334	0.019551796673220313
0.03376153226748905	0.025612314831352994	0.06462251925212215	0.016477339226240086
0.012010175994423647	0.030208949243411908	0.0662770054204744	0.003669988701511893
0.012381295600775749	0.004968057775836425	0.020685725149997128	0.01037737840944984
0.03184717185709581	0.006277050107811521	0.019639332156761807	0.002872053579540331
0.008244101860366114	0.0479071129501152	0.005224809268250044	0.013986349352727944
0.012872645010192295	0.03469074713815387	0.08474032572214374	0.04064063038460984
0.034607506538347405	0.02625750286131697	0.009557483002496751	0.04125687618610409
0.011457651950801302	0.03811365328109647	0.06165315978723372	0.07551397321003393
0.009739200612788351	0.04595263487630696	0.10741814401133955	0.03924360591121455
0.05222209749230459	0.015424555481063938	0.034561095215636176	0.03337675912439117
0.004384162049240583	0.024120401574107064	0.057386801860991606	0.03303775180634926
0.0130585625478215	0.027929717671909767	0.024015980356337962	0.026383266496264574
0.0072756727889529684	0.011334291062875004	0.06778670931386233	0.029130404449580923
0.050941606528513234	0.051038054667423775	0.2554638038513092	0.0375225441532055
0.004610834427955898	0.041072488798307466	0.06494449952604929	0.07104946848070127
0.005014058705583075	0.02926598697091061	0.024762442243697155	0.004001185750349715
0.007604864115309559	0.008572153509149843	0.009696071701702424	0.007875467145485975
0.013557183478646328	0.047655369281986	0.033332620993025246	0.07551468190844497
0.001980430105402918	0.0250341467140904	0.04573942429415186	0.005800110222263071
0.059485691828385916	0.011832311395120079	0.039209206597128135	0.018954366900997704
0.009768274251234162	0.015422472689907115	0.04612273162754682	0.022794819421251503
0.010441705639818817	0.008931532478671372	0.017246531004048982	0.028054159503329464
0.007006922818470605	0.06461245274485658	0.01751628878640158	0.018904633241390176
0.040751699078610176	0.0025499856242716416	0.03356142724100973	0.012109924611403094
0.018918123311459475	0.016881094237958583	0.018574178646944245	0.0047473237709093246
0.00465691454427961	0.007532283236205383	0.09138145393782442	0.021919038306477026
0.0036042281257655986	0.029169334073354668	0.12750053752980905	0.05989191417615612
0.06351202515203837	0.006296530802251507	0.03928455238615192	0.0054604270978310734
0.06456989580890461	0.010923149669295718	0.015452432898428348	0.0316020354285384
0.08440439027899126	0.018165154205590013	0.04535321734121344	0.03789596263178448
0.03049165001732894	0.03488918271060259	0.056883888181314096	0.07183564552219242
0.01494747908877649	0.013524998806052813	0.0366345139037938	0.041435794107251706
0.016214703874047807	0.013394436409568193	0.07450881710341024	0.03178587458211509
0.0011308465318285192	0.014102535149231507	0.02127267271474558	0.03346601991236116
0.0319314512438395	0.027553087693238307	0.017110428266465902	0.03544012054125556
0.0018494784137573189	0.03973499391556135	0.10567619991245598	0.014351527808596101
0.019874887121127508	0.025483597503110515	0.03951738582312451	0.01661601248303677
0.0054393931791234295	0.019881556626615164	0.11549839219756315	0.008018030434705248
0.03607925412034842	0.014868462180333556	0.025527323824565434	0.026114954117904182
0.00437050252660147	0.004719478594939496	0.0648680156522396	0.033760171656016864
0.012288853065076523	0.022660013688929843	0.048562192915754435	0.01624348781174361
0.09931535651981986	0.0238278385518429	0.04953106570286707	0.07242403533529462
0.04245657764399978	0.006983987676146187	0.018701330333756712	0.016399877238429478
0.13705210793481187	0.013982833134207869	0.029783646690904032	0.008959542803897878
0.002363239354005827	0.0073097844781502596	0.04474153348774381	0.022910188581002026
0.13630263083580582	0.004680207544651223	0.049418745833788906	0.023044378688961104
0.005918687460789367	0.023881529011159048	0.06128227246773449	0.03214264226086717
0.009873886506822555	0.03190380947770816	0.1672367772945063	0.018576768638855767
0.006160494492795641	0.0037026282647486214	0.046271192112336434	0.021309113819316546
0.017948140652254137	0.037342766036656164	0.08957835647068635	0.016709008113358747
0.03497521879397686	0.011045090392268002	0.12464092935078375	0.04567719187048972
0.0004847941876131871	0.027441819292198227	0.03781859686569693	0.057640629973067715
0.03537060895511045	0.021956171309288723	0.08264761715649711	0.03474621312054099
0.02071818896701105	0.03638397868636066	0.15391133428110385	0.012603598248562003
0.02383250684740347	0.0687970856435853	0.05200367877317537	0.054329083573976464
0.06451075914134674	0.00917141575663864	0.01635833046980347	0.011515656349217297
0.004296215334576612	0.015272655470240606	0.06652469170819614	0.02359108067446325
0.033911230953058404	0.016304024551573114	0.03454451982581543	0.07007149310082773
0.005737069317582441	0.023801258046704195	0.013045994651346753	0.03821464377724501
0.020362807500162804	0.012302643181658966	0.0705595978025841	0.007908522201761291
0.005788078071867961	0.012320148447477405	0.11633629814659677	0.027396798102380854
0.022809994552319905	0.009961120904622239	0.01467420683616777	0.02064593381584387
0.002879884666607644	0.01059811832119582	0.056322012039057776	0.00867280261852718
0.003003389537516583	0.013643191068922172	0.08784399135594854	0.07146299650475275
0.019928421371094292	0.01291213829084191	0.025048372622919195	0.0452854378579627
0.045439349440602114	0.026601350168730293	0.007797801314259833	0.011237171599543978
0.005328044372464303	0.037810795295645204	0.041959275554734415	0.011693373205316713
0.033449622728700466	0.02081237818181909	0.12127051257942574	0.03748054444686544
0.003537656966258757	0.03352657132529916	0.012744393872577692	0.0015765356299503113
0.04784507409500997	0.022927052479819965	0.040068173339694355	0.03255612401457364
0.009394943609040297	0.038147950636147406	0.04893250687782771	0.047532929568970574
0.013605082918429734	0.004620701058936908	0.13808402411647097	0.01437772387500169
0.017726482760669206	0.048504614299626866	0.03559553612092319	0.024702949185605276
0.03976174120917467	0.027357981733876217	0.02105426707790477	0.009390708575260403
0.011781700796342024	0.006737924054500824	0.02859288080311483	0.015515241000892993
0.06436652828456821	0.004395146023350774	0.054830809098796465	0.014955840620684476
0.019184597779167614	0.0023915519724528756	0.09239450583009684	0.0065263438723166525
0.005838857185606073	0.018287046597866584	0.08746382273757514	0.04060529384019727
0.024629348514687444	0.023899616088311763	0.11648717011896843	0.008626423552298864
0.03421819800294916	0.011773806276244234	0.01839432347699646	0.034191963982395386
0.036754902980193495	0.03135741983393892	0.03596944930172222	0.024419232561430762
0.006270910285531323	0.004176035892505406	0.016232537531934894	0.04236700054408488
0.035185001212809944	0.0019813839189054094	0.05097897915978271	0.026572740385793738
0.0028717708115173954	0.021266646296887404	0.043647557654382795	0.01073398401154924
0.00944574065005545	0.010490766100258338	0.056708486595796345	0.019955778287064223
0.0032277744261237215	0.013466577943582494	0.05169382081160632	0.015486028986092994
0.004014527349010794	0.016049053518350995	0.05849016641567389	0.041684070142676624
0.015920767302461624	0.006307142572026696	0.014300690138097165	0.04073636712959757
