Kids_First_Biospecimen_ID	ecotype	set	dist_Lymph	dist_Mye	dist_Desert
BS_06AMMCXR	Lymphocyte-inflamed	BRAF_ALT_main	5.516639891688513	5.578891109520525	9.94576666473737
BS_08TWG4K0	Lymphocyte-inflamed	BRAF_ALT_main	18.43554590952034	20.676723219826957	23.825314969860642
BS_1DECYC4K	Lymphocyte-inflamed	BRAF_ALT_main	4.6770209996109635	4.702161971383775	8.904775023319724
BS_2A5R9D97	Lymphocyte-inflamed	BRAF_ALT_main	4.96342928934059	5.367782860281016	9.934688112190512
BS_3VJ0CA6A	Myeloid-dominant	BRAF_ALT_main	4.1101807963974215	3.9687977094142193	8.561754314103963
BS_3XYJBBHQ	Lymphocyte-inflamed	BRAF_ALT_main	6.602077586403945	9.010589597656942	13.238943402243848
BS_4C4MZ4NT	Myeloid-dominant	BRAF_ALT_main	5.308683596421619	4.450143237563709	8.119493747780822
BS_4PPHAQXF	Myeloid-dominant	BRAF_ALT_main	7.103740363490374	4.863657868950454	7.561823893729315
BS_4SMPV083	Lymphocyte-inflamed	BRAF_ALT_main	6.2322897041798315	7.439141073034606	11.11479186141972
BS_A76PNWQS	Myeloid-dominant	BRAF_ALT_main	14.689566547082334	13.423665166354413	13.941240573666576
BS_BZCTXEPJ	Lymphocyte-inflamed	BRAF_ALT_main	3.5856956414363768	6.497719574711483	11.50284294039208
BS_CB6VK7PB	Myeloid-dominant	BRAF_ALT_main	5.375914062643051	4.293695564811174	8.193373924263945
BS_ED8G98XT	Myeloid-dominant	BRAF_ALT_main	9.818255373057607	7.061333233549529	7.926588509945429
BS_FCX6DZ0J	Lymphocyte-inflamed	BRAF_ALT_main	5.515417234245426	7.602888997270883	11.954909537989014
BS_FYRDYBMZ	Myeloid-dominant	BRAF_ALT_main	8.043828541891154	5.470304254820377	7.6579809212750325
BS_H1XPVS9A	Lymphocyte-inflamed	BRAF_ALT_main	5.431037049850894	5.559241490070318	9.60228479272599
BS_QRNSKFMS	Lymphocyte-inflamed	BRAF_ALT_main	4.927348733568006	5.434800977697439	9.7024873944841
BS_R13X6TMW	Myeloid-dominant	BRAF_ALT_main	6.570648697436233	4.215497808179047	7.452049920406767
BS_RJMJ935A	Lymphocyte-inflamed	BRAF_ALT_main	3.980601623042939	7.724717226527046	12.705868069155468
BS_RWJZFTP9	Myeloid-dominant	BRAF_ALT_main	7.764638176978557	5.012180166838811	6.82513295528607
BS_S20SP0WW	Lymphocyte-inflamed	BRAF_ALT_main	4.075401076239222	6.866567720899342	11.693799418544451
BS_SB12W1XT	Lymphocyte-inflamed	BRAF_ALT_main	5.8016281858893235	5.897818679808162	9.895349333315641
BS_T0MXH2CA	Lymphocyte-inflamed	BRAF_ALT_main	4.97975886214904	5.113893467122188	9.307019101685002
BS_T1W4JA94	Myeloid-dominant	BRAF_ALT_main	6.494783687336351	4.007560554477898	6.8404345448627
BS_T289QKBV	Lymphocyte-inflamed	BRAF_ALT_main	4.668558123811872	5.480069742470366	10.235121705367833
BS_T3H5AY8A	Lymphocyte-inflamed	BRAF_ALT_main	4.53990753042223	7.147440920705926	12.039844942839617
BS_TVV122JG	Myeloid-dominant	BRAF_ALT_main	9.253303600176217	6.663429212428618	7.331782179541493
BS_VW85Q4XJ	Lymphocyte-inflamed	BRAF_ALT_main	3.6243363688429464	5.964354822532149	10.821761728691941
BS_W97QQYKQ	Lymphocyte-inflamed	BRAF_ALT_main	7.369206253797428	9.982169493246422	14.139314894228498
BS_WYMX429C	Lymphocyte-inflamed	BRAF_ALT_main	3.940676719920388	5.985225414541145	10.687594276211705
BS_YR1XY6SF	Myeloid-dominant	BRAF_ALT_main	4.401000032962931	4.128663800255921	8.897612161489016
BS_014EVM2D	Lymphocyte-inflamed	BRAF_ALT_LGG	4.53995240380094	7.359814528637834	12.020593833356902
BS_044XZ8ST	Myeloid-dominant	BRAF_ALT_LGG	6.849420938281917	5.203303208995256	8.195535282953932
BS_063ERW0R	Immune-desert	BRAF_ALT_LGG	9.919337695504598	6.049809872203973	5.819290119856155
BS_0D5VRAKC	Lymphocyte-inflamed	BRAF_ALT_LGG	4.718998833943572	7.821729900279623	12.53783198254293
BS_0J9SHHSC	Myeloid-dominant	BRAF_ALT_LGG	5.9024813141866295	5.0179899772416805	8.406345329757949
BS_0SCXXM6N	Lymphocyte-inflamed	BRAF_ALT_LGG	3.919226593474172	6.469388586190616	11.223575767248525
BS_0TDWG2CV	Lymphocyte-inflamed	BRAF_ALT_LGG	3.65181304474619	7.56058133818761	12.682779045772003
BS_0WVJYM9R	Myeloid-dominant	BRAF_ALT_LGG	7.1310044637414824	6.362117961007656	9.177565393979911
BS_0X9EGHY2	Myeloid-dominant	BRAF_ALT_LGG	8.504281098423759	5.952763276767015	7.080491518979497
BS_0Y5J2AQ4	Myeloid-dominant	BRAF_ALT_LGG	4.711841636312455	3.7712375237968225	8.01971648017027
BS_13CGKADW	Immune-desert	BRAF_ALT_LGG	9.661020323901582	6.363707697104226	6.078562710149451
BS_166N7SZQ	Myeloid-dominant	BRAF_ALT_LGG	7.311302835147594	5.559290073750563	8.291768902931537
BS_17WYVEEC	Immune-desert	BRAF_ALT_LGG	10.176481159123863	6.524463299849063	5.8951826996836685
BS_1G3WYEN3	Myeloid-dominant	BRAF_ALT_LGG	7.943575342568344	4.901918501912884	6.200480276138677
BS_1HYS8CSC	Lymphocyte-inflamed	BRAF_ALT_LGG	4.035928064907337	6.817967345593998	11.737091644409952
BS_1JDG6JV5	Lymphocyte-inflamed	BRAF_ALT_LGG	4.991066269550389	6.363322918393318	10.903389626157903
BS_1KYGSMA7	Lymphocyte-inflamed	BRAF_ALT_LGG	5.901690485139319	8.212670615421834	12.257191026229767
BS_1N76FQZY	Myeloid-dominant	BRAF_ALT_LGG	6.5000139017792105	4.370396689036934	7.159099089457372
BS_1NPD7PVG	Myeloid-dominant	BRAF_ALT_LGG	6.8082189885456925	5.412523526581433	8.388421331400552
BS_1Z9AX9JS	Myeloid-dominant	BRAF_ALT_LGG	4.9313805405112845	4.648227210003529	8.68860399256307
BS_1ZVXF5FE	Myeloid-dominant	BRAF_ALT_LGG	7.5061435377133385	4.569854835920212	6.440820000653948
BS_21RE8W46	Myeloid-dominant	BRAF_ALT_LGG	8.760845316617425	6.339620279873703	7.39322278796032
BS_24AHZ9ZW	Lymphocyte-inflamed	BRAF_ALT_LGG	5.146694706195647	6.2656055840158515	10.831317362054545
BS_2720P44V	Lymphocyte-inflamed	BRAF_ALT_LGG	4.541289493163454	7.445125561822717	12.32603937700301
BS_27FYYPJG	Myeloid-dominant	BRAF_ALT_LGG	5.210827945291478	4.360102922961612	8.42344895143164
BS_29TRQXWM	Myeloid-dominant	BRAF_ALT_LGG	4.923377787672107	4.756116015963973	8.902616144338797
BS_2ADZNNV4	Myeloid-dominant	BRAF_ALT_LGG	6.106110566818172	4.870985591614322	8.10465160285842
BS_2EMW8ZG3	Myeloid-dominant	BRAF_ALT_LGG	6.396784110314138	4.532609051736474	7.713892978471788
BS_2K3FVT86	Lymphocyte-inflamed	BRAF_ALT_LGG	4.765756041537739	6.64307326313229	11.328258171309471
BS_2KJ2YAZR	Myeloid-dominant	BRAF_ALT_LGG	5.581583373809227	4.438592645487925	8.454943604891106
BS_2QCQYY6M	Lymphocyte-inflamed	BRAF_ALT_LGG	5.578606411934557	6.359896322493977	10.509100677453551
BS_2WPQ8YCW	Myeloid-dominant	BRAF_ALT_LGG	5.667369485658596	4.235410717539393	7.813625700381488
BS_2XM08BFY	Lymphocyte-inflamed	BRAF_ALT_LGG	3.7515546451973156	5.554920605773239	10.289174062750423
BS_2YCJV2VV	Myeloid-dominant	BRAF_ALT_LGG	6.3856133533357635	5.481839539235199	8.80706570335967
BS_304SPN6B	Lymphocyte-inflamed	BRAF_ALT_LGG	4.351947273078569	4.677516632098794	9.069784544020667
BS_33AQSPRP	Lymphocyte-inflamed	BRAF_ALT_LGG	4.289404426279036	5.568894420832368	10.221451295347276
BS_3G3KWY18	Myeloid-dominant	BRAF_ALT_LGG	5.5310394936773415	4.91516228959763	8.842692630748116
BS_3GAN6Q43	Lymphocyte-inflamed	BRAF_ALT_LGG	4.666060885579451	4.834840244216318	9.126319413956834
BS_3P20Q2C3	Immune-desert	BRAF_ALT_LGG	14.10857212760609	9.845158245464804	6.711644804471653
BS_3PYESPHA	Immune-desert	BRAF_ALT_LGG	10.22937682824986	6.45596662233476	5.196815611747108
BS_3Q0GTSYH	Myeloid-dominant	BRAF_ALT_LGG	7.112759638702502	5.33553330913949	7.875994196682702
BS_3TJHY996	Lymphocyte-inflamed	BRAF_ALT_LGG	4.98082613541725	7.789388996567608	12.478158737144284
BS_3XY76V8T	Myeloid-dominant	BRAF_ALT_LGG	5.638797934992425	5.5404215563470025	9.114243747821195
BS_3Y2X2RBJ	Lymphocyte-inflamed	BRAF_ALT_LGG	3.298493924192221	5.789897107110371	10.804472729154407
BS_401R3KV0	Myeloid-dominant	BRAF_ALT_LGG	5.233517344725251	4.4383269706782285	8.639626009061073
BS_42DY6WS7	Myeloid-dominant	BRAF_ALT_LGG	7.9195728330528175	5.508030772867201	7.438766037185347
BS_42Y3YANN	Lymphocyte-inflamed	BRAF_ALT_LGG	5.480078797976877	5.6306739622664805	9.610407988626251
BS_470DYRJQ	Myeloid-dominant	BRAF_ALT_LGG	5.336658045547291	4.386123221223117	7.98072990116375
BS_47SJZ3PH	Myeloid-dominant	BRAF_ALT_LGG	5.624364768688128	4.893151665368086	8.867807855159505
BS_49852ZBH	Myeloid-dominant	BRAF_ALT_LGG	5.53835303258349	4.43552783604372	8.205823429195997
BS_4A45GGSW	Myeloid-dominant	BRAF_ALT_LGG	6.562240939779395	4.526667608816253	7.66733031285479
BS_4BWB0FA0	Lymphocyte-inflamed	BRAF_ALT_LGG	4.378465813396314	5.65975096389503	10.024842695373529
BS_4CXE5XEP	Lymphocyte-inflamed	BRAF_ALT_LGG	3.5696857123020203	4.9859093014976175	9.887921933012187
BS_4HQ3T2NC	Myeloid-dominant	BRAF_ALT_LGG	5.3809130065150965	5.23977983645886	9.285010367659671
BS_4N1GNHX4	Lymphocyte-inflamed	BRAF_ALT_LGG	4.3990835585599335	5.584157463760916	10.018327796299651
BS_4NF35AF6	Myeloid-dominant	BRAF_ALT_LGG	9.116697445505505	5.920880659553158	6.509367629766748
BS_4TZQY7TT	Lymphocyte-inflamed	BRAF_ALT_LGG	7.175617259157794	10.454530691513991	14.906323158656223
BS_4Y6BCYK5	Myeloid-dominant	BRAF_ALT_LGG	6.496364723191684	3.988543945164988	6.791626900438315
BS_4Z2F4P9N	Myeloid-dominant	BRAF_ALT_LGG	5.037995730497676	4.648202718545825	9.026127727502343
BS_503DZ8BN	Lymphocyte-inflamed	BRAF_ALT_LGG	8.866337254245636	10.706269695498511	14.155623848703854
BS_52426AMF	Lymphocyte-inflamed	BRAF_ALT_LGG	4.108412501174331	5.766650443416414	10.451390613296368
BS_52DAPP1Y	Myeloid-dominant	BRAF_ALT_LGG	8.06030853282508	5.002046932334769	6.216328621208253
BS_534XRSNB	Myeloid-dominant	BRAF_ALT_LGG	4.934072320870454	4.697340452483692	8.96809166069455
BS_53GQKVEX	Myeloid-dominant	BRAF_ALT_LGG	7.1669836063091195	5.1956699029595095	7.990972400732182
BS_54H90JW2	Lymphocyte-inflamed	BRAF_ALT_LGG	3.9820586221792404	6.820524212603751	11.803098135261664
BS_55P8HPYD	Myeloid-dominant	BRAF_ALT_LGG	7.783565333430852	4.821967075004954	6.424291310640746
BS_55X1W2MR	Lymphocyte-inflamed	BRAF_ALT_LGG	5.899851457369173	9.341204543292612	14.175265161139126
BS_57NMZPS0	Myeloid-dominant	BRAF_ALT_LGG	8.519373618720316	5.666129454398794	7.126123838459362
BS_593HEWBF	Myeloid-dominant	BRAF_ALT_LGG	5.922174088630188	5.256185805550214	9.03669810711772
BS_5J5D3QTD	Lymphocyte-inflamed	BRAF_ALT_LGG	4.038478779981864	4.706897784133686	9.46868346975813
BS_5K3R0F5D	Myeloid-dominant	BRAF_ALT_LGG	9.606412983761583	6.780921815715882	6.933169594301387
BS_5NWDARXG	Lymphocyte-inflamed	BRAF_ALT_LGG	5.439750296656893	7.241568301097606	11.469311286757108
BS_5PEFNDCY	Myeloid-dominant	BRAF_ALT_LGG	8.770089420586347	5.971928410851882	7.10941351402726
BS_5PV5N4HQ	Myeloid-dominant	BRAF_ALT_LGG	6.758456686818732	5.020393452042614	7.876324034810402
BS_5YJEPPTP	Myeloid-dominant	BRAF_ALT_LGG	5.4819379269590085	4.852561219322312	8.723634558035302
BS_5YYCP891	Lymphocyte-inflamed	BRAF_ALT_LGG	4.772230749120583	7.132618459705687	11.72103219230413
BS_66ABA973	Myeloid-dominant	BRAF_ALT_LGG	8.618266966001874	5.440975626684873	6.301907587210481
BS_66HQ3E4Z	Myeloid-dominant	BRAF_ALT_LGG	7.32704845659941	4.839250532238109	7.32813160570674
BS_680K119G	Myeloid-dominant	BRAF_ALT_LGG	6.616253012191495	4.213334358954015	6.965151863128779
BS_68BW2163	Immune-desert	BRAF_ALT_LGG	10.95130017979097	7.31535372646677	6.0200499749567085
BS_699TN5RN	Lymphocyte-inflamed	BRAF_ALT_LGG	4.5684139822746515	7.4761337475465	12.324111432237842
BS_6HXD39AM	Lymphocyte-inflamed	BRAF_ALT_LGG	6.6777161710572175	10.023780454363434	14.49513411987508
BS_6N3AFF66	Myeloid-dominant	BRAF_ALT_LGG	7.764914478239041	5.991012438194351	8.207954959303942
BS_6TSAVMT9	Lymphocyte-inflamed	BRAF_ALT_LGG	4.138573726832703	5.509679083919604	10.194776710755793
BS_6VF6VPCG	Lymphocyte-inflamed	BRAF_ALT_LGG	5.147320466047544	5.248237776098159	9.588328049711727
BS_769BDPDB	Lymphocyte-inflamed	BRAF_ALT_LGG	5.68729245942188	8.832622219927273	13.47897461858099
BS_76DRXZRJ	Lymphocyte-inflamed	BRAF_ALT_LGG	3.763668696053549	6.159947540839803	10.892958983322057
BS_775HDFNY	Myeloid-dominant	BRAF_ALT_LGG	5.3529392209452284	5.010454744071581	8.98415111300496
BS_7H4RFCW9	Lymphocyte-inflamed	BRAF_ALT_LGG	4.552526766730968	8.53509882477779	13.547364461077558
BS_7M3FNSYK	Myeloid-dominant	BRAF_ALT_LGG	5.601050922140286	4.333014688210222	8.198549785501802
BS_7MGXMG6S	Lymphocyte-inflamed	BRAF_ALT_LGG	7.770669541367442	8.975785584000203	12.37685650386993
BS_7N0B2CY1	Immune-desert	BRAF_ALT_LGG	11.374037036851094	7.6710752222934655	6.272265963228222
BS_7P83Z28P	Myeloid-dominant	BRAF_ALT_LGG	5.31380601195431	4.759716069816746	8.734122660090987
BS_7Z93ZYMS	Myeloid-dominant	BRAF_ALT_LGG	5.326699138423222	4.942453266485073	8.902861732952434
BS_880ESDFZ	Myeloid-dominant	BRAF_ALT_LGG	5.912930859160356	3.8972438698932512	7.1424394896710375
BS_8BF616QR	Lymphocyte-inflamed	BRAF_ALT_LGG	4.082412249636262	4.790129550931909	9.659413967103037
BS_8J3B6ZB6	Myeloid-dominant	BRAF_ALT_LGG	5.271258784395285	5.0879579201481695	9.22344705587302
BS_8QJ43WKW	Lymphocyte-inflamed	BRAF_ALT_LGG	5.240613799533516	7.297496945262502	11.952837166469772
BS_8RCR7Y4B	Myeloid-dominant	BRAF_ALT_LGG	6.6467422539269645	4.510073459012786	7.377056691487374
BS_8VAZSJEN	Lymphocyte-inflamed	BRAF_ALT_LGG	4.318104366546163	5.782468134858692	10.385973387514985
BS_92HCM7BN	Lymphocyte-inflamed	BRAF_ALT_LGG	3.7281472697847575	6.166749712404116	11.122596890491298
BS_94MT16N2	Immune-desert	BRAF_ALT_LGG	11.840210167819468	9.177726210089784	8.40441428059919
BS_9BJARSX3	Lymphocyte-inflamed	BRAF_ALT_LGG	3.707111949488486	5.2766026798597006	10.049236852895667
BS_9F09XV62	Immune-desert	BRAF_ALT_LGG	12.648691026100407	9.626701489991088	8.982950608978047
BS_9HSGV9TJ	Lymphocyte-inflamed	BRAF_ALT_LGG	4.537615910194266	6.260864048147383	10.958200352500635
BS_9JBX2E8G	Myeloid-dominant	BRAF_ALT_LGG	6.565951130465553	4.7385669714537935	7.3087161828712075
BS_9P9MB8X8	Myeloid-dominant	BRAF_ALT_LGG	6.421643735611817	5.493186083995706	8.848675246648815
BS_9Q6Z6VJC	Myeloid-dominant	BRAF_ALT_LGG	6.821392817186571	4.880852820578532	7.3382969700545315
BS_9S7AG4EN	Myeloid-dominant	BRAF_ALT_LGG	6.966163003794096	4.313249527841645	6.450334779230471
BS_9SJWWYQ4	Myeloid-dominant	BRAF_ALT_LGG	7.902405545771127	5.244487276204662	6.949832766036277
BS_9YXH2CZ0	Lymphocyte-inflamed	BRAF_ALT_LGG	4.575645236856473	4.809657626612586	9.204883621665422
BS_A13BMEF5	Myeloid-dominant	BRAF_ALT_LGG	7.5958786798000215	4.58937088269884	6.356948016887168
BS_A1VEGWTR	Myeloid-dominant	BRAF_ALT_LGG	8.77291743904941	5.909562586065067	7.025799896851838
BS_A46RDWGM	Immune-desert	BRAF_ALT_LGG	11.665829327512785	7.406051194973463	4.6835024348258925
BS_A96FKXN5	Myeloid-dominant	BRAF_ALT_LGG	6.424935640493395	6.1623811985649235	9.687698453898918
BS_AGVWD5K8	Lymphocyte-inflamed	BRAF_ALT_LGG	4.480104131988337	4.555687017993817	8.872471439227597
BS_AM0BZ61K	Lymphocyte-inflamed	BRAF_ALT_LGG	4.114624802790529	4.676079045817793	9.39129308229291
BS_AP0SZ364	Lymphocyte-inflamed	BRAF_ALT_LGG	3.6375438333072987	5.293255564714005	10.09776403562069
BS_ATHSTZ5R	Lymphocyte-inflamed	BRAF_ALT_LGG	3.9171122620344545	4.98674460902032	9.585253797813596
BS_AW7J9F9R	Lymphocyte-inflamed	BRAF_ALT_LGG	4.101085036873904	5.46956516550427	10.145950718277012
BS_B0SVFK4P	Lymphocyte-inflamed	BRAF_ALT_LGG	6.8802650819864795	8.824692101341197	12.682222705445623
BS_B3M5SGPA	Myeloid-dominant	BRAF_ALT_LGG	7.009839467238848	4.604930046761053	6.961210882978573
BS_B5JM6T8K	Lymphocyte-inflamed	BRAF_ALT_LGG	4.162896357763977	4.715638050634388	9.504067790402377
BS_B6JKQFKA	Lymphocyte-inflamed	BRAF_ALT_LGG	4.330531853551179	4.515044154815229	9.028828841950084
BS_B7GEH89C	Myeloid-dominant	BRAF_ALT_LGG	6.175973719978732	4.506763825286164	7.677606699267591
BS_B7X8VXQ3	Myeloid-dominant	BRAF_ALT_LGG	7.5818039430745205	5.090886073615819	7.263580383340975
BS_BANCTAV6	Myeloid-dominant	BRAF_ALT_LGG	8.007527566560052	4.404373392212069	5.475425629027928
BS_BC936YNZ	Lymphocyte-inflamed	BRAF_ALT_LGG	4.407433358154494	6.168019353407718	10.72478650705764
BS_BGRPWBNG	Lymphocyte-inflamed	BRAF_ALT_LGG	3.788196845115407	5.966178549011063	10.807063068987516
BS_BJBM0BN7	Myeloid-dominant	BRAF_ALT_LGG	4.719642433217691	4.622123872717488	8.87178978558734
BS_BKQZ550R	Myeloid-dominant	BRAF_ALT_LGG	5.725695502383915	4.82712725687323	8.561504396901649
BS_BN986DF6	Myeloid-dominant	BRAF_ALT_LGG	7.565690572403595	4.932242543259894	7.063238210956201
BS_BNECCX4D	Lymphocyte-inflamed	BRAF_ALT_LGG	3.9703734572220695	6.434372395342508	11.432135799301138
BS_BPSTSCBJ	Lymphocyte-inflamed	BRAF_ALT_LGG	5.912716759187457	6.421299546310044	10.216046001495119
BS_BW79W2PD	Lymphocyte-inflamed	BRAF_ALT_LGG	6.841388688890212	6.923086718437292	9.987801015187594
BS_C0NEVC2B	Lymphocyte-inflamed	BRAF_ALT_LGG	3.8002358924438817	6.956291052607941	12.021567234146803
BS_C51RB0YR	Lymphocyte-inflamed	BRAF_ALT_LGG	5.0930145502484	5.819928282452173	9.870996833090402
BS_C6SKJG3N	Myeloid-dominant	BRAF_ALT_LGG	5.353869321976726	5.246899716895429	9.198498519708487
BS_CC6RREE4	Lymphocyte-inflamed	BRAF_ALT_LGG	4.175236370114416	7.768011635712819	12.749466193806471
BS_CGB2WS2A	Myeloid-dominant	BRAF_ALT_LGG	7.8820756587417105	4.6660606245280585	5.9533303721270885
BS_CKX8RW1J	Lymphocyte-inflamed	BRAF_ALT_LGG	3.930268844383952	4.564282268522479	9.274840706746543
BS_CMDJJQ7K	Lymphocyte-inflamed	BRAF_ALT_LGG	4.338621272473465	6.3437817631482085	11.164921485924424
BS_CTR5X93B	Myeloid-dominant	BRAF_ALT_LGG	6.5548667411910815	5.802620008668133	9.116981731371418
BS_CVGFNCBJ	Immune-desert	BRAF_ALT_LGG	10.903874317931342	7.512157381785283	7.331587973896327
BS_D3YBV7KB	Lymphocyte-inflamed	BRAF_ALT_LGG	5.0710023973230784	6.763020185650546	11.25928851416828
BS_DEHJF4C7	Lymphocyte-inflamed	BRAF_ALT_LGG	4.996631321169683	5.61949085228103	9.885684096973183
BS_DMJHAG9X	Lymphocyte-inflamed	BRAF_ALT_LGG	4.339704483309891	6.2209163175719775	10.909097975661375
BS_DMZP9G1H	Immune-desert	BRAF_ALT_LGG	12.040112847688686	8.115043281391134	5.70474477648858
BS_DPF1CX0G	Myeloid-dominant	BRAF_ALT_LGG	8.55598722620492	5.332676588038213	6.224349768483708
BS_DSS3S5XD	Lymphocyte-inflamed	BRAF_ALT_LGG	5.159526592064399	5.481757180554442	9.597702226213466
BS_DV86M0Y7	Myeloid-dominant	BRAF_ALT_LGG	7.5043325886559265	4.90007536363313	6.89964358145519
BS_E2DEWCSK	Lymphocyte-inflamed	BRAF_ALT_LGG	3.7259799112013567	5.186290936323795	10.07816004703048
BS_E3EJHXQV	Lymphocyte-inflamed	BRAF_ALT_LGG	5.12458659428064	7.21417813586693	11.743539367845315
BS_E4GC9EXR	Lymphocyte-inflamed	BRAF_ALT_LGG	3.5413413866765424	6.33205209710006	11.165426217712541
BS_E94QRJDW	Myeloid-dominant	BRAF_ALT_LGG	5.030240607763041	4.784996064991271	8.848206235656972
BS_EBMCTR80	Myeloid-dominant	BRAF_ALT_LGG	6.45833848719806	4.188197159510631	7.318875909545839
BS_EFEZB0ZH	Lymphocyte-inflamed	BRAF_ALT_LGG	4.7399842606304965	6.673371663140785	11.138731664687331
BS_EHVYJAVA	Myeloid-dominant	BRAF_ALT_LGG	7.693572849837136	5.830827989033192	8.062474474223121
BS_EMAJ7P3P	Lymphocyte-inflamed	BRAF_ALT_LGG	4.141963308050973	5.100932686512595	9.775426860135761
BS_ET8CJXSF	Myeloid-dominant	BRAF_ALT_LGG	8.68168385881815	5.6737084678717915	6.525158544813763
BS_EXGBH3TD	Myeloid-dominant	BRAF_ALT_LGG	7.551788922050732	5.598048222489661	8.185148680111666
BS_EYSS0ZDS	Myeloid-dominant	BRAF_ALT_LGG	7.6473752710308185	5.803029838309852	8.20631935484027
BS_F1K9QTBS	Lymphocyte-inflamed	BRAF_ALT_LGG	4.050752003429892	6.497879126284852	11.362884336569376
BS_F77MGAQT	Lymphocyte-inflamed	BRAF_ALT_LGG	5.452671207890659	9.258946520270262	14.128563378322815
BS_F8N6CFQE	Myeloid-dominant	BRAF_ALT_LGG	4.41794700064966	4.2663191042323545	8.860374202143053
BS_FAQQ0GCQ	Lymphocyte-inflamed	BRAF_ALT_LGG	4.506340299278384	6.973004102790223	11.852042847343654
BS_FJWZ3M7V	Myeloid-dominant	BRAF_ALT_LGG	6.6880667091417525	4.952466362289576	7.7776416230487575
BS_FJZPQZ2C	Lymphocyte-inflamed	BRAF_ALT_LGG	5.688856333085682	7.6082938333036685	11.786934450682713
BS_FR42HY0Z	Lymphocyte-inflamed	BRAF_ALT_LGG	4.420320728393468	5.341503639598314	9.921575886086046
BS_FX4WKR2R	Myeloid-dominant	BRAF_ALT_LGG	7.43612855119131	5.17280062619666	6.792008760857925
BS_FZ62GZGV	Lymphocyte-inflamed	BRAF_ALT_LGG	6.716456404805794	9.553715566322456	13.772538547159103
BS_G1DAGKSY	Myeloid-dominant	BRAF_ALT_LGG	5.21571121767941	4.135237175908262	8.12860348050501
BS_G5QBBHDV	Myeloid-dominant	BRAF_ALT_LGG	7.527035980856126	5.674956304842133	8.237355491167026
BS_G7AGNB5G	Immune-desert	BRAF_ALT_LGG	12.849640239632953	8.91773427951493	6.833222148519992
BS_G9XE3N9T	Immune-desert	BRAF_ALT_LGG	9.75913581733263	6.109322015457784	5.44147049492317
BS_GCA4GET3	Myeloid-dominant	BRAF_ALT_LGG	7.606855434565847	4.976846336775977	6.946881605417841
BS_GHNJ4CYC	Myeloid-dominant	BRAF_ALT_LGG	6.645567026012019	5.165437440135405	8.083569127759448
BS_GPEGRCCT	Lymphocyte-inflamed	BRAF_ALT_LGG	5.277083862434398	6.005258762259521	10.222450586179892
BS_GTZCFGRZ	Myeloid-dominant	BRAF_ALT_LGG	8.10742922185726	5.572326746743975	7.299049297644635
BS_GYA4V1RD	Myeloid-dominant	BRAF_ALT_LGG	7.876111157786296	4.776566110818988	6.375197748275509
BS_GYXSDZ56	Lymphocyte-inflamed	BRAF_ALT_LGG	3.982458113163881	5.481912557836	10.222721848657992
BS_H08FEN68	Myeloid-dominant	BRAF_ALT_LGG	6.065642523698291	5.299269878354186	8.177933446234402
BS_H0WF1WHE	Lymphocyte-inflamed	BRAF_ALT_LGG	5.325658669908474	7.104092883595629	11.171646901709146
BS_H3FE3TH9	Myeloid-dominant	BRAF_ALT_LGG	7.2267490701862105	4.959844622898307	7.58457908636172
BS_H8A9PSYA	Myeloid-dominant	BRAF_ALT_LGG	8.286343122812893	5.677003669599706	7.120772349634577
BS_H9EX5WX3	Myeloid-dominant	BRAF_ALT_LGG	5.028219956157919	4.3785116391051675	8.456058996216584
BS_HC5M8JTC	Lymphocyte-inflamed	BRAF_ALT_LGG	3.729933657944953	7.09564133914648	12.05989896512672
BS_HM0R6SXQ	Lymphocyte-inflamed	BRAF_ALT_LGG	4.132041905193722	7.173365439464388	12.077613044246714
BS_HNMQ7488	Lymphocyte-inflamed	BRAF_ALT_LGG	3.7074758439369533	5.821863922321051	10.625154625976123
BS_HQ5BJ6MW	Lymphocyte-inflamed	BRAF_ALT_LGG	3.8138944921141653	4.937155290043968	9.614971880034854
BS_HQDXQ5Y4	Lymphocyte-inflamed	BRAF_ALT_LGG	4.414767482593885	4.677187789505332	9.157212904383723
BS_HSHN8PBB	Myeloid-dominant	BRAF_ALT_LGG	5.366795295835998	5.351654930851602	9.280106161185708
BS_HSTNFPKW	Lymphocyte-inflamed	BRAF_ALT_LGG	3.759596483244955	6.246576237223975	11.131596696299209
BS_HV8PFRBR	Myeloid-dominant	BRAF_ALT_LGG	5.467695685913393	5.089546313966702	8.853132797369854
BS_J5H5VXWY	Lymphocyte-inflamed	BRAF_ALT_LGG	5.584969209524084	9.657552383168719	14.461851122465008
BS_J9M83K8T	Lymphocyte-inflamed	BRAF_ALT_LGG	3.898990654206578	6.487879385058066	11.369608325556916
BS_JFVB9KXB	Immune-desert	BRAF_ALT_LGG	15.073898429519124	12.370883686159905	10.783990547168786
BS_JGKZ54SA	Lymphocyte-inflamed	BRAF_ALT_LGG	3.255960729639469	5.32416535727104	10.365754932276605
BS_JH29M4KG	Lymphocyte-inflamed	BRAF_ALT_LGG	4.3288751233078315	5.57698135032878	10.17192281058439
BS_JKXA3FQC	Myeloid-dominant	BRAF_ALT_LGG	8.219041357617929	4.897065542760401	5.950501983555519
BS_JMHG7GCN	Myeloid-dominant	BRAF_ALT_LGG	6.202627104174149	5.124634426831755	8.50007789886263
BS_JVA2NQFF	Myeloid-dominant	BRAF_ALT_LGG	6.6654448636498715	4.891124887537038	7.679951566769613
BS_JWSR581E	Myeloid-dominant	BRAF_ALT_LGG	5.501307838027321	4.8997532365997944	8.798939593708845
BS_K57A4A9D	Myeloid-dominant	BRAF_ALT_LGG	8.440543504872464	6.442564577047768	7.970431733572846
BS_K5802F84	Immune-desert	BRAF_ALT_LGG	11.335594869716056	7.332093411076615	5.4182990921845064
BS_K7MVS0Z7	Myeloid-dominant	BRAF_ALT_LGG	7.538066728416186	5.1367172020887075	7.589813019278215
BS_K838XW6V	Lymphocyte-inflamed	BRAF_ALT_LGG	3.4157345303669464	5.170225126136808	10.057747689834196
BS_M4NVX721	Myeloid-dominant	BRAF_ALT_LGG	5.9088822143182975	5.126189879424371	8.40357169458228
BS_M4TTKPNR	Lymphocyte-inflamed	BRAF_ALT_LGG	3.856405122476919	6.562797836398524	11.445253645883334
BS_M8M56Z4Y	Myeloid-dominant	BRAF_ALT_LGG	6.79420674310249	6.309795417248121	9.474058162814842
BS_M8WP5T16	Lymphocyte-inflamed	BRAF_ALT_LGG	4.549636772025734	4.918311789334219	9.48446948301689
BS_MBSTWZA6	Myeloid-dominant	BRAF_ALT_LGG	5.386485420911191	4.719485217854847	8.487683382339572
BS_MF9X3PKH	Lymphocyte-inflamed	BRAF_ALT_LGG	4.277654157068059	5.82985507343641	10.506334853724203
BS_MH8RAG4A	Lymphocyte-inflamed	BRAF_ALT_LGG	8.932488382197791	11.300318521322817	14.962179873303425
BS_MX92FD6D	Myeloid-dominant	BRAF_ALT_LGG	4.832203234617301	4.786317386776749	8.791781604879432
BS_MY9D8XZ1	Myeloid-dominant	BRAF_ALT_LGG	5.123987451815624	4.709412270116499	8.797111247247482
BS_N1E0H8YQ	Myeloid-dominant	BRAF_ALT_LGG	4.685476292439581	4.552726186155799	9.130097392008
BS_N210XMKR	Myeloid-dominant	BRAF_ALT_LGG	7.923262604287692	5.648420969929255	7.4768791620931445
BS_N6NE6B3W	Immune-desert	BRAF_ALT_LGG	15.283398767752885	11.180556587119469	7.127410004909406
BS_N87X1T8T	Lymphocyte-inflamed	BRAF_ALT_LGG	4.386848184438938	7.048068403696777	11.85382929172662
BS_NB5XWMJT	Lymphocyte-inflamed	BRAF_ALT_LGG	3.7631165907138153	5.795296212973089	10.578703700734378
BS_NBZNAG7Q	Lymphocyte-inflamed	BRAF_ALT_LGG	3.794651396018636	7.0789719230981625	11.832216172638734
BS_NG9X6SJA	Lymphocyte-inflamed	BRAF_ALT_LGG	3.7646590315032236	5.078708864097585	9.810631354274854
BS_NKEAAFMW	Immune-desert	BRAF_ALT_LGG	20.328819014567767	16.741003617774364	13.72533040535992
BS_NPQJ20KX	Myeloid-dominant	BRAF_ALT_LGG	7.389170088679362	5.145601561111663	7.147232439947595
BS_NQB91P48	Myeloid-dominant	BRAF_ALT_LGG	5.99529830403102	4.861349147156579	8.351737971807362
BS_NRFQEQKP	Myeloid-dominant	BRAF_ALT_LGG	6.919058320892939	4.547850393574348	6.971447506537031
BS_NRPG5K4K	Myeloid-dominant	BRAF_ALT_LGG	4.9996766810802065	4.574611901338089	8.553394787996211
BS_NS7GSHB9	Myeloid-dominant	BRAF_ALT_LGG	6.103557857175535	4.694715668273772	8.191532236898988
BS_NT9NZYFD	Myeloid-dominant	BRAF_ALT_LGG	8.827119763791556	6.291733301887036	7.200254626943998
BS_NY5T05AK	Lymphocyte-inflamed	BRAF_ALT_LGG	3.9511851393301485	5.528348721989485	10.219719902668235
BS_P2Y2NANM	Lymphocyte-inflamed	BRAF_ALT_LGG	3.478555788752206	6.63658521918878	11.790878820466844
BS_PDVD0GCM	Myeloid-dominant	BRAF_ALT_LGG	5.662403288540611	4.846597344819256	8.431351249364026
BS_PEP9NZXN	Myeloid-dominant	BRAF_ALT_LGG	7.869504987927231	5.088960955661762	6.714676210768386
BS_PQ7CQFYR	Myeloid-dominant	BRAF_ALT_LGG	8.962682597440942	6.2215720856898615	6.664790753588151
BS_PRCG6W20	Lymphocyte-inflamed	BRAF_ALT_LGG	5.812398458153719	9.338395603480324	14.032235961325629
BS_Q2PBFNDF	Lymphocyte-inflamed	BRAF_ALT_LGG	4.2185481079805465	5.636138857793486	10.329507108168547
BS_Q3TBCK4V	Myeloid-dominant	BRAF_ALT_LGG	5.818874329030651	3.7436252689692426	7.3726035871423
BS_Q6VH5GJ8	Myeloid-dominant	BRAF_ALT_LGG	7.983728214702739	7.045354327362953	9.297332754042738
BS_Q79NP5YY	Lymphocyte-inflamed	BRAF_ALT_LGG	4.041830999383465	5.370745182226575	10.044565213346619
BS_QBMW69AM	Lymphocyte-inflamed	BRAF_ALT_LGG	7.176554261736798	7.230901777105784	10.463742169601773
BS_QH82PBMB	Myeloid-dominant	BRAF_ALT_LGG	6.439235890164973	4.349974661204338	7.606737269590864
BS_QTSXW7DA	Myeloid-dominant	BRAF_ALT_LGG	5.627236332882711	4.503409027539002	8.172560920071511
BS_QV51J756	Immune-desert	BRAF_ALT_LGG	10.061605776035503	6.4115209777969	5.9226973018276245
BS_R244Z0WX	Myeloid-dominant	BRAF_ALT_LGG	6.619989997720745	5.124882624237081	8.1464423900349
BS_R3AJB6VS	Lymphocyte-inflamed	BRAF_ALT_LGG	5.235101742538368	6.251663125232585	10.463999108100648
BS_R7V8BC98	Lymphocyte-inflamed	BRAF_ALT_LGG	4.116057944367995	4.874426387463834	9.611261271609402
BS_R9CKW9DY	Lymphocyte-inflamed	BRAF_ALT_LGG	4.188887380843094	7.837355280799287	12.752634953079085
BS_RAQFEB0S	Lymphocyte-inflamed	BRAF_ALT_LGG	3.5254452973619053	5.6278246720022205	10.292148608234772
BS_RARBBY7C	Lymphocyte-inflamed	BRAF_ALT_LGG	3.866958164551588	7.629327858743232	12.631563761802681
BS_RGSMX7QD	Myeloid-dominant	BRAF_ALT_LGG	7.661835191894602	4.935716978656664	6.748404680638217
BS_RMT7ABN6	Lymphocyte-inflamed	BRAF_ALT_LGG	4.0961068088404184	6.937040005419836	11.78983201067552
BS_RNANA568	Lymphocyte-inflamed	BRAF_ALT_LGG	3.586335001552401	5.009786674597344	9.911106457547117
BS_RPJ1EPHA	Lymphocyte-inflamed	BRAF_ALT_LGG	4.2690219810867385	5.5812639553909955	10.383060766523803
BS_RRAEQZ97	Myeloid-dominant	BRAF_ALT_LGG	6.481887601737393	5.49576639365967	9.149245609419193
BS_RVSEDNJ4	Myeloid-dominant	BRAF_ALT_LGG	8.900143163889236	5.604351491307664	6.329193873948788
BS_S1KK7XRH	Myeloid-dominant	BRAF_ALT_LGG	5.105361912951945	4.613533209785069	8.751062158207123
BS_S458NMKH	Myeloid-dominant	BRAF_ALT_LGG	5.897541858409295	4.057486944979714	7.582376076267271
BS_S50KQEXV	Myeloid-dominant	BRAF_ALT_LGG	6.4550854352432845	4.919675545279063	8.109218355136566
BS_SDA4RMMG	Myeloid-dominant	BRAF_ALT_LGG	13.063270796316473	10.407471419605042	10.433633771953644
BS_SDZY6RZ3	Myeloid-dominant	BRAF_ALT_LGG	5.55603283731568	4.239798469277474	8.082977304106784
BS_SFKZSJN1	Myeloid-dominant	BRAF_ALT_LGG	9.131770016519537	5.755659197905682	6.079530058970975
BS_SH2S6SFN	Lymphocyte-inflamed	BRAF_ALT_LGG	5.058921756488321	7.358697634475508	12.091948080575738
BS_SHMC4902	Myeloid-dominant	BRAF_ALT_LGG	6.664894104883965	4.68549587864395	7.75178972724007
BS_SJ0HXCD0	Lymphocyte-inflamed	BRAF_ALT_LGG	4.639569789520036	5.823717393249423	10.333660314858525
BS_SQX5E15Z	Lymphocyte-inflamed	BRAF_ALT_LGG	4.825942059853076	7.6284738775326355	12.338871068252427
BS_SW8C9Y5Y	Lymphocyte-inflamed	BRAF_ALT_LGG	15.919462854787053	17.181642341599392	19.851876207671346
BS_SXRS2P6T	Myeloid-dominant	BRAF_ALT_LGG	5.725009772230544	5.0788190484517886	8.80665205931096
BS_T0RKFEKR	Lymphocyte-inflamed	BRAF_ALT_LGG	3.915378686122566	6.4574139351809094	11.442242389391698
BS_T2QPMZCM	Immune-desert	BRAF_ALT_LGG	12.673129838314333	8.831973206439082	6.487264365551152
BS_T4JFN54G	Myeloid-dominant	BRAF_ALT_LGG	5.652318863178762	5.097925686129644	8.927717430448014
BS_T5P5ME9M	Lymphocyte-inflamed	BRAF_ALT_LGG	3.4841977562111754	5.759520787569735	10.711380855784373
BS_TDJXQBVY	Lymphocyte-inflamed	BRAF_ALT_LGG	3.7422941813895294	6.937056026137606	11.877167473865418
BS_TG93XC55	Immune-desert	BRAF_ALT_LGG	11.953038500327235	7.994034348369604	5.264216693315538
BS_TRZZRYKF	Myeloid-dominant	BRAF_ALT_LGG	5.056438334161276	4.763852937881602	8.772149589926256
BS_TV80600R	Myeloid-dominant	BRAF_ALT_LGG	4.905496710682267	4.053241994656159	8.094053293082245
BS_TWFDEMBZ	Myeloid-dominant	BRAF_ALT_LGG	5.1885961955781585	4.697095788074676	8.720615438249293
BS_V2G1YE8R	Lymphocyte-inflamed	BRAF_ALT_LGG	3.714107424945079	5.689896665247449	10.506232976088146
BS_V33RCK1Y	Myeloid-dominant	BRAF_ALT_LGG	5.904052699046603	4.222591966861966	7.596689349196229
BS_V3REENH9	Lymphocyte-inflamed	BRAF_ALT_LGG	4.549469303894114	5.694284194522983	10.191233297177863
BS_V72GX2AZ	Myeloid-dominant	BRAF_ALT_LGG	5.89562820931518	5.04367530246242	8.63753633999735
BS_V7BZ049H	Lymphocyte-inflamed	BRAF_ALT_LGG	3.8941838421775032	6.584442728822373	11.529222679916717
BS_V89HGTET	Lymphocyte-inflamed	BRAF_ALT_LGG	4.988413101724355	6.061180731373087	10.386479773102987
BS_VARR255N	Lymphocyte-inflamed	BRAF_ALT_LGG	5.611176335549275	7.347568917835793	11.433611647237736
BS_VMMJYN8Z	Immune-desert	BRAF_ALT_LGG	9.562824492311893	6.013289230334845	5.620085713239617
BS_VTYNWK05	Lymphocyte-inflamed	BRAF_ALT_LGG	3.9060224354811073	7.378594895122149	12.355544916467135
BS_VZWXGYT2	Lymphocyte-inflamed	BRAF_ALT_LGG	8.015546062426255	9.759485829403102	13.621440286018913
BS_WRQHPSXQ	Immune-desert	BRAF_ALT_LGG	10.428135063351796	6.594791508379693	5.9387631150289035
BS_WVS02TZK	Myeloid-dominant	BRAF_ALT_LGG	7.907186160376798	4.955872339110337	6.578676278224989
BS_X16PENSA	Lymphocyte-inflamed	BRAF_ALT_LGG	4.844609060279455	5.947337563568789	10.359677624372301
BS_X2EDW2ZB	Myeloid-dominant	BRAF_ALT_LGG	6.718894094955741	5.912590047697143	8.501464647833386
BS_X5DFR216	Lymphocyte-inflamed	BRAF_ALT_LGG	3.077211297186512	5.7970515374237195	10.773119527071993
BS_X6GFVDVA	Lymphocyte-inflamed	BRAF_ALT_LGG	3.6203067424971924	5.842384737765164	10.79513433576507
BS_X91K8KMG	Lymphocyte-inflamed	BRAF_ALT_LGG	5.920662676996282	8.030849971963624	12.433611482806091
BS_XGSA3GQE	Myeloid-dominant	BRAF_ALT_LGG	6.294521881594562	4.507929697821427	7.610082830115841
BS_XKKB4MZV	Immune-desert	BRAF_ALT_LGG	9.744529554821908	6.15720513914419	5.911827711136698
BS_Y0PCBNJV	Myeloid-dominant	BRAF_ALT_LGG	7.103565208932827	4.502725295886117	6.616193766005021
BS_Y274AC0H	Lymphocyte-inflamed	BRAF_ALT_LGG	4.085032404202797	5.813340915265022	10.60333896257611
BS_Y7H24JZG	Lymphocyte-inflamed	BRAF_ALT_LGG	3.712214181776464	7.291652870294546	12.357875018259563
BS_Y7W8BR6B	Lymphocyte-inflamed	BRAF_ALT_LGG	4.434319241144267	5.508048747013654	9.874497485857733
BS_YASWHXJC	Lymphocyte-inflamed	BRAF_ALT_LGG	5.848792182046908	8.71090183594135	13.418504047305303
BS_YB2RXRHT	Myeloid-dominant	BRAF_ALT_LGG	6.621980185719153	5.073866845241328	7.770969093261214
BS_YCREDZTJ	Myeloid-dominant	BRAF_ALT_LGG	5.618522481706794	5.05588432343567	8.95629963603795
BS_YEQVW4ND	Myeloid-dominant	BRAF_ALT_LGG	6.495630278910974	5.091070531412899	8.00596340590479
BS_YMAJC22S	Immune-desert	BRAF_ALT_LGG	14.247082507259991	9.953073487424929	6.134386434725979
BS_YVEEXAAT	Lymphocyte-inflamed	BRAF_ALT_LGG	4.012346721847045	7.791370335308751	12.843130908542557
BS_YVMEEBKC	Myeloid-dominant	BRAF_ALT_LGG	5.871150244122481	4.804251179536335	8.492445401863506
BS_YWJKHMXV	Lymphocyte-inflamed	BRAF_ALT_LGG	4.336309880943416	5.8984236514577315	10.521232483895568
BS_YY5B2XDD	Lymphocyte-inflamed	BRAF_ALT_LGG	8.832905599822523	9.952687690884417	13.648845718650236
BS_YZ2Z1Q6Y	Myeloid-dominant	BRAF_ALT_LGG	8.89733557395995	6.360857709146311	7.368659672354496
BS_Z0AVVB1V	Myeloid-dominant	BRAF_ALT_LGG	6.02828539693302	5.997629352015397	9.990790814271795
BS_Z1A875MW	Myeloid-dominant	BRAF_ALT_LGG	6.480495759651903	4.504548646673377	7.290915045300132
BS_Z6BWR941	Myeloid-dominant	BRAF_ALT_LGG	8.48410330677469	5.240216346576416	6.167659553532867
BS_Z7Y2466H	Lymphocyte-inflamed	BRAF_ALT_LGG	4.992883674880605	5.563417075929046	9.909405265313117
BS_ZHHAM3AN	Lymphocyte-inflamed	BRAF_ALT_LGG	8.746357978226769	12.792178105921675	17.694442727882432
BS_ZHRGDRBW	Myeloid-dominant	BRAF_ALT_LGG	6.292506182262392	4.283121523876668	7.105693555970973
BS_ZJY7Y34M	Myeloid-dominant	BRAF_ALT_LGG	5.706316356201859	3.9549249501663652	7.343627393369782
BS_ZN2P8BKH	Lymphocyte-inflamed	BRAF_ALT_LGG	12.624545557928167	14.934353032856766	18.437916090633845
BS_ZTWGFWTX	Myeloid-dominant	BRAF_ALT_LGG	4.893836004423551	4.763403839724557	9.033602814440233
BS_ZV9Z3SY6	Myeloid-dominant	BRAF_ALT_LGG	5.414942661911639	5.056381538966947	9.139097989703723
BS_ZVX2GRD6	Myeloid-dominant	BRAF_ALT_LGG	7.2448555441240625	4.8594427352378124	7.485210728256397
BS_ZZMYDZJW	Lymphocyte-inflamed	BRAF_ALT_LGG	5.203148820582343	5.271530980775142	9.359463070915012
