Kids_First_Biospecimen_ID	PROGENy_Androgen	PROGENy_EGFR	PROGENy_Estrogen	PROGENy_Hypoxia	PROGENy_JAK_STAT	PROGENy_MAPK	PROGENy_NFkB	PROGENy_PI3K	PROGENy_TGFb	PROGENy_TNFa	PROGENy_Trail	PROGENy_VEGF	PROGENy_WNT	PROGENy_p53
BS_00FD2KMP	0.5717726917435038	0.8137557074515166	0.4882261843005202	0.9738948414577396	0.7624800485892703	0.8446680841841764	0.6154070700920818	0.98980526347158	0.8278582924889887	0.53640909915026	0.759690446452995	0.7440675318008622	0.5724069671595943	0.704656720108107
BS_028YFYJ6	0.37711111368787664	0.7547616275772706	0.28356589247393277	1.044872532690307	0.843818120363645	0.9602870409623742	0.7432810275421936	0.9338656133980232	0.8636642069823507	0.5966309574751155	0.7178137142247542	0.7388538744152386	0.5681043219531383	0.8824981223456362
BS_052PZFMK	0.5598039848032124	0.7360093559936102	0.30921462324159893	0.9709827955189313	0.8051511179530371	0.8406578045427557	0.6104749924504254	0.9809174201766757	0.8754140150256071	0.5464401556638988	0.7358779503703086	0.8230937015414879	0.5843662424416307	0.7899658904145825
BS_056Q8577	0.6171059984624435	0.7969346227369778	0.43758512295808366	0.9093019778750904	0.9185609895978278	0.8786655310101551	0.7502628002225263	0.9516262913764956	0.9070516186220401	0.7154380853429901	0.7383955342377182	0.7820743329400602	0.6603282852870774	0.742774720416271
BS_08ST21QE	0.44855085285530516	0.6768283703458525	0.5558094766251818	0.9759507810341906	0.9244042020619244	0.8731880821331279	0.8395730706082444	0.9227584950328231	0.9238381681850703	0.7460720065466598	0.7542284324554013	0.7781867088610316	0.46116193386917254	0.8716657083814855
BS_0C7VZC0A	0.5695804569971407	0.7827459963148641	0.3330374592439365	0.99276495333289	0.8182111639976838	0.9737892134485339	0.7041730433854014	0.971550582977278	0.9485312775474563	0.5774517017940667	0.7361961012062811	0.9045379712293511	0.6358574878736717	0.8432215081081885
BS_0S8E7590	0.8220616597421903	0.8947243307387014	0.5932986117820148	1.0633702613441742	0.9675916562425824	0.9985408340255469	0.857977168709681	0.9285249525789047	1.0258555318097657	0.839301709942844	0.8527033146689743	0.8906744290909553	0.7885037267853507	0.8948870987621022
BS_0VXZCRJS	0.44101647830047075	0.8464644461878705	0.44524200520726626	0.9818703109763233	0.8231661361010233	1.0035075159406999	0.673757331438031	0.9645280760825823	0.9534069922834869	0.5940261503755676	0.7414456952831272	0.8388430366279418	0.5456147912104795	0.8542158060588806
BS_0XEBS3PG	0.4832670941721992	0.7286460057230372	0.38365069240684174	0.9817375514110122	0.7684281933757666	0.8717952542292696	0.5546648415339507	0.9625036904053237	0.8151642754085383	0.4648900048997382	0.7539601381175635	0.7208016920603509	0.600830986303677	0.7643017140933877
BS_0ZA67BBC	0.5198414239917187	0.7811683814007766	0.48674898173834746	0.9625798159114377	0.8131702371272921	0.8910931284031223	0.7305900251716312	0.9564093027121617	0.9226606063555647	0.7211916446846124	0.7325497573084083	0.7532997021489068	0.6100536461259677	0.8384751968429046
BS_12G04QJM	0.42566588917324816	0.8638329984197001	0.29293061352727373	0.9769981659184813	0.8946810268207578	1.0214292436965013	0.6224641101877397	0.9546005484452449	0.8501410685825009	0.4526243598024489	0.7581473344678511	0.7244384618110775	0.5622893321719934	0.797679978130045
BS_17ZSMXFH	0.7106015025775243	0.7952057984494539	0.6126400570792797	0.9261866703747819	0.8490742973656602	0.9948037777081631	0.5987290309743852	0.9789130413122953	0.9152209004910031	0.4544029403603409	0.8133370589510149	0.8811942043363715	0.6720759035090118	0.8063092762194951
BS_1A6MQ9ZA	0.5552831756049115	0.8995635882589906	0.3948826438153339	1.093961219236903	0.9519566346862859	1.0305481131801952	0.7615999846132133	0.9938298985831459	0.9377048509193943	0.7497073977149299	0.7668519149881726	0.7744552983181442	0.6003509117401254	0.8670810057893137
BS_1D93Z575	0.5111620211456755	0.8141887709029474	0.35540142623088183	0.9905444690305321	0.8530018634932729	0.9856656239792956	0.7289586142982891	0.9365830090375763	0.9186349777201511	0.6860542726418518	0.7813567087028384	0.764425167676841	0.6179543796351235	0.895304713069755
BS_1EN5V3XW	0.4937114192017298	0.7794502454917374	0.31351821609948444	0.9016364473289941	0.8082941768024182	0.8815708652116392	0.620092554930479	1.002945327692786	0.8799187600200404	0.5709956821690683	0.7466133620372288	0.7800815424151715	0.6205215877005175	0.8059270203571844
BS_223BM91B	0.6723999108655695	0.850701553310402	0.5167496208079506	1.0773538868642984	0.9652976531534548	0.9614032157481637	0.9085222906772618	0.9547383661679638	0.9538133007476304	0.9064171053873971	0.8402457935236967	0.8602882067911848	0.612868552774595	0.9060071445882718
BS_25HNKZ79	0.46228269726994614	0.8486287682707078	0.30452901974296404	0.9980111847307962	0.9109651137854355	1.0159180150681153	0.7540511427659304	0.936344996344195	0.943169852433138	0.6753252915976563	0.9044972950263401	0.9336084741027625	0.5773153051199033	0.854870285468224
BS_2853394H	0.596755476483555	0.6891172551178733	0.3887559763818736	0.9640229502983596	0.6928518163321367	0.7189055998493625	0.5450760995954924	0.9708612624732351	0.8437234839403916	0.44408071095620716	0.7296397341849563	0.7445837781623642	0.6712276776706936	0.5895802386561797
BS_297H8BT4	0.581992117864948	0.8858870087420286	0.2061949772844599	1.0714386154117224	0.8872773745326725	1.0258944255809452	0.8616711595685661	0.9630211539929069	0.930480392916368	0.8536301007564651	0.8105563325590843	0.7744415454006507	0.5889202561767531	0.8707837851557411
BS_29X4ZX6Q	0.505525965538696	0.8190788562950029	0.42509101113930226	0.9877275273055451	0.809675044268455	0.9974638127058167	0.6400976539157135	0.9494500542004592	0.9573589786474398	0.5168891768312983	0.7416970528816257	0.8187292523477782	0.6316509575221545	0.7651533983932819
BS_2A5R9MEJ	0.5161766737442032	0.7802688227335366	0.4262960281760788	0.9070271748946059	0.872722350064839	0.9147646250376096	0.5696084774221973	1.0054132885368707	0.8720782359331584	0.47531001338482093	0.7179228999300943	0.7052906942919419	0.7669676926848668	0.7732370033358257
BS_2ARXK0TD	0.7125435324139368	0.8836837506641831	0.47578716238735	1.073596457691375	0.8859221309773335	0.9713824633797303	0.7963173971767293	0.9860267597390279	1.0288987100630236	0.7654590166302335	0.8119572309684154	0.9179734268575862	0.7875860114989695	0.8875843665759936
BS_2AV1H5TV	0.4559645944879537	0.7373122935039939	0.21842623139128764	1.0393766546477778	0.7892220733785857	0.9587153577801842	0.6708259994835447	0.9592682314649196	0.8895283255179408	0.5105678780592129	0.770072769310954	0.771320524757854	0.609114400965894	0.7896972609262036
BS_2DMBCHNF	0.5719770581122638	0.8928934858617019	0.49294277333175474	1.0949975843687763	0.9678907351492998	1.012867079281781	0.8915945135141307	0.9328943734762802	0.9740531543967123	0.8766593991853371	0.9130286479504566	0.8340190304871544	0.6150524399765762	0.8620445685353465
BS_2EN3X6HB	0.5520704122771638	0.882937652147744	0.36458391574181953	0.954681119492781	0.8880041522290942	1.0070940277988436	0.7225221267851161	0.9836526175961358	0.9569679398092278	0.6431938173823512	0.8231249196426771	0.8125933439054001	0.5800036053820392	0.8891955395171894
BS_2FEZWH1F	0.5394089571299314	0.857219414227978	0.353834850403431	1.1263044477632658	0.961169783334228	0.9585475096060363	0.906742085098071	0.946500415330844	0.9309740816265445	0.8738387965503613	0.8426651364016524	0.8028628374071853	0.5832537397364865	0.9215597062254535
BS_2HNXVFAS	0.5552741839804056	0.793355964687631	0.5129676973212495	0.9632709712941013	0.8875613640602743	0.972293100417505	0.6729785699251626	0.9697515907616769	0.9635657671994466	0.5666387229484234	0.7280906261477242	0.8854543019977488	0.6709185963563992	0.7145707158601473
BS_2JH1QMT1	0.5484783435625687	0.7777531050082648	0.48494760876104	0.9499980466446222	0.8871657561121165	0.9297919144158782	0.6562528662310497	0.935735601423008	0.9005616555724316	0.6100596371008808	0.7211402803562678	0.7059259711828978	0.574180281911138	0.8178115629375303
BS_2JP7RBMB	0.5231937165817868	0.742649694768044	0.5457488430518459	0.9943776367263565	0.7964218521843529	0.898004423362014	0.6667400855310048	0.9504331703351226	0.942319356479217	0.5727400342612494	0.7809274960473441	0.8898070723794027	0.677293930504794	0.7920888811336505
BS_2K01T8K6	0.6147848996209051	0.8343948856180655	0.46673464378443313	1.0524292001424043	0.9194783525851454	0.9892297676942273	0.7855674544408051	0.9558317479208105	1.008480939262544	0.7217003145520233	0.8198262416885558	0.9240903327623129	0.7100804404736192	0.8383640199770229
BS_2PDS3MSS	0.6107685386504148	0.7824829634523791	0.45758031776457875	1.010861805616684	0.9203464405830631	0.8978365170579365	0.7322529933503356	0.9235306149056266	0.8797954888663411	0.6120657835879536	0.7978311971842889	0.7580698849315355	0.6272103991661124	0.8069602738269532
BS_2T5PJAW8	0.4583300962476952	0.6859844148996408	0.3305256986885949	0.9713752064503479	0.8862401389577012	0.896842022017348	0.7117432284107368	0.9271227980608585	0.8942470891833726	0.7002900472650464	0.7482309496691155	0.7355492730555981	0.50088123055278	0.8464913314594051
BS_2WANPFBJ	0.5841867480879613	0.7565616246907731	0.40587757951642467	1.0999185409655954	0.8819075739724074	0.9387811881425451	0.8648000736533085	0.9617017926063439	0.9450195517154348	0.8187492268180382	0.8221992769130414	0.7952778549462272	0.5750853134518538	0.857497274105702
BS_30F3Z9FS	0.8111956142460395	0.811144495159284	0.633177187227144	0.9551033908393308	0.9404952010425834	0.9298094065348904	0.7442254780999313	0.9297722564603876	0.9672125221519076	0.6809602195658869	0.8168730635767648	0.8204465489753713	0.834264010040843	0.8212960793541565
BS_30VC3R2Q	0.529021581331172	0.8435820734343351	0.3851852376636248	1.0758904806928553	0.8212311259611507	1.0190698804724883	0.7650181334546955	1.003689477278324	0.975854903910495	0.7043706412826755	0.7839157682872524	0.9385340840107317	0.617792227136876	0.8854898374294691
BS_30YWQ3FY	0.6540076988589363	0.8011275719254286	0.31215881426179476	1.056948094270603	0.7921044606782838	0.9176774413036412	0.8152016962980587	0.9502915076874408	0.9882511542893233	0.7808360582899417	0.8232460848091999	0.8539339151216516	0.6675725784775408	0.8318710659710005
BS_31MBRWC4	0.5230806205750631	0.8690348295292888	0.47461173065981094	1.0172652761500167	0.8484111836940665	1.0020578650050507	0.7853349035004878	0.9717844717749531	1.015657310177087	0.7327958220656767	0.8167256348027657	0.9287956478837368	0.7365611521395818	0.8493949802666266
BS_333KCNDP	0.6667277871231655	0.8872437324662827	0.5503146614045409	1.0823834921493454	0.9160537728772153	0.9552837839563234	0.903052700450817	0.9690913931201763	1.0141000405740295	0.895753419808633	0.8370907301140224	0.9212833310888969	0.7649401563011402	0.8736437311282728
BS_399RPKC9	0.5880656280195712	0.8027647457714211	0.41623122373806143	1.030741931484791	0.9460150870120448	0.9378548639256516	0.7514397232982846	0.9873984011310591	0.9453910409592319	0.697702610747174	0.7875033974557828	0.879726184943663	0.7054864141151265	0.8665179716412483
BS_3AC3SRWH	0.5016442400787348	0.6451693165257426	0.20324541081194814	0.9455796598123619	0.7476308003292679	0.8447734692101752	0.5947933048659216	0.9376855133156105	0.8454889404461243	0.458863637133102	0.6199105250572398	0.6485251320005727	0.46034313917430036	0.824757309283116
BS_3MS8WVNR	0.587433521088164	0.7176682530993851	0.3819745188017864	0.9378994458941782	0.8653576497392137	0.8878849887667954	0.5894059296297914	0.9673066282195715	0.8913408721410714	0.5487834395309034	0.724932459384183	0.7743370746370558	0.555125090660485	0.7499243793182916
BS_3ZPJAK9A	0.5140526840650397	0.7174996622982853	0.569400977921626	0.9537217590197193	0.7386779810139854	0.8667446085369884	0.5932050468903388	0.990036087679356	0.8788029048068966	0.54051649075508	0.7564445179120031	0.7697775403836803	0.6114703374173144	0.6505526771756952
BS_45J79YTF	0.5030451532569998	0.7584368901292146	0.42975265632389664	0.886396167047254	0.7337789572888468	0.9587558054381135	0.5200920754498175	0.9982295353953294	0.8889133459800452	0.4432897457687359	0.6996635349109757	0.7071699321095596	0.7003502958681648	0.748282425007542
BS_49BQS7Z6	0.5997773131704002	0.7373437658333734	0.43688487901110273	0.9482404463290685	0.8541344636478119	0.8992170483819059	0.667496839909915	0.9681491824481783	0.9606727735212277	0.5860810974554388	0.7534773789668651	0.7493524530335168	0.6867777300540522	0.8628064531307257
BS_49CJNZ06	0.607120884106115	0.8573292598316246	0.35936866427125097	1.1215609875394925	0.8177153143203333	1.0013396073481748	0.8355468096924327	0.9571010893345542	0.9391021266190088	0.7872975121936936	0.8051621250107394	0.8488091799372994	0.673202253598814	0.9086559346828763
BS_4B0BAVTX	0.5568158483189314	0.8947443733453762	0.5237241062264714	0.9618634668942637	0.9026633897515027	1.0191739387799732	0.7283093192127831	1.0038462174302243	0.9894231549779273	0.6810175032860423	0.7527936794860608	0.7845394221004772	0.7131821472748485	0.7954583272026698
BS_4BM3F6XJ	0.5962552615158252	0.7428566985912014	0.45192022876990123	1.0705615818289047	0.8665457657061696	0.9183464120604382	0.7480037957659068	0.956861687083096	0.9117648394278823	0.7257221195297173	0.8066321007562566	0.7749224519433856	0.6248908499925766	0.8306876109689352
BS_4C6B11E4	0.6018732949307268	0.8150728443344536	0.540649057020442	1.0460825578694892	0.9723555293077799	0.9890270032034679	0.8469531386982976	0.9945376580428893	1.0155438216832988	0.7819859796719962	0.8246967266323957	0.9044189175775843	0.6068028835077287	0.8843899577469067
BS_4GNN7J8E	0.5603909574275774	0.8075248181916245	0.4690608902596684	0.9796860544338177	1.0103656224185185	0.9733993850315277	0.8421594217400175	0.9244916087289291	0.9955088274276327	0.7924704068051025	0.8453403234913088	0.895083190374668	0.6904097814940003	0.8721869081356112
BS_4KNBXM3C	0.506960847996877	0.8542033581513113	0.5428293990230116	0.9485560234342085	0.897122751223428	0.9164565600308547	0.7515075155462518	0.9893510693434449	0.9309692493936814	0.7146380837355357	0.8461670358873458	0.8547328245167657	0.6781197474594471	0.7485083125266262
BS_4Q3KRCZT	0.551083400386484	0.892751027577953	0.4744696351741429	1.0849008347387286	0.8690697560201686	1.0074205175613113	0.8489098818965864	0.9515341847778412	1.0127536523942742	0.7947575194031361	0.7638301134326732	0.9693806950469324	0.6961676431219653	0.8820796495170794
BS_4QW2S1Q8	0.5286775971024457	0.8978931132966257	0.3096903242872735	0.9478643090908653	1.0385747979543933	1.0336845613501517	0.7459437344077602	0.9790522477753073	1.0100621842977178	0.6717188942085488	0.7930828840305383	0.8064547862505235	0.6662254762692837	0.822547716052264
BS_4T0HQ9QF	0.5348540641233746	0.8286403846689355	0.5228238939900404	1.0671458767615734	0.9528017314116917	0.9505933733631381	0.7220720581846347	0.931442258663659	0.8722964853358723	0.6531214037151872	0.7595720538359529	0.7997712294518042	0.6651180824403086	0.9065829268946557
BS_4V42BXBT	0.5491528503490143	0.8539767790099988	0.4859072918850333	0.9772590293812216	0.8417129385484219	0.9567446330274955	0.6640242228227717	1.0162457831738987	0.9506197807689598	0.5751727600714875	0.7458661143224042	0.7734201784361429	0.6005363148786199	0.8179791458872789
BS_51RA1PGE	0.5772449559642273	0.893604216590136	0.2743796802922403	1.0735421185250815	0.9200724433501227	1.0278484118128703	0.7447941833990149	0.9649068441254192	0.967252774520621	0.6754731643917611	0.7566210979564709	0.8833168954012993	0.7009551947763802	0.782840161151237
BS_52C576HH	0.4008608481756321	0.793916942779171	0.28073286457811353	0.940925999703967	0.8721897318324912	1.040762722389174	0.6662930821994288	0.9758042636663784	0.8984106568983403	0.5308979849128226	0.7876002854313275	0.748815491448759	0.5823186093224129	0.8358100759148824
BS_5965SFPZ	0.5983490529330031	0.7446089568347084	0.365042902715489	0.9493999423410671	0.8875487596818076	0.8408782878303142	0.6105620716819282	0.9807632477879605	0.9327179965886016	0.5404894168145554	0.7032165765606786	0.6806113374414589	0.6417240211097235	0.772826700213517
BS_5EFYPZT0	0.4395688123399967	0.777812253734506	0.43992947946663447	0.9915525646461224	0.8203726439558142	0.9456798336450486	0.6954288591866594	0.9645854845635199	0.8444680632911561	0.5948053594680491	0.8021609513606095	0.8360539160061503	0.4946655035408666	0.7568737037759009
BS_5G5BD2MD	0.5040919829585442	0.8778264826878416	0.37394409391314265	1.0173907499243173	0.8810113132010096	0.9741335665993435	0.8002097292110566	0.9541776361382788	0.9270714550362852	0.7312217206426325	0.8177986527637564	0.8637199522828679	0.6415995970689163	0.9039943643986182
BS_5K95FX4C	0.6163935456866761	0.8538319601751404	0.4857886249537695	1.0128473270254268	0.933439704688198	0.9793535229711219	0.8032949221567739	0.9242403441576457	0.9552555579541422	0.711648119228943	0.8985097752802386	0.8332770082823047	0.6654581877006843	0.8973425375051972
BS_5KBXD2GQ	0.4791979229613764	0.8238921512078372	0.4692757013233281	0.9771475945498965	0.9034077549978222	0.896005995776922	0.6924856000407589	0.960582208125957	0.9646824534923449	0.6065360255255633	0.7626638546082837	0.8556100953233386	0.6569441974586336	0.9019114764359285
BS_5PXZ8F7W	0.5158465683667949	0.6912426919423246	0.22333120247340768	1.0788964478838505	0.9113923345567128	0.8410977540090353	0.6711742497804717	0.9385439660422293	0.8678500697251145	0.45182018366780125	0.7975390903441921	0.6803091486387833	0.5195603170376117	0.8237165935044034
BS_5VPM0F36	0.563436758963654	0.9074642093196816	0.4825020229735848	1.0040047659603766	1.012323848850619	1.0169772771235703	0.9272168764722011	0.9475047777889098	0.9794715866297893	0.9411759510466613	0.8441179554584759	0.8101719829144168	0.6690136271474499	0.8966689756484523
BS_62SW4CC5	0.6460479523765246	0.8157790473217786	0.611103353281931	1.0657486427753633	1.060637829026913	0.9376966692283994	0.9446315643691743	0.9280928972383751	1.022493173439115	0.893708416006839	0.8848104842690068	0.8171072561366665	0.7108146544734996	0.8077932994451633
BS_65WPD3DA	0.7228111799326646	0.7329102592700442	0.46263784913152706	0.9124934533709207	0.8146969882259177	0.89931334404401	0.6746661982875927	0.9353279362565297	0.9642221899910289	0.6131271888477774	0.7797564897388926	0.8089368216372551	0.6677787830998724	0.737928187401605
BS_68KX6A42	0.5212626240893505	0.8513687785912388	0.42049189779260876	0.953555948721698	1.0201169067697022	0.968448550277818	0.7628344472325034	0.9471539226098658	0.9378983795366849	0.6814231719034409	0.8404795210434259	0.768071791789911	0.6402009103888568	0.8133888379146275
BS_6DCSD5Y6	0.503583053535601	0.7568895454710826	0.3555546940364595	1.0536633565633344	0.8402844604266639	0.9200455965570274	0.7142955525363313	0.9873399558380422	0.9729607490826688	0.5762811555115133	0.7345487417199199	0.7654479411292494	0.5943023999418576	0.7781426639649336
BS_6H4Q24WA	0.67753537909921	0.802296821146292	0.6608360615195574	1.0117913080003487	0.9716085141223644	0.9416143850426474	0.7783047301260169	0.9275042682167229	0.9937889938337664	0.7248911977185188	0.8442633878389288	0.8747067774168303	0.8430289815092448	0.8463828530140165
BS_6M2053M0	0.556142576734345	0.7894982072630257	0.4481159743129525	0.9418126705827293	0.9506515279128189	0.948057911349258	0.7330581486799093	0.929367240594851	0.9324974361541601	0.7061703805863917	0.7943339699509111	0.7545240160479023	0.6216052273593377	0.8034634119405659
BS_6SY64H5J	0.8202737513715405	0.9013119142253506	0.5765934188758761	1.011896265639627	0.9354496908642916	0.9641231021598833	0.9810777346713604	0.9362972350004014	1.0311521890107664	0.9736399664598286	0.8358793978548267	0.8458286019463823	0.7793125451497414	0.8896228803779774
BS_6VRG1XFB	0.39947531766810557	0.7750647284345921	0.24675203632275886	1.031407819030618	0.7969597682713464	1.0162580854462948	0.6987961185189228	0.9734088447380843	0.8650940365220731	0.6364914548104468	0.7799189911048342	0.7279666151430175	0.5314761028851369	0.9141994607052002
BS_6WP1FHTE	0.5402000545890023	0.8529949855788508	0.35765391488116344	0.9494104417928295	0.9835282378897293	0.9887895811361561	0.7465835712166998	0.9756743246419102	0.9996072424522412	0.6927288251466012	0.7844600664506985	0.7686503585511849	0.7011732165672928	0.8144621515403687
BS_7327SDAQ	0.5750273410909744	0.8678121365127891	0.33084499068857165	0.9821725988716348	0.8400933853914401	1.014570126446083	0.6699478834804873	0.9779908668530851	0.9791072654047261	0.5733687453753525	0.7522729840504413	0.8135479943453329	0.7204672034288386	0.7879641509787678
BS_75YRDXET	0.5180659004078985	0.8194511875170547	0.4647470724544829	0.9987824133733783	0.9808555696505064	0.9004418482371149	0.9061406230150525	0.9038851079008313	0.9502292158614023	0.8742453105150345	0.8801410350652237	0.7879820595680783	0.6180459677958252	0.9016800184642068
BS_77SBTNPN	0.45970698596503545	0.9150978553679029	0.4809915227791594	0.9564266324223647	0.8209197861197365	1.0004650397404118	0.6655748271588303	0.9392625654152863	0.8540493635064024	0.590754598383009	0.800297617888871	0.6818029876064197	0.6331034063215347	0.8540604743358726
BS_7AEF4D4G	0.6391184378154385	0.803245347047474	0.34712415264649826	1.0693817249376527	0.9836929584122794	0.9459553677678952	0.7706911240828446	0.9216882220321537	0.8994169576232008	0.7064323283712812	0.8155235884256727	0.7707388718657442	0.5508849427368278	0.8974428396849521
BS_7APCGCVF	0.6327125259122974	0.7977725346947663	0.5763843489898652	0.9732513519827717	0.8957945025517314	0.9196894726259269	0.7269054906593534	0.9354559670841756	0.8956360451721967	0.6990836264088203	0.7701987441701047	0.7779634949543875	0.6753216832465234	0.8845317911035764
BS_7GJT4A6A	0.4794706710482199	0.8029218408137377	0.28371558349138365	1.0986067227794947	0.8324892796955515	0.8788646685224618	0.7176880544726845	1.011643008161661	0.952555866637129	0.6771577762999467	0.7467612756675479	0.8136818464826446	0.6532372169865887	0.8028925093207677
BS_7GKWKGPH	0.6029528985220868	0.7977138958833528	0.3205797635954006	1.0308177399385245	1.0058183026313177	0.9279459673086873	0.8082771345904335	1.0045964973615038	0.9309400274009116	0.7591703629596013	0.7849887720295358	0.7346891278353875	0.6045353537487368	0.8679522130672983
BS_7PVJ6Q3D	0.49723305189893197	0.5876993414842534	0.3739917657567709	0.9701019781694937	0.7842821076329193	0.796111121282853	0.607049460828473	0.9274434983030994	0.8149565847133371	0.5119483477414837	0.6810104451722386	0.6872685541737957	0.48582951954737	0.7402807225118746
BS_7WKNNRHK	0.6095976344939555	0.7485269010237332	0.5258105589771	1.098147049267715	0.8774745848318025	0.955807446618164	0.8860491925402598	0.938219266857407	0.8816310590829407	0.8391695564430101	0.7712203811365407	0.7302355227793466	0.5332935024473283	0.8360718437830109
BS_84VZX732	0.4573358717648273	0.6732634972698675	0.3381708146485908	0.9846993190152257	0.952639280109811	0.8756231837738543	0.7261332596203415	0.9181790921172431	0.9060652515089451	0.6465680177691614	0.807156944596876	0.8229122356760938	0.5620706082193179	0.8287184013813668
BS_84XCR9GG	0.4301137108771396	0.8461985807985699	0.3492184393254955	1.0474604522882782	0.8811868837644427	1.0235679175688448	0.739927613648617	0.9973982776261154	0.9468549044819126	0.6137696233941793	0.7568190142805149	0.7725584807017727	0.5491739433683882	0.8055807187723119
BS_8E8JKP01	0.4727223777171425	0.7384435801140833	0.4105056818006311	0.8797596498379425	0.8995166445553519	0.8586744522574659	0.5249110588799069	1.0096586042485027	0.8817127625176806	0.43784447171421914	0.6665536547274493	0.6953251596998298	0.5507454149056653	0.689515677309306
BS_8ERBDF7D	0.5443795453567495	0.715566365847847	0.5180587979505106	0.9259792644675722	0.8520685407850122	0.7790567266946341	0.5995104588044425	0.9575365226346837	0.7896442908571127	0.5126967647625099	0.7687315063246818	0.7055857076640493	0.4811803098123417	0.7311713648400775
BS_8JK9TXH2	0.6258092064724065	0.8243190678733775	0.3465063030985786	1.1061698213300206	0.8687031238743674	0.9085559371429068	0.8509096149303293	0.9396750949793597	0.9157672461426571	0.7758521987075662	0.780620996719201	0.7285719443055741	0.6408523513763	0.9067679546373042
BS_8VD670NP	0.5287308511393152	0.84243667024775	0.4105586202797139	1.038905647834772	0.7694367892860021	0.9810322283546006	0.7150876993329953	0.9594109840214021	0.8811916654728351	0.6279385575806046	0.7434143810832989	0.8217242342284369	0.5979479626008953	0.7841297086635762
BS_8YWYN7VH	0.5317362177915431	0.71498848492125	0.30808263918971857	0.9434118147497698	0.9927508238539794	0.8737143369458281	0.6318366019146211	0.9381494654886826	0.8786555780412273	0.5905963003627397	0.8288891759498712	0.6890071780388207	0.6362193626676376	0.7198145993876185
BS_8ZE4Z9G5	0.5499353121690398	0.9285143167858703	0.3595091888375565	0.9923762736272383	0.9801726301624387	0.9499883646531821	0.7199719157949298	0.9995789680413596	0.8660913631903713	0.6549295372195423	0.7864458176994822	0.8425414576157407	0.6489478376164326	0.7514515285409606
BS_8ZY4GST0	0.5648390548940152	0.7802944143972482	0.390519045046168	0.9431615717400023	0.7797770186236983	0.9043574013998952	0.6758932454119354	0.9673207199054674	0.9203011695526946	0.6644904457032239	0.7119699971423076	0.6972844871332384	0.6420235288578607	0.8318497026713384
BS_91VYM11A	0.542369989982826	0.7948428190168871	0.47108998780555533	1.0140692404786928	0.9042786983795701	0.9118967441413642	0.6289181858943212	0.9960831313185291	0.9710595729741924	0.5465209412575581	0.7954064710673614	0.7602325263717645	0.7499219926612419	0.8563081931334183
BS_956G6QPJ	0.529418583665467	0.8485740808853157	0.38169969680459653	0.9660483459286842	0.8604688613268248	0.9865580593622085	0.6618503112982324	0.9503856305345963	0.8558416016058822	0.587449922450013	0.836094479585854	0.8511459119762307	0.6234147080718524	0.87466520083688
BS_97M1E2DW	0.6067216680458274	0.8344756270835447	0.520090515941637	1.0844083038856849	0.8645492625147976	0.947025304578133	0.595347441133965	0.987142945154845	0.9527567417097264	0.5121287522028737	0.7467773716272382	0.8722674280780348	0.7079124313723077	0.8470364584092266
BS_9A1YTHFF	0.6227347287885563	0.784364253082433	0.606130040740834	0.9864047798080938	0.95632779427984	0.9027873985957913	0.7494132121289099	0.9394251797739096	0.9989767823910892	0.6863606601320617	0.7980404879976764	0.8680921781233175	0.8055305648542587	0.8057606354597662
BS_9B0A62MT	0.6359591679500526	0.7928316824993361	0.5216634402537439	1.0950260929090048	0.882070942771428	0.9147707471949597	0.7753520688099614	0.9366756387626946	0.9843052569887164	0.7169611516643175	0.7756325962388864	0.7905401503668499	0.6475371601760961	0.8376917466263506
BS_9CA93S6D	0.5667085909289173	0.749577943683751	0.37011455663236925	0.9333667559251027	0.7659183512476998	0.8183841422726064	0.5798705943075463	0.9788279695301795	0.9048113105787449	0.47551583749026843	0.6950353438125265	0.6986477255271512	0.6548645075609162	0.7675428006308267
BS_9FHEFJNP	0.43399552487134857	0.6330395928313942	0.43589984847660274	0.8904520021747923	0.9165779471026193	0.7994682704377235	0.6150793440221748	0.9347903919345617	0.8404457799445303	0.5888598159676279	0.7371611356893459	0.7308633569905579	0.5949064889310454	0.7770772506895989
BS_9FX3YREK	0.5420285935840123	0.7540035728870819	0.44049337059265603	0.918823635186605	0.7537916494010023	0.8550166223092868	0.5575189189236532	0.9975856605198611	0.8981620778116309	0.5303694391291449	0.6543316138841353	0.6912767638347102	0.7428655301266831	0.7309156251957566
BS_9GJ3DB1H	0.691781454771185	0.8152204233915211	0.48839240533369205	1.0029065149994054	0.8540411452733601	0.9344660323275727	0.801594913219818	0.9390747892006952	0.9913591095248172	0.7776963688741252	0.8221141873627481	0.8798817284178254	0.761315307421784	0.7999277799752773
BS_9JPQZQNG	0.40623911237049504	0.7759557805675916	0.36122863803444477	0.9178035992996707	0.8403110695723244	0.8720351501053278	0.6294861834060389	0.9299342608512727	0.8460325171617618	0.5561170764740454	0.7524465445182106	0.7921806339918591	0.4738460147560779	0.7804073299059913
BS_9TXEDSWB	0.5261328173905403	0.7447049649745994	0.5294624293357236	0.9346961417926586	1.0408363094654531	0.8991760611691954	0.7402918534944077	0.9401126059859671	0.9492190762797068	0.6811089845805833	0.8064260401268925	0.7911626988215547	0.6698829649699946	0.7887748628313134
BS_9XVACXP0	0.5647867927859249	0.796040697405183	0.43446011216017577	1.0127940768093135	0.793865180993229	1.041652256717661	0.7232075459947838	0.9865571792627628	0.9218287510164082	0.5991333457159373	0.7805248595331744	0.7337257625897948	0.5892901615947658	0.8615314420085762
BS_9Y1K14Q5	0.4611603610750846	0.7609563567221965	0.23894999825288346	1.0606016353840837	0.9146120620517335	0.8604020434411294	0.6980643314340346	0.9361564237742859	0.8817338853670049	0.6363340538519469	0.7908769411272121	0.8011486520773502	0.49158937118961593	0.9442681990473756
BS_9ZJT0CP0	0.6641062027170834	0.8153642393011225	0.4123408328242353	1.0899324646413735	0.9698964120418679	0.9804487562446863	0.7658732537327592	1.0244299149475058	0.9924104198154128	0.6666584790386305	0.7731143483078171	0.7862785638927826	0.6321725216989718	0.8226098447825985
BS_A4PF49V0	0.5962007440492174	0.8766990272853521	0.4125548306573128	1.0194478465764636	0.805844272192514	1.0333751759835303	0.7468151354551551	0.9442892007961967	0.9005779600447898	0.6406618430655363	0.7430097627824576	0.7683296829913816	0.6871622465324717	0.866073920887864
BS_A6NXR7RC	0.49614528765752375	0.8293371955663027	0.38416173751897753	1.0105321676622396	0.9038299902676298	0.9433147036199695	0.7701046979904909	1.0188160565225841	0.9833651505964238	0.738626445443343	0.7577136278531943	0.8071504737380013	0.6142223703739997	0.7931672310933054
BS_A7Q8G0Y1	0.6435928486200151	0.8351614065411868	0.3731365616065616	0.9726775878390979	0.8354954095251212	0.9258072714297255	0.7217906858082801	0.991356167238692	0.9723463834730811	0.6305272619101108	0.7437128155649003	0.8011161013145793	0.6739157824359039	0.77936007017313
BS_A8XW5S0W	0.7539652424832763	0.7959252717897778	0.49948753116483857	1.0002319501340018	0.8300963770902924	0.9851621571857395	0.7108611091934305	0.9598445315675356	0.9384193181351627	0.6248869248606529	0.7995676284832034	0.8870170706199058	0.7271479391198674	0.7735920236811908
BS_AWH9757B	0.5600132340247388	0.782404777888434	0.31287791093999784	0.9746499129199407	0.7160033032042508	0.9488506513222182	0.5942181068643168	0.9866723755087746	0.93160679022668	0.5305415644717604	0.7144165491735464	0.8174948161182851	0.6803924995001179	0.7949134966389977
BS_AYSXRQWY	0.5078342095250312	0.8643153570496466	0.35830128839534303	1.0945832803868552	0.886984861968125	0.964890701893319	0.8213188095721362	0.9269591635360818	0.9216861140917872	0.7209844236186281	0.8010645661037009	0.8010652464849708	0.5970860836998894	0.8688298097196807
BS_AZQM1JJH	0.7808961842200898	0.8242823218576643	0.5538241468541218	1.0065858956348739	0.8427309086015982	0.977982610123656	0.7774143343680887	0.9449490128546015	0.9772494102907378	0.7507554536933453	0.8016240686439601	0.8915085135935381	0.7506780636040405	0.7914351514185058
BS_B1C6GZ84	0.5293760450845952	0.8302068278330209	0.25321527396777815	0.9902087007351627	0.9051192130305405	0.9706031961659729	0.63313620284472	0.9903333816421503	0.9603149967984488	0.5753591771664703	0.7212925741948857	0.79897212595781	0.7241184170895004	0.7443523870565085
BS_B3MQFFYP	0.5161679674938184	0.8433152914955133	0.5272895461528676	1.0171079245193666	0.954496925387746	0.9693773340627291	0.8427415561011884	0.9412375122967461	0.9691099110315022	0.8274810703560616	0.8692386663817178	0.8801861547726352	0.6172064660121674	0.9317039835396576
BS_B4R7X1KE	0.594867868097807	0.7790134143072641	0.35968197584507594	0.8481662099104084	0.8890640465646917	0.8455450083064067	0.5783453966098157	0.9904484731209756	0.8770789930360823	0.47232099297606606	0.6917776024155643	0.735926221339393	0.5630447222162812	0.7192982664227403
BS_B57327NA	0.5060192212896432	0.8560864776662972	0.549536332274679	0.9974013268338235	0.9353666399107394	0.9428515218357262	0.7795915836076477	0.997589412325023	0.9499132955589957	0.7584961209776031	0.8031732583314822	0.6910678448305452	0.6559280620234345	0.8664119396581274
BS_BBAEMXRD	0.4193889438452022	0.7537099407211423	0.3817489940218032	0.8143259807505333	0.8107838745418199	0.8868493136517681	0.5732707668064184	1.0013826480365473	0.8930098147016172	0.4556873799563544	0.7209881250769505	0.6805728922114517	0.5367547824502426	0.7330615213305892
BS_BBQ6BHGN	0.5069682328977186	0.675087495759583	0.2581939092715999	0.9400212170919418	0.7674346692779321	0.8486424583243646	0.660575491096838	0.9492378154165402	0.8676384426120052	0.4871935801548113	0.7380983712758412	0.7395313879506209	0.6300977678541874	0.716693467242262
BS_BK0HGRXM	0.7682345825331512	0.7639485731978211	0.5841271553733912	0.9807473281281592	0.9314813733750583	0.916761801917348	0.7279341676009027	0.9213160506374806	0.9647662168283496	0.6705173384197632	0.8193482033317286	0.8475805550905275	0.7723127101902267	0.823397139888675
BS_BMMY0H73	0.5113239586040622	0.8124602569342153	0.5510982934408842	0.9920547735680743	0.893691040501902	0.9799013724009076	0.7231359670279511	0.9456396107984121	0.9684168566670598	0.6754486271461971	0.7832038719091438	0.8487812133251943	0.656249294533978	0.8545299239574405
BS_C6ZZ3FY5	0.5296075998040943	0.8215586414844119	0.4785622235085112	0.9815689081691731	0.8871146018445092	0.9451664751743432	0.6915757424497826	0.9980945237492237	0.9323416453437829	0.6887265847854998	0.7651391393901641	0.8212009502681118	0.52573038093661	0.8018532742276042
BS_C83TK159	0.5672983747220021	0.8277564051146306	0.398504023876182	0.9727544953667362	0.8329956504943874	0.9442598330290836	0.7312240270951642	0.9414266945108283	0.9402070962748927	0.7334755713814742	0.7969571947527404	0.821224855552568	0.6497022675986639	0.8411557263744639
BS_CBDQZ8PP	0.4203133215732171	0.7509511159497958	0.2730141410467623	0.9042974180164918	0.8412350307366351	0.8510107428180539	0.5328086938389701	0.975097960526423	0.7727100313950269	0.47205291611518585	0.6723346524565661	0.656687803961147	0.5345791026623188	0.72142860616809
BS_CF63VG3S	0.736943039343099	0.7488684372447248	0.5790348891390705	0.930845573786547	0.7830579763413502	0.9468248968278284	0.6455544276178679	0.9497299777157011	0.9164556097806751	0.5631846467678121	0.7937054724841431	0.8589309353753202	0.6719255445568553	0.8053198731166086
BS_CFD3WHAY	0.4532164628606109	0.7383335096281113	0.3123106488431867	0.9638603122606841	0.8816765960892993	0.9269716364267853	0.6274321071530715	0.931261173304846	0.8836132103637504	0.5614390108618805	0.7819079715772134	0.7893603338710627	0.6243746615492679	0.8462129393089097
BS_CG1RG607	0.8108716806134647	0.7910969464669751	0.6201634489037742	1.0304836359507425	0.9165978887347347	0.9356136609595374	0.8823742465439243	0.9391473783589057	1.008612993925773	0.8636057186768269	0.819877970421723	0.8173627719437493	0.7444430525122	0.8963669185876342
BS_CVEDJGHZ	0.7443989623043172	0.8717137957378425	0.4929441598873688	1.0210548394673984	0.9642676285693251	0.9508883352072938	0.8032181469300012	0.9495323998669847	1.0238208259505783	0.7627335360725147	0.8153737921560135	0.871279385496898	0.8200109878575046	0.8535919125390062
BS_CXAQDK7S	0.518529099665261	0.7843525514875387	0.3168312834710609	0.9615800835546074	1.0316455090976022	0.9556572618626551	0.8032455424444128	0.9247106875266518	0.9404169528668336	0.7765484351869726	0.859237631903203	0.729753840105784	0.6068871981072923	0.8288516547373498
BS_CZPQ493E	0.4547650394616986	0.8727881997205831	0.4679054625269989	0.9768000008047654	0.8109181480924589	0.9217090494847625	0.6443140157811535	0.9682540933986126	0.9097183326265206	0.6083813728367652	0.8302708269416179	0.7942217329195597	0.6339174148719504	0.7319894585111829
BS_D29RPBSZ	0.5656103865450065	0.8299618353481223	0.3307359059475117	1.090788496934886	0.9465141336286093	0.9923631815000744	0.7721719249425663	0.9945859555347526	0.9795687841740989	0.6581065454002313	0.7417125348041407	0.7616115471417507	0.6733504168681219	0.7939991788426278
BS_D4VNDNQA	0.5129253618344831	0.6549256977202562	0.2982962108894693	0.9633042693659539	0.809995247783155	0.8238917770781395	0.6366424421586259	0.9352223457695926	0.8070362879524026	0.5611537696248582	0.7398349451870068	0.707301624432798	0.5818880010400281	0.788481499262922
BS_D6J2BGDJ	0.5593896838267263	0.7994519097229654	0.34070787897023463	0.8896197153190936	0.7451980990194822	0.9282300639838349	0.5559824075107356	0.9793140690427697	0.9229328192544797	0.40455204157317615	0.6524810356859696	0.7050250246922855	0.5441548394477638	0.7196141471090295
BS_DFGS950G	0.4352075903000244	0.7947283068602834	0.2558660691461775	1.0295371097550856	0.8950422714793526	0.9742374585328814	0.5760462118293704	1.0048817369975735	0.8788507385590386	0.4637564127567828	0.6817130754093552	0.7178771510455254	0.5542949621096165	0.7811107018237137
BS_DNZVP92S	0.7839412637749621	0.8370625368649319	0.3321046733471227	1.055662627105115	0.7795342915055542	1.0266215931983	0.7233740712949859	0.9316427281874505	1.035033000994134	0.5661134730949675	0.8065420050603143	0.8462120032417774	0.7348541960229431	0.9106739181786929
BS_DR079H0D	0.6816843711176953	0.8041875013800786	0.3796666794403999	1.0313052256293316	0.7455667951719547	0.9459486160689348	0.7057332741319834	0.9766726351429639	0.9594826099946981	0.6550743197173257	0.7754459606757207	0.8010131544455548	0.7206335925349029	0.8182583558242233
BS_DS438CXE	0.5243794759552006	0.816532502073132	0.3473104512115606	1.0086636664839523	0.728169744753534	1.0046747363761106	0.562648008462031	0.9962113573844685	0.9271794128688171	0.40468023026829103	0.7056439590392489	0.7778125773094559	0.7489859552958605	0.8774990002430989
BS_DSPVSM7D	0.5961678186518096	0.8312094271248958	0.38248340733259845	1.052012116532834	0.7942916364963385	0.9299524218633821	0.7008701457049346	1.0099277334984682	0.9234750193550767	0.6155770919963662	0.7083759752822798	0.8541337569171784	0.47138310278730006	0.8068244069339738
BS_DZNXFPH1	0.5223093435958118	0.9295195421265711	0.46823250584591586	1.0634394029862773	0.9273601783882397	1.0056861549046923	0.8997426838001795	0.9144759058112788	0.9158451653837554	0.8918183347214672	0.8713357587323085	0.7957192298190899	0.5671318745703298	0.8716772512382298
BS_E7NVYA6G	0.6616224503587068	0.8867319544117984	0.47411444407145986	1.0153431066134215	0.8810629562940173	0.9113453743423207	0.8614733678955682	0.9768195162238816	0.9540895280524837	0.8388155591076145	0.8603585887075843	0.8466381137909397	0.5960374212280333	0.7797644716233042
BS_E9CYN4NP	0.39393467174906016	0.7391363310601281	0.5009670351021532	0.9707768678465328	0.7787000123368971	0.8952227754718334	0.6257711872821186	0.9675757078507862	0.8133102555746157	0.5765660861071388	0.704191519273157	0.7182369300212429	0.5909632647278631	0.748956840911766
BS_EB0XRBT9	0.5596366142958227	0.7935349600223306	0.6033828663191205	0.9917580064313888	0.8835509004539351	1.0037456748784759	0.8223563027439686	0.9391168709054658	1.0118080199466022	0.7935922118629791	0.8401729460692173	0.8787240748255405	0.6802451184964519	0.9089958883481468
BS_EDJ5TV0P	0.3579376879059611	0.7192482399351683	0.27134867266340734	0.9922367552585111	0.7844346957580474	0.8958106463120017	0.7758555327005691	0.924312927979513	0.8168780449634673	0.748919410349365	0.6964784313282762	0.6469055280391424	0.5270434592945964	0.8588807659857075
BS_EMQM7HTA	0.39827097495292196	0.8566380413089605	0.4236202278422595	0.9584405549349968	0.8706916362892262	0.9976666612810589	0.6632899025753621	0.9495225321431983	0.8457045634048733	0.5951242382054085	0.7784941944340628	0.833883949519938	0.589553665886184	0.8699939444137481
BS_ENEYB4TG	0.7593870669279679	0.8002905632255302	0.4640014494096667	0.9753013491651086	0.8838455245865109	0.9209494527918137	0.7785454129826084	0.9188061160559294	0.969265273165142	0.7602297703885316	0.8221143117114564	0.8405276729371014	0.7544879277234585	0.8091639251920785
BS_EXPJQZTH	0.5739215057757755	0.8473551461477575	0.47177861179026653	1.0035968669650541	1.022708403861377	0.9017060688762204	0.857493109157207	0.9900463031019551	0.976657017562041	0.8122950068853766	0.7980107489861038	0.8550543744923658	0.5398293926918074	0.8109105691819883
BS_EZ3147MX	0.5657799188596498	0.7934373505119111	0.4314472681117157	0.9303935111131517	0.972670242290029	0.9072755624289075	0.6926006963593512	0.9570484421415356	0.8961136519914418	0.5857583808835024	0.8032953365167758	0.7854248731079557	0.6906136729368187	0.7711931430833395
BS_F0JB4EAK	0.5859961482549882	0.7670145950763253	0.4669030259582242	0.9554366737066086	0.78222069360014	0.9124146440924167	0.7244385202203955	0.9542239336427445	0.9259818178421564	0.7297654228849306	0.7528004081729023	0.7214796662708605	0.6611242602249486	0.8574011319399678
BS_F21R36MM	0.5874194030169881	0.8875258907685866	0.36674503232626826	1.129525944126281	0.8466080585774755	0.9437789689561437	0.7739998649856586	0.9923037638505992	0.9305230015981222	0.7527588769644499	0.7554536135801295	0.8191476836265584	0.5855110903464474	0.7953468358311329
BS_F65GWS21	0.4100855531578975	0.7475651199673353	0.43633608382387684	1.0230310060116177	0.8604072372460887	0.9778194081749585	0.6825078941791888	0.9382444427965146	0.8423890527011786	0.5782826012496374	0.7092915233245553	0.7921308171585348	0.5186610583624578	0.820361759555124
BS_F6V1Y4QS	0.49677101919382183	0.77589961549328	0.23734166990675548	1.0460258348904043	0.8797688379127265	1.037249101746416	0.8123333734873508	0.9655765443500546	0.9471612951066105	0.7855010276427276	0.798779337427387	0.8756406636830324	0.5639245198242363	0.8732485605516556
BS_F9Y4Z92G	0.6383478935057169	0.7581312656384948	0.4705673932965871	0.9381517529406453	0.7784096416214347	0.9086352116407783	0.5674890756654951	0.9703344399488076	0.8817710344487264	0.48776273865596625	0.6421738991964063	0.674315940675346	0.6248234831810998	0.736209722667006
BS_FCDAH728	0.5807086981679563	0.8139473608355157	0.4937301376025649	0.978944638752625	0.9615958263290293	0.9394059424126543	0.7594805492943932	0.9590424292022727	0.9162845457833428	0.7489468321235596	0.757757399650735	0.737074348066933	0.621451353860979	0.8501035085116723
BS_FEV5A0HN	0.42981326570956396	0.6478243589240055	0.25988114348389624	0.8842728106089909	0.7659328437122077	0.8401498807829257	0.5405546313514874	1.0112325702009206	0.8796048152455465	0.3937749385253923	0.7095571076243881	0.7313039791237435	0.6452568856108863	0.7343987092573778
BS_FGJH1X0S	0.5038014757373637	0.8481684273541826	0.38507871647484476	1.0192200727449434	0.8332379888597496	1.0031296820774893	0.743221696576676	1.0149275027378029	0.9741600854596697	0.6808286006825763	0.8216824799558787	0.8793644805694871	0.5546023375053226	0.8241070472235704
BS_FKASA3MN	0.5165407593929733	0.7059310870835144	0.3868680504325082	0.8197760399005914	0.665529272782193	0.8539387262354053	0.5082765918324524	1.0200709264811456	0.8470780665359962	0.436767230631496	0.6705874276928654	0.6507714532104816	0.5587017545526678	0.6616596850854961
BS_FN07P04C	0.5559798207704612	0.8285875136878226	0.4966115713872742	1.0336736124773407	0.7959091738277454	0.99017216881715	0.581160959711659	1.0112093567079528	0.8735664693899694	0.45127258935607967	0.7171117512060252	0.7168332495015449	0.5510737231841943	0.7806016900688768
BS_FX2P2WEG	0.49643503507018105	0.7558750393377558	0.3595076455263344	0.9314942811848061	0.9496403741930584	0.9728293443052951	0.6936822146188902	0.984603296340654	0.9158786914761204	0.5212354253645082	0.796353382709932	0.7654757402729683	0.5981583024191719	0.8148030477905387
BS_FXJY0MNH	0.5629125054020537	0.7132059665290725	0.3746246626901456	0.9498943052249172	0.9384907227433875	0.8874259475408086	0.7328627908205452	0.9784474421973448	0.9873635138338173	0.6724768830128693	0.7701233330058527	0.8390753290671163	0.6364990999415452	0.7655808611132993
BS_FYP2B298	0.5311442714364748	0.760825413453349	0.3442375527589269	0.9198619280485907	0.9517935536418496	0.8833971011180334	0.6212104270936054	1.0000992294104494	0.9390779044599894	0.5954607395937566	0.7044039763372669	0.7164165726359466	0.49773251916088773	0.7784928436157001
BS_G19QZG4S	0.5097782343165148	0.65504357674421	0.4562061557783152	0.947167504193889	0.8404826177893847	0.861879666807619	0.6890045880415022	0.9395911392069081	0.9018118085855462	0.6125266159360216	0.7463676459348677	0.7623853568967545	0.6698770294264087	0.8240569180372549
BS_G1E5DATJ	0.7787230844439463	0.8944160219175746	0.5644738232450895	0.9880995632307514	0.9047650003283695	0.9793187249404222	0.7184716284343189	0.9450973836808343	0.983355378191419	0.6586737477702407	0.8207253899039404	0.8375711629695262	0.821116962550367	0.8326023165341645
BS_G257VSS9	0.5820456071928006	0.7729071541602132	0.3723506300903074	0.9523741065683466	0.8068488332929137	0.8405600932077465	0.6203420936640306	0.949298690869541	0.835151718873831	0.5774950732700063	0.7573878010988784	0.7698126239796637	0.5443078398656642	0.7233977746660154
BS_G3NN392N	0.45688361276600725	0.6885189345898153	0.40360563656217496	0.8934312789085512	0.9343321830134095	0.8736055441511559	0.7457665276795755	0.9216273012912831	0.8936265800876668	0.7004830298608731	0.7066782198862921	0.6766475597923122	0.5310100505599067	0.8203350133959535
BS_G3RJTBZD	0.5571515415521228	0.763758853689681	0.5107506658100939	1.088510859308814	0.9126977730376521	0.9456621679658883	0.6732831043992035	0.9980892898347618	0.9713947531937707	0.5653108453657514	0.7330731913152783	0.7431836620024306	0.693141890363149	0.8255622264515887
BS_G5NHSFD4	0.5870190145434043	0.7238454400738972	0.29324956939318336	0.8972835287929822	0.7999433521656496	0.8974563657987132	0.6174147506330426	1.0077889884517999	0.8820050534712616	0.550125430262197	0.7059723022937607	0.7464224674800185	0.6379050551014088	0.729939240372417
BS_G8TXTX0H	0.4939881887076503	0.739660436344566	0.3531015291425683	0.9283367845445628	0.8202205853664786	0.9822976794953066	0.6045755993339845	0.9581858593501552	0.8841918508675354	0.5484138450315544	0.7439235705739606	0.7147197073530807	0.6434798676806197	0.8396841298469029
BS_GG9W3J9Y	0.42804922053362743	0.8179465417696902	0.2526357634445539	1.038018785279425	0.7958756807307986	1.0112643833899881	0.649026077136592	1.013726447074898	0.9219019565435748	0.5788652715347532	0.7275532025691377	0.7831921110271511	0.5760305195169692	0.8898047145978162
BS_GW0GKWMS	0.553774161112598	0.8196132273783557	0.40485371136085924	0.9642164976807038	0.7899542394784527	0.9865575654916017	0.6253513359010322	0.9933154569210926	0.9619424485621091	0.5330116000535677	0.7413397632197387	0.8068333107604316	0.6190409889744208	0.8185642279878483
BS_GWHYM3R4	0.5628776143538612	0.7349224545921085	0.129525944126281	1.0988837154191948	0.7808889600073942	0.969819155679517	0.8054791969733475	0.9550163116921765	0.9226422617798549	0.7607089888930665	0.8072700926222176	0.8037377932329615	0.5800457678058742	0.9672607789929852
BS_GWSJ4Z9H	0.5652743137395164	0.8492624972375851	0.5474368754544008	0.9563310062137104	0.9904371136068715	0.9632548614871747	0.7729496562049213	0.9590399484717748	0.9647868393583874	0.7966179553110602	0.7853155106100024	0.7952885669130924	0.6200918648734652	0.8616330051985321
BS_H5VQJR7X	0.4069392042139065	0.7931618365809495	0.29181311001066534	0.983457969649265	0.900107832581265	0.8736354760708833	0.7568246855088183	0.9233318310983559	0.8767232136663288	0.6779202565629953	0.8431175206044464	0.705242202931047	0.6052448228274808	0.861657108436556
BS_H97S5SQN	0.5389285400100765	0.8074573772791305	0.44549824993634435	0.9314719740040497	0.8882626656252497	0.9207068093167595	0.693062227609418	0.9580640177527113	0.9320328050519928	0.6857813229155153	0.767339068358514	0.7301834471980987	0.6759124392147414	0.8134636104247635
BS_H9JYKFTV	0.5245056303723786	0.9112376626940641	0.2715881330113919	1.1012184434637844	0.8473301626798273	1.0440178386279373	0.8626100055204357	1.0114085227059817	0.9408287146616887	0.8954086709757667	0.8161667047796586	0.8343800823288771	0.6447232794915317	0.8445782000080975
BS_HDHXX8Q7	0.5116327881725601	0.787905521496468	0.5323670999634942	0.998149693142902	0.9211101498781508	0.929873596737709	0.6842347180965316	0.9402965100049652	0.8801629717379592	0.6363390295053546	0.7952446114693392	0.7756344171405077	0.6216067165688726	0.8601496101249124
BS_HDPCQETG	0.44338506892017127	0.8067523111513274	0.5040235138685272	0.9785179185847668	1.0024985104476964	0.9399833135916775	0.8056532632024865	0.9348757455068539	0.9213335884411852	0.7087510741292573	0.8268493359863143	0.7979620630878209	0.5800646096215487	0.8468363549578135
BS_HJRTC9JQ	0.5596334495015753	0.763897237660733	0.46555385195874827	0.9391065442074428	1.0054729386542107	0.9547749008868026	0.7579781348903851	0.9653917821424197	0.9732163319023126	0.6895393879564865	0.8476469902190025	0.8505670100549602	0.6294538968083845	0.8360557147025574
BS_HJV0J603	0.7772275642402267	0.7745805942121813	0.5851511098743384	0.993534378116397	0.932218426241343	0.9507317794127732	1.0072352615603049	1.0051965724862486	0.9269227550744412	0.978849056469934	0.9525516133744237	0.680118433337026	0.6918146894834247	0.9239050430118584
BS_HRJ9145M	0.6223600134388784	0.8697312805232872	0.5050622387631702	1.073162168338922	0.9048979071316531	0.949504831820968	0.8462108417429147	0.9961710385389603	0.9339853494743786	0.8328286516564116	0.887597537927326	0.850293482910548	0.5809463256362056	0.810456163369259
BS_HWGWYCY7	0.5037880720832821	0.7989267002655264	0.4495275955879938	1.0166779608405885	0.9810490077933388	0.895671713602761	0.846558990854813	0.904721713107516	0.9190165019756634	0.7384576750717403	0.8532132654196611	0.7048942570503008	0.6108127556683007	0.8518068351728947
BS_HZ9AYDCQ	0.5913732122176993	0.8184886891877244	0.5991834699945863	0.9971682835493497	0.9626655242946537	0.9487156629357073	0.730278138370778	0.9434284036720073	0.9739508679277848	0.6623452008613859	0.8055272643767364	0.80103569848844	0.8234150914318888	0.8191526503707304
BS_J4JY2F3H	0.3894364189930867	0.7410903874086671	0.36226559432617594	0.9268991522989689	0.9500364077633416	0.8798591804448346	0.7474335825443152	0.9205499644013083	0.8855109860383631	0.6492022887072819	0.8169523791797156	0.7429131666143173	0.5648426566798948	0.8426322060814371
BS_J6212Y48	0.5503319613039181	0.7515186474516289	0.5090250108047353	1.0118571438410915	0.9418576347311696	0.8754195379495294	0.7018724347533191	0.9173603559480019	0.8787535926022424	0.650116574630509	0.7773055805993822	0.730549886835848	0.4936970673151513	0.862208094141093
BS_J6W1RB7A	0.547368883509761	0.8872560568347767	0.3831338078001107	1.0336187640500112	0.8382087631441538	1.0390658499927299	0.7819568010802485	0.957319750278352	0.940649549789569	0.782764905362751	0.7902617926545611	0.8939482538719573	0.6194474386525154	0.8313088786968101
BS_J9CBGP57	0.6140420285434417	0.783468173629399	0.5064318478334997	0.9441080624645626	0.8975854432513476	0.9137324111515941	0.6683370095363849	0.9663875798006215	0.9556134912923435	0.6008316126965576	0.7329693822365407	0.727060573859747	0.6828902667370105	0.8004606693268985
BS_JB43XBCQ	0.5817091460441111	0.819032349696755	0.45802370992737296	0.9794390162808153	0.9859392537349885	0.9598012174237776	0.8888380213521931	0.94404680143803	0.9509121879854605	0.83451318697702	0.8458334163361811	0.7363071735753612	0.6441448095652056	0.8495659085052553
BS_JDSNFYQ0	0.44202555235730556	0.770502397942519	0.5000260034517987	1.0445048992492307	0.8608511412975921	0.8648256622854916	0.7836915951715799	0.9470575689943638	0.8464521847815565	0.7218291969079893	0.7255478307736423	0.6843485816081283	0.5938546684347299	0.8462306945371963
BS_JJVH7WR0	0.5088261727584948	0.7779097438726789	0.4481773544900869	0.8635945988647376	0.8975731302685239	0.9412788581133369	0.4917112561616019	1.0124274635903	0.8460040721711627	0.4115240003941502	0.7086307639936759	0.6664170591249965	0.5006678538270622	0.7424617887140162
BS_JMD386Z2	0.538137222713761	0.8422218927174052	0.3853918400523381	1.0521155326147495	0.9571789006638842	0.9590301043376914	0.720723837871575	0.977354723827194	0.9233475756732028	0.6227392574224546	0.7530535689177744	0.7945561782046278	0.5903302692267157	0.7930682575002849
BS_JP95KMRD	0.6120547411477538	0.8430349242363393	0.4979816674480278	1.0687197456309177	0.9493061985716571	0.9395737338447028	0.7861413661742649	0.9313028527725414	0.9700213504784839	0.7376734739126499	0.8281383737552362	0.8998225358213752	0.8218226228055207	0.8437503021835784
BS_JQGJQ2QZ	0.6502475617786908	0.8546181442326282	0.3948666250165863	0.9671563858111201	0.7857405097588447	0.9667265827269644	0.7246274751908788	0.9541110911297324	0.9612563395949494	0.6529888848354028	0.7873581313998124	0.8412329481727108	0.7385641258266148	0.8316005671305797
BS_JQVAWTTM	0.5182528224110005	0.7219844059974801	0.558625977390017	0.9522052164495581	0.8986732046099868	0.9057624529949717	0.6564068511677027	0.9323367500994311	0.9348793663182247	0.6173963077732593	0.7997363286887689	0.7014183406933387	0.6696572157840849	0.8423580619869655
BS_JQXHHK0K	0.5631491484337093	0.5669494258986733	0.47750871278692186	0.9271494494038506	0.9512618339563664	0.8078944629736513	0.5912376427361307	0.9821779917053417	0.8510326823675153	0.5081907087309084	0.7352681827383374	0.6751276121868683	0.6286183079892127	0.7087511445221628
BS_JRYJGYC4	0.6381903374294563	0.845700115102288	0.476007010120876	1.1219352108773837	0.8469916275342221	1.013800881745759	0.8849549323938515	0.990992371642407	0.9687909206098638	0.8343626046472356	0.7785601503990779	0.7527417040760777	0.6509248863992343	0.8772881277401398
BS_JS95PE0J	0.5675019007729812	0.8372450734087828	0.49590918621085855	1.1056645598719086	0.9492092372341727	1.003010352908913	0.8653487550833868	0.974268143039724	0.9644347781437611	0.8200074044055179	0.7651190704949143	0.7672929584303528	0.6748494767872996	0.8241077646811329
BS_JTWNJ8T7	0.534594014079239	0.6846930815769049	0.37845030566227145	0.8338667915894761	0.7216538897381773	0.8179409896337607	0.4721461783329257	1.0247620845032552	0.8150197899174318	0.370615825698959	0.6837070447970087	0.7124760777592244	0.6548411398947026	0.7369630086144228
BS_JVW2JJ39	0.3756926416676673	0.753954829508815	0.30878994386074826	1.0495660446726367	0.7341640011487458	0.9760666718449506	0.6096474590463814	0.9694149185024303	0.8626422521322438	0.4802372175924258	0.6481779387119238	0.7237382833263111	0.6316442278735694	0.7781413833117802
BS_K0X3PZGN	0.6726728433199172	0.8504628035681333	0.4955731110067336	0.9755129819061263	1.0804138244687913	0.931009178050943	0.9082073087589327	0.9439809829294574	0.979714242625234	0.830072574492007	0.903818502009607	0.8292078801278333	0.7117857980697738	0.8498546711334874
BS_K17VQECG	0.6268760767978504	0.8461795115447229	0.5052777289162298	0.9400206568214714	1.010247727219324	0.9831704021487158	0.7025266450658153	0.9898478565147076	0.9453604272894829	0.6201624779734135	0.8003274238094072	0.7621568860612972	0.6980614962906392	0.7852051543456199
BS_K2PCC777	0.8241473155003755	0.8199162074861241	0.670907630005859	0.9585446392444815	0.9812682583132499	0.9449069113497406	0.786961655148068	0.9343048666588631	0.986275645150985	0.7034778969956347	0.8445439696883063	0.805050398080625	0.7382532218408291	0.8006948020869371
BS_K74N1BXQ	0.6099268764072309	0.6976880560696457	0.46438721500662744	0.9391550125298459	0.8577146846943725	0.8886662040094648	0.7022203049230542	0.9381965263428561	0.9358326907873568	0.650431171901714	0.8000599107617319	0.7937682576460252	0.7217860827647404	0.7925349032119662
BS_K81PZXP2	0.5594592005665051	0.8344658006392445	0.3019220589911882	1.0937155088631563	0.9410912958035014	0.9701176550254148	0.8354289079418487	0.92176313162855	0.9269080179333643	0.8234777649990165	0.7609371546693585	0.8184779582220018	0.6137177477746293	0.8582320249225228
BS_K88T8SW7	0.7290945715319284	0.9093576245800016	0.6069790024181609	1.017050448867232	1.0556566020712075	0.962858408909092	0.9089333483325169	0.9437647377569326	0.941249853164682	0.8337415260236415	0.9258515160394347	0.7918051324018033	0.849689515511366	0.9301748033885471
BS_KABQQA0T	0.6506919642983796	0.7364455667752459	0.3684162890967624	0.9283727396081219	0.7278351698369742	0.842037757684657	0.5702467475132729	1.0127363741198703	0.9348340431472859	0.4433958430757733	0.7118035954452512	0.8469510593897069	0.7187291785187226	0.7799581155722746
BS_KBEX4RT2	0.4867574992884787	0.8583832615027451	0.42698641853842345	0.9921298713019906	0.8006569208489147	1.0009347377323048	0.6689458356570872	0.9803172909460138	0.9196519687664292	0.5690071516095937	0.8133480822260066	0.864119744377648	0.6617652333308905	0.8871627008706472
BS_KFD5128N	0.5534994853569317	0.8024664269935982	0.4418998846966363	0.9128636552068197	0.837226412962007	0.9838145003871679	0.5598530386271877	1.0245290668039349	0.919076236585436	0.4961924409064902	0.7516823390226118	0.7651191190338501	0.5721376579220215	0.7471909478377404
BS_KKDTW11T	0.5749893259640828	0.7273783209964578	0.650394595236857	1.042389333657214	0.7992188424079417	0.8047833661479207	0.6186217796810586	0.9686408197521436	0.8378165629850982	0.5686255571249056	0.7068520125889639	0.7724877640842988	0.6332237439031937	0.5625675241086671
BS_KP735TJ6	0.6612232996320221	0.8308592961392339	0.41413151054917524	1.0894330598272488	0.7651487176132538	1.0459538911452708	0.8008065907927088	1.0228887214282305	0.9580671314603718	0.7709041943723859	0.7745516332738966	0.8278163258928639	0.6334393297543004	0.8991371278808054
BS_KQ6ZW085	0.5509191886588657	0.8042969738864572	0.3894823870851944	0.9457161807292708	0.8441211761242803	0.9803731216411726	0.6907711979085265	0.9716266277312621	0.952526722782394	0.6104946483166557	0.7297052754593278	0.7393388411422617	0.6549352295986922	0.8102921504993001
BS_KRS4EV4X	0.604547475266751	0.7720818193457057	0.5614966306236987	0.9839399098802291	0.8432865600149094	0.8526728467693137	0.657845029712137	0.9993453511031424	0.8693627628891255	0.4955719776703568	0.8261236172729477	0.7302211425789268	0.4406393258429557	0.7412720708873634
BS_KS8HMGA6	0.6592251525343346	0.8777382849418555	0.6382630559167908	1.094622564067721	0.9243391411498548	0.9585194476746731	0.8517678634582725	0.9384287929855165	1.0337696082545267	0.814017110740738	0.8265975822171587	0.9279846362101841	0.7218169478228145	0.8718318584541113
BS_KVPWHDR4	0.5593488651323657	0.7667668115390261	0.3354541732835422	0.9536205857828375	0.8852365775655079	0.9702407337040173	0.6938098150280855	0.9485618404107345	0.9037793932988821	0.6346377323543562	0.7768372822807985	0.763097557582663	0.5660788702954872	0.8074677940327527
BS_M0FA190Y	0.7325807802718385	0.7302656377712565	0.56430673251258	0.9614693875958805	0.8513782033519208	0.9259226393095426	0.7400546145447996	0.9276617777980689	0.9478438418635614	0.7376250101475713	0.7358961353474989	0.8043928479074764	0.7464261615520411	0.8453653830803199
BS_M0XGZ53Z	0.4364573417097079	0.6664403364276879	0.34345345385902804	1.0021651125358944	0.7777580616066078	0.8824369945056147	0.5199113121372252	1.0295990642516295	0.8818679512460751	0.3412242382876653	0.6512518360814837	0.7898606220596177	0.5880266389449564	0.7312854588294231
BS_M1PVEHCM	0.5191266712918281	0.7076201435324038	0.2958767921254755	0.9517793340809658	0.7643162200766359	0.8831629644209222	0.5851963514292025	0.9750404246036232	0.8618325920571462	0.524406145672063	0.6465500834044124	0.7439798863103668	0.5643476541335171	0.7264566352705333
BS_M54TWTH4	0.7125206947376919	0.7125328588337962	0.36717408649870537	0.8730991615762127	0.8551985046441858	0.8957447729778304	0.680116673247361	0.949827612528697	0.9387265362949411	0.628924439815052	0.7770229802216652	0.7533145132289759	0.6233935068105193	0.7336394723965552
BS_M7XB258E	0.5725322714434771	0.861210747811653	0.4562393708540302	1.071431901943722	0.9490470649580574	0.9490934588275278	0.9209575465109693	0.959610666533176	0.9708226141264846	0.9367155377615106	0.8727037855173572	0.8787288378868172	0.6111255049841056	0.9001457750436835
BS_M85CXHDV	0.5718863819039228	0.8396566949960856	0.5106572082983178	0.9900187000719699	0.9477171515938309	0.9650810476618225	0.7990907778915174	0.9719383803234104	0.9771471161611138	0.7052637754152	0.8072313677566983	0.8380932778754333	0.6233115656676553	0.8581508125908205
BS_MB7WN0ZB	0.5526546689648439	0.8182212963586841	0.3825815115131763	1.0065445730411404	0.8050183339639069	1.0043177069524538	0.707259030457333	0.9969212312836718	0.9411172047144966	0.6574758509235009	0.7571891562023407	0.8114756982664667	0.6163688920724704	0.7927304553083833
BS_MD0937XT	0.5304610107250141	0.8318243912077306	0.35147333444223916	0.9216692508814756	0.8207743305199385	0.9352244808613801	0.5951370856868996	0.9931155671974826	0.8886257365549165	0.5245003468508586	0.7085333172550323	0.7264638684376697	0.6154064128995153	0.7249458182798286
BS_MDBT7S5Z	0.6189515076697241	0.7112884456843954	0.5575957332336005	1.0005934193519945	0.7192567554179008	0.9019477552654008	0.5890393129994786	0.9884826739690464	0.9332222607610278	0.49108383756043533	0.664023072050176	0.7349915663834139	0.7029344882165359	0.7843629219808153
BS_ME6VQGG4	0.6017964258232834	0.7519532068009375	0.3683468111800386	1.0550583278025287	0.957583904768333	0.8923887819426994	0.7148161121772687	0.9859187578189313	0.9136803684173871	0.6091039946174351	0.7531355491774531	0.7299316621273405	0.5385250545079631	0.810560680994951
BS_MFGZH8FK	0.5390636590741315	0.8475617008338429	0.3839034847241469	0.9608674723486234	0.8439930446393725	0.9183940591440348	0.6023605157731416	0.965180754507919	0.8190423537301695	0.5826711951392964	0.7719392428750526	0.662356256420124	0.6607165193831728	0.8068987767140836
BS_MG78HQDM	0.49532739641646106	0.5995310630701584	0.3284811698396714	0.9442172712038687	0.5963537139423043	0.8343789374761317	0.47651307526931896	1.0129921031275049	0.827105222519546	0.3056263565122961	0.6456147013173094	0.7000817970327288	0.49662390044997473	0.6760575930599975
BS_MWWZBQ60	0.5507076651346485	0.8029940169508502	0.36873299718992597	1.109126837886621	0.7939549417062269	0.9505784754617939	0.7613675722726178	0.9715040265000934	0.9767738332709319	0.7200924672681138	0.7354692560612734	0.7931711449090657	0.6770045527320772	0.8989405121044125
BS_N6TQBQ8M	0.49952547374228695	0.7192730633239803	0.3329055036632699	0.9245076518650958	0.8828188056904523	0.9543489124318	0.5797813187528041	0.9379513911938623	0.805384835397185	0.5056190968289765	0.7406586583061057	0.7767846338314391	0.5705006067957228	0.7945728417149128
BS_N7SW36FD	0.5469980616040971	0.6857382866576576	0.4312264266585116	0.9147990157189269	0.9592953438370544	0.8268617946368841	0.7183044673747075	0.9258890332406119	0.8891526519309424	0.6725111527856975	0.771670415416074	0.7192170558395908	0.4651221256516222	0.8419955881089756
BS_N7VQ1GQB	0.4868542347998214	0.723139625832484	0.3041674278841929	0.997994268189601	0.9115539161598851	0.9322659970275546	0.7186257473176371	0.9682626843449491	0.8995233342000715	0.5381543893952575	0.8242659714798467	0.8000202754034816	0.46769376169098187	0.8623506925764602
BS_NB9XXBW6	0.6700336801711179	0.7952737448040114	0.531703261581446	0.977730116665157	0.8377717036272275	0.9118833214913106	0.7217072674539955	0.9676671563320122	0.9528567637376724	0.7101199251444676	0.766680610350683	0.7551696717494544	0.622233789320244	0.8543068373843429
BS_NEFAASTR	0.7401023669164839	0.8234857998703087	0.6393460158728701	0.9833060344196675	0.8465132795870739	0.965525318322496	0.7633275852460701	0.9347680657111364	0.9679775769930518	0.7117330175813178	0.8245188066248097	0.8501394475981495	0.7377300311122719	0.8417552049141797
BS_NEVYM2FP	0.5965004033171466	0.812224720910868	0.4355821958423606	0.9665023557478679	0.817420827349273	0.9378013600214078	0.7295038267992582	0.9551041897205403	0.9124739727229918	0.715675308817438	0.7686141137968816	0.7311804006457633	0.63368035518572	0.8611319213259018
BS_NFKKDYSV	0.4732900099394183	0.853285074487699	0.4432937018989628	1.0088410591179524	0.9488237296243098	0.9738637691848424	0.7876101818962087	0.9560826451496807	0.9081439153573236	0.76416248537285	0.8278493789257494	0.8452803040154587	0.6657171937740013	0.8669249353222038
BS_NGSG2KB6	0.5898006713038794	0.8124681403537112	0.5340407486227229	0.9922538403750494	0.9732726436101988	0.9449871396023017	0.8383580761115896	0.9417281528566724	0.9588363808411168	0.8308039947887569	0.8076874118359784	0.7497298886076402	0.6499132102575141	0.8434732613041037
BS_NNYXMSTX	0.5391046420803757	0.7949477458968707	0.40350669243786297	0.9538472650660178	0.847659397139417	0.9154375859160232	0.7329365068869799	0.9525807538950904	0.8746136135263134	0.6350472257910835	0.8377190037196522	0.6364176577796703	0.556477076881253	0.8478176852643162
BS_NPA6CZQF	0.49361590978034314	0.7237646281672565	0.5140607095139592	0.958318703215557	0.8200023703102058	0.9222482993727779	0.647325282825082	0.9561480612818628	0.9110579563760365	0.5483939300825289	0.7691116933887371	0.7665655539697356	0.5813440269077438	0.8023722887746937
BS_NQ54ST98	0.4093140324188757	0.6943032268790248	0.4572975233810393	0.9247982785576777	0.8333061995600198	0.9111609121874106	0.6711422921273025	0.9161874146002713	0.8980426698550001	0.6335178313852781	0.7882585978643304	0.7230343350886487	0.5877730659733947	0.816934035642904
BS_NR3P3GN2	0.597973074663921	0.8674094090001847	0.5142976115691827	0.9448346628098588	0.8892657042117994	0.9787585425200117	0.749120443139477	0.9869666331431722	1.0274238463160408	0.6787254236382029	0.7952467497340447	0.9670275742151664	0.7112307524856171	0.8343482750419037
BS_NX1R0BC3	0.6823131252454083	0.8405056003517007	0.4271965767272119	1.096955453570577	0.869677003370331	1.0053922153475823	0.8538576641616367	0.9576265417041111	1.0161696675278344	0.821832377759887	0.8471799667209268	0.8938318453724088	0.7103599747268418	0.8788857054494802
BS_P0QF87WC	0.5530503596680809	0.8973480611070264	0.5128795888787603	1.108137595698005	0.9108516772198615	1.0425850669689618	0.9436482145992603	0.9953295281887148	0.9314879864810927	0.9266739305690926	0.7804012984189836	0.8548647417894969	0.6960758344915334	0.8494666425267711
BS_P4PMWFMV	0.5151796297728332	0.8162531777549368	0.4645599780861625	1.0135001011374214	0.8418116783402929	0.9604209319264845	0.5813225684051596	0.9573126467317439	0.8655577217890552	0.5430579982916642	0.7514598508098911	0.8313376246682238	0.633998050525968	0.8409037378108658
BS_P7W3AYKV	0.48118309217344685	0.735945041695907	0.44881787444483195	0.9549030222662515	0.8121557788738938	0.8773483222635491	0.724553426828751	0.9244164888658554	0.8956692852972774	0.5850359832553127	0.7654072501022604	0.8323236053823065	0.6988176461892807	0.7903737117122204
BS_PENM28KT	0.5316521564418853	0.7720213937944239	0.39123599732564585	1.006624617125475	0.9093272467111927	0.9649287626174439	0.6766681727136011	1.0041411937025604	0.9449923197761755	0.5676847747622735	0.7266108659852675	0.8467158707481656	0.555051805520442	0.788097722049077
BS_PJC6FH4Y	0.5365834930193542	0.8650734437149417	0.49425073229956074	0.991727724664075	0.9849809161469502	0.9886743941584131	0.8515338352648246	0.9971201097806072	1.0225120427395786	0.8055424199624612	0.8222347547015746	0.879100019569613	0.6286936535951877	0.8530293039465678
BS_PS0P3QJ3	0.6465184702354118	0.8120726798482478	0.17990869339717008	1.0703770111019804	0.8424979401946279	1.01308959223351	0.7392442367568576	0.9646548781854988	0.8958286275358648	0.6621989220806195	0.8089209190105211	0.7429336486741926	0.5605473363070314	0.8856011630479665
BS_PXCPK5XS	0.6475887745570242	0.8187398187642881	0.474015275011432	0.9821611818031045	0.8724606307143673	1.0036813457112277	0.7116249738178533	0.9615443042635698	0.9458099507232601	0.6197864264811325	0.7828854310437234	0.8581944842319543	0.6417006559117926	0.7480930100051374
BS_PZVHMSYN	0.5382135233438836	0.8293378577984568	0.46511601351011683	1.090616282770862	0.8501622960239392	0.9609100126297042	0.8032544949773863	0.9979436939791345	0.9568597300230167	0.7571788190448453	0.7539130936132983	0.7784023965816639	0.6607840860472648	0.8971796554815535
BS_Q06J3RYW	0.6099446385137268	0.6475057917332422	0.5936467059174465	0.9642450109609354	0.8987895830441125	0.9160352974141285	0.736987907113167	0.916389113749026	0.8995350202337741	0.6696658140317336	0.8583441627653761	0.7446840901919359	0.6900044789958922	0.8431436519029532
BS_Q35GFYDR	0.3476557848665062	0.8271276390926122	0.236122110890015	0.9639470512302994	0.8762854346331485	0.9906924077588177	0.7406057179801101	0.9151786553890666	0.814595937153824	0.6429051134395017	0.7604231808502746	0.7151928330608198	0.6546158421134367	0.8172365247908248
BS_Q9N5PRD5	0.48429019086603675	0.7952665610602468	0.2741498548456997	1.0048945250549115	0.8544267523497787	0.9104356151593568	0.735337165226738	0.9196357142373699	0.9017993957635679	0.6813148797289768	0.7339097308149076	0.7932029285086254	0.5560427681965597	0.8486500161584408
BS_QB84TBA3	0.4338953886751916	0.7309133278135234	0.3020890614243491	1.0247233888961838	0.7950088867295638	0.8651362501011548	0.6570607822713513	0.9844367342044421	0.8733293097400362	0.6061625058913435	0.6912981504142711	0.7230426874829853	0.625897518800466	0.8239724112286767
BS_QGKEP3KB	0.5205379434952264	0.7850840865901938	0.34479304631285396	0.9274486668660854	1.0247777178144961	0.8658504663277528	0.7451198416546151	0.9259999480096452	0.8752468430868096	0.6784667377822395	0.8239475918317304	0.6656015939817606	0.5956034890126898	0.8292637169469538
BS_QH0VYVJK	0.5239499383495807	0.8439104470653526	0.40262410770235013	0.9867203894054271	0.9279807313549079	0.9987549441153596	0.777305214664982	0.9527606789020151	0.936204173321501	0.7233468119586811	0.8460008330123524	0.8268034216417371	0.5303158016131087	0.8681019187952701
BS_QHY302E8	0.5458388535124695	0.8750127399954898	0.3705413032556177	1.0470079382260313	0.8666815082983821	1.0197289077657041	0.8250580193181543	0.9315750264458555	0.9150315878952701	0.798456463615132	0.8478861430224673	0.799112637051922	0.5765629364969044	0.8524494673296601
BS_QMBS32Y2	0.5221806942860544	0.901246579967226	0.4272556905820771	1.014584577680517	0.7896602224940519	1.011055204153131	0.7193505022064516	0.9697291556279317	0.8903762598817081	0.6628223943791001	0.7554910171789008	0.7593388557948283	0.6324594260005022	0.8415092397204054
BS_QNNX91SM	0.5554617434163351	0.7687540871299265	0.5142130669528269	0.9436622259841678	0.9264027588591721	0.9411868595279849	0.7049381284579949	0.9398026358402931	0.8924601352090813	0.6765133075128791	0.7450314115223388	0.7321932388433668	0.6613411522543043	0.8368541405175737
BS_QY2G1JZJ	0.6769576045831414	0.7756083690220905	0.5714730633850685	0.9399660519650642	0.8203874457921677	0.8950820128315137	0.7067402092888554	0.9302564257029489	0.9612316156220415	0.6662046332821436	0.807232044747439	0.8036182072567192	0.7874609174541203	0.8097446542987516
BS_QYA4TQXX	0.5285757593937807	0.7477843016888741	0.39368980374837037	1.0380382822609127	0.7979517742202097	0.8596248918359843	0.6741177987190123	0.9629195496010655	0.8749374903671083	0.6091394814758402	0.7324679640228876	0.7408229574589416	0.33076461229496434	0.7177744959112932
BS_R5JQE0VJ	0.513076934668899	0.8109027485874633	0.5328663766828602	0.939078349516012	0.7533456071671635	0.9340464654015567	0.6945275779459347	0.9633310090993406	0.8956563530101127	0.6451202468159588	0.8069023904662503	0.7890582803968834	0.5474795515054657	0.7604874648567072
BS_R5SNFB5B	0.4275891596838933	0.7911692433788831	0.19077180994622697	1.0015082545373613	0.8228803350703929	1.0098450944152413	0.6650880397134245	0.9939454374545854	1.0181031241305896	0.5026117267585517	0.7382784025509314	0.6957452145417228	0.6356159839621114	0.7748646904464588
BS_R9B92M75	0.5034968513908634	0.8357367599667003	0.4571259747315767	0.9926952770383844	0.8366205093243001	0.9433219165538362	0.7676094023632273	0.9481081906055125	0.9246220178594691	0.7778543148090472	0.7732450721918206	0.786290489479681	0.6275172689377254	0.8477363649107688
BS_RHAWQJ48	0.7960966251439481	0.8736339589003299	0.47828420688318074	1.0567313893869184	0.8698292326011682	0.960317887110592	0.8913214189631683	0.9560670273741143	1.0120974384206143	0.8558215305699509	0.7884713380181595	0.87410777651574	0.8297869209047941	0.8969918679189426
BS_RHM60031	0.47727354963658336	0.848613845919561	0.2960889583026527	1.0825017531685148	0.8827745396913305	0.9627188699377413	0.8328212166762295	0.9124932747511532	0.877026348303588	0.7655896580044599	0.7852124067935246	0.8262028213707054	0.5752240076208623	0.8902366669083055
BS_RJC3WDD6	0.4587711987075679	0.7306429713276169	0.3295836679708834	0.8425794665416511	0.6903080995691774	0.8682426044316919	0.4642939955166753	1.0086092991460058	0.8757936056973842	0.36674932093724905	0.5460873641290775	0.595994539980367	0.612403214251416	0.6624763907825135
BS_RN0VAY51	0.7435860493794043	0.7903180604666943	0.48563911862757453	0.9772561518147772	0.8339069641166215	0.932598102874243	0.725642537244388	0.9464029301337287	0.9390505160191748	0.665835359908566	0.8077753659808801	0.8589719141350355	0.7250754816659152	0.8015314722527744
BS_RX1YTZ7F	0.5264388233814893	0.8029768954712732	0.42595453793530963	1.0507383092667784	0.8470423675974572	0.978361484852021	0.7175307058395483	0.9732151699720337	0.9686518163946592	0.6277773081542007	0.807985482253181	0.8888909620802317	0.6950815136972663	0.8789494249374319
BS_RZBFH1QF	0.49746638406490773	0.8389877963639549	0.26272562954844014	1.0645233276490038	0.784347741111888	0.9796659764736069	0.7261820508582431	1.0077941453412602	0.9692124331971368	0.6526225947720435	0.7751281896047167	0.742410878086126	0.7035450123859777	0.912134756013121
BS_S2TA8R29	0.5267625302554448	0.8040844285062239	0.25642849702984144	0.983383404858085	0.9180145128891067	0.9733751124896656	0.7937410570182941	0.9821990018118884	0.9949143580544052	0.717852229074673	0.7878861994151335	0.6944028885299073	0.6226820790883373	0.8942792324685476
BS_S3C2PZAH	0.5061567907996767	0.7736401467139794	0.4543556232813013	1.072986724510481	0.9013932310933122	0.9147727756034705	0.8207706838145926	0.9285929314185377	0.8964191235127857	0.7687765668993845	0.7437630426967617	0.7795623504152853	0.536469433533641	0.9086737018167967
BS_S3MET0JZ	0.5722016638804847	0.7014531691035835	0.3929253044348566	0.9239443548584946	0.8683540886380987	0.8310337998524168	0.6677415892697052	0.9764980941417579	0.9359026332340298	0.5457380397659578	0.7548358971787832	0.6455424933573437	0.6131924929881024	0.7291592991721478
BS_S4V9E1XJ	0.6786710811392317	0.8904841798491693	0.449062544539406	0.9714787955963455	0.8992311607106046	1.0172784570400666	0.819477336559092	1.000129676707877	1.0072468863846598	0.7536671374752669	0.7863855107522754	0.7837717821210396	0.6241480126762435	0.8637739299499143
BS_S5P8VTN5	0.5284363834818478	0.8725886747732728	0.5567072165371805	0.9695995792752324	0.8794098778381932	1.0079393953397406	0.7510682767466144	0.9750858241788942	0.992790932294226	0.704167633653284	0.7558015991473863	0.8014735995373787	0.6405365412498001	0.8676697813916104
BS_S6B9DVNS	0.5832070369361458	0.7522125252205085	0.45001083112984525	1.0324529406569363	0.6893088795325292	0.891411208774054	0.6755948958898229	1.0320272952756873	0.8974534557093092	0.6328618273546808	0.688673304049515	0.7931998057156662	0.5222215926704292	0.7719927966330901
BS_S6S7SK3P	0.5012037707401414	0.7180744236065131	0.3644939015267964	1.0277072093314006	0.7793680888995261	0.9234068380227893	0.6986892659781988	0.9992662729857469	0.8782174743510458	0.6343156141276102	0.7340229071690699	0.7574320220805919	0.5824264905580109	0.8151609387403081
BS_S8K878T3	0.6349632662145577	0.8198888153461559	0.5107849291670433	1.0951982625983587	1.0423261165542372	0.9843674078991513	0.8772137444506972	0.9229591754318309	0.9512851439294491	0.7993597716127527	0.892100985514023	0.8517554276187088	0.6510781624311444	0.8777840952122044
BS_SBMAM00V	0.6201129227885983	0.7077368294634468	0.5305058329459205	0.9109287659161169	0.791348392826827	0.9580582700054565	0.6832995260307823	0.9423162896464014	0.8812416510134116	0.5566321820237352	0.7194001271206445	0.7990589061725661	0.6202707805387162	0.7722288926272101
BS_SBMCD7XZ	0.47754389969864947	0.6836441343449534	0.24416062568216965	0.9602131154517999	0.8896438973843503	0.9400841046823053	0.7158627294644777	0.9524845217214626	0.8929613113093574	0.690981846066073	0.7888242677037367	0.727945894732803	0.5553531008829194	0.8659404724830523
BS_SD0EMK7Y	0.7176549213886423	0.7945941967929604	0.5897956145263331	1.020780861109376	0.8182590115815052	0.903673746505034	0.832115838224864	0.9334131118574941	0.9937019067998732	0.8040246727129804	0.7659992244889614	0.8093912904702101	0.6954446839134183	0.8415850958574311
BS_SD8YBRBR	0.44705201161975994	0.8742628623543784	0.20512365302189814	1.0984796713396736	0.667850880751436	1.0077774478350556	0.6857107871646242	0.9700446184134162	0.8544825925508398	0.622953870891385	0.6858795791723455	0.7223935181900104	0.6144306355228513	0.8585186810842506
BS_SERDGASJ	0.6582889619988507	0.7881542858050401	0.6055395639447441	1.011200027260817	0.9104082728255704	0.9218143300704401	0.7050659259501781	0.9339126615841534	0.9603045170227164	0.6897737345400404	0.8321082251839513	0.828423984128325	0.6974319431728588	0.8826533652307118
BS_SJVTZ5TH	0.4265232263926715	0.7680801059814298	0.3278222813306821	1.0791509066344906	0.8541080197555734	0.8866983993319022	0.7936099002818032	0.9395781307745903	0.8890482600529802	0.7498597480866449	0.80343381899685	0.7286031094810026	0.5083875004849254	0.882960696726091
BS_SMWQR2F1	0.5201484852270629	0.7988688153969893	0.3496041606106412	0.9667445996802094	0.9282384170392929	0.8815003297646798	0.6831330628776404	0.9275310443866069	0.8642411211280182	0.6084884405267665	0.8415755124753574	0.8435253778524923	0.5989943763659595	0.8483886686858796
BS_SNVM7CZT	0.4383634514761557	0.7990202889083022	0.4069168277488026	1.022217147485666	0.9446818562496103	0.9758942167238337	0.770545628473498	0.9480956008236071	0.8994847757559165	0.6906984708311962	0.8282923997028933	0.8286140305168573	0.613944794093686	0.8506530351591844
BS_SR2RGDXJ	0.49480587824770655	0.7842495959019464	0.1908372904089783	1.0102889854112893	0.8584928851823243	0.8962141235340837	0.6711328517957389	0.9498795012310393	0.8563527842160069	0.6133495555822158	0.7740069732293241	0.704739041493272	0.6117447025190527	0.8174052192932175
BS_SW9Z10F9	0.4698610828867219	0.7127627446022816	0.36812932463274206	0.9599656542029451	0.951808566609669	0.9329248189762857	0.7310767262073072	0.9485661345012404	0.9206853122199248	0.6500738574789492	0.7916154079164043	0.7769252528623019	0.5954040036767858	0.8564650973746954
BS_SY3J3XR9	0.5592260407089688	0.6848913674676436	0.5088606192662455	0.9150031198623564	0.7939755227474506	0.7994644670430149	0.5144545075423321	0.9979647353900696	0.901815490670605	0.40126641994539225	0.6779080689722811	0.7056206524674128	0.6480535555560082	0.6764316517975741
BS_T1YHK6B7	0.518754428120269	0.8418852906869582	0.3740357004528016	1.0889037646355992	0.9538129315232836	0.9512686591637495	0.7555157437192841	0.9925216305689439	0.9691977940376462	0.7414031826311958	0.7678443815818582	0.8370004863763522	0.6464455683065015	0.825992872704933
BS_T2F48Z4E	0.6198913199726246	0.8375963964487417	0.4480480712779298	1.0576120762279684	0.9657991241223872	0.9309308853469939	0.8644057683268314	0.9761046890757145	0.9670045819144709	0.8366792830556753	0.8664488911106772	0.7678837264450089	0.5907640922598617	0.8364900207258312
BS_T9A8JJW5	0.6159780622797661	0.8112513732491771	0.4240355558903162	0.9921223687626441	0.8330679382963717	0.9212451997784172	0.7270801377053772	1.004899543554533	0.9201043205495497	0.6458776619606235	0.7695827807233199	0.8747897616697194	0.5873055986192959	0.7312670142721245
BS_TASG32Z2	0.4845327792782084	0.7973323097254964	0.23330748371437765	0.9619212677490178	0.8771422076363978	0.8959550046825719	0.6496350196548961	0.931510507434849	0.8384199590678144	0.5934435312362698	0.8176126977911511	0.8650015796018816	0.6179515944247678	0.8646655559278911
BS_TGS109T3	0.48150055463428115	0.8267897042407848	0.3240760945907628	0.935909218864001	0.9178482196036908	0.9940171019162225	0.6047802183873906	0.9846875220706854	0.9367650383436884	0.46121522556525885	0.7287728544056801	0.8088576291129156	0.6431635544386937	0.7093236924079882
BS_TM9MH0RP	0.5126416231351268	0.8438474700792516	0.48611469542117763	0.9531953292199689	0.8705021546801643	0.934654720187751	0.7311150353590943	0.9711820224827137	0.9941395051120319	0.6697652764830611	0.7732144485315664	0.7598824429203772	0.7208337039050863	0.8138385512036639
BS_TR2P8KRF	0.5736555352481247	0.8415036860454892	0.30449736690554413	1.0369174140108615	0.8767834381252598	0.9705020988581828	0.6966014929315494	1.0102046059453917	0.9857901729244004	0.6751857374601941	0.7631037304526247	0.8517771096207953	0.6936535947474823	0.8437977039886199
BS_TRKH2SPE	0.41774689939348786	0.7915567924657434	0.4568623521302383	0.9742024121791025	0.7945883546580376	0.9198655350363193	0.6264909707364029	0.9641157119140453	0.9187879910971493	0.5218078853712739	0.737484160346482	0.8101621069703218	0.703867250893401	0.7508679220650131
BS_TRPXB3AV	0.4829557874025334	0.7511463463981625	0.428778012493558	0.9546688968628926	0.8755475142054827	1.0023668144612372	0.7048995078664391	0.9985683694342758	0.9172445322085427	0.6161629891634229	0.7748936394821118	0.8118477456349454	0.45518383494641845	0.7474171961602816
BS_TTDNZTZ0	0.5569348579961251	0.7637928594737444	0.4553473995502677	0.9789984831939033	0.9996761855057781	0.9960533904376022	0.7616436276637575	0.9596386223964909	0.8945653476126532	0.621070649494183	0.8257655665153559	0.7809334310683874	0.609303960307867	0.8885556744490481
BS_TTE04ZP8	0.5972490269335033	0.8627019542103497	0.6330142377635053	1.0124402353463842	0.8684689245888323	0.9448108111182254	0.76524445704206	0.9268479027999329	0.9674314642435802	0.7242006875085117	0.8159638487928484	0.8741440177204457	0.8283644876992731	0.8479702421868606
BS_TV5B86ZD	0.45247158819406363	0.7803479513149211	0.4705080930664955	0.8959587622605184	0.7851050463306585	0.8159177794132165	0.5543446281013105	1.0065038739128809	0.8499957394612865	0.4734399836609801	0.7656144360010987	0.8105790843394617	0.4222302194511754	0.7587945093842486
BS_TVH33J9Q	0.5506573995157292	0.7909153040965998	0.3963807152651913	0.9319145514465101	0.8129555399811023	0.9945062575322956	0.5900531166766625	1.0225380536583921	0.8618303143062006	0.4883099975140746	0.7585385530799804	0.7366372330855276	0.5898861148095563	0.7360951559338185
BS_TXZ7KHTQ	0.5036010915422049	0.8254136722602716	0.42920606640628983	0.9669231025094529	0.9231516592080222	0.9476563760179813	0.6332717365571271	0.9730235783247215	0.8981962075985154	0.56926951107884	0.7631413568309916	0.8002398790462746	0.6027354152918662	0.7756771923297905
BS_V0DQFC75	0.4106822238898962	0.7528642285158186	0.44242654921738284	0.935820842249924	0.8608429385037724	0.9691210540588949	0.7602157889002025	0.9452496477126731	0.8632743099794367	0.6655485201920125	0.831715057845321	0.8327372935861928	0.5278883452776245	0.9087706833923278
BS_V3Z3DB4N	0.5708541643296214	0.7777021256743735	0.3710646085322847	0.9386267565646907	0.8199950059074391	0.9585691954207631	0.6230432535462541	1.0021691518173341	0.9281479664936925	0.578693762860625	0.6731836821775876	0.6917511703848905	0.6710624111815457	0.7509436912146122
BS_V558NW3Q	0.7252244994154562	0.8362836157872824	0.5754302378835012	1.1130528454652378	0.9004912866536139	0.9866583948726514	0.9409633720529812	0.9267869877506071	1.0215240620685455	0.9290026210827593	0.8462905553873286	0.8552185867852773	0.7219264261032078	0.8666003663586359
BS_V6RSB5HQ	0.41543786094812307	0.7486834898849672	0.4365690275967579	0.9794315188415152	0.7952174430755133	0.9005495784645376	0.5911564064383563	0.9248801723161931	0.8667049133263482	0.5385938141256672	0.6823434175577322	0.7611708460755408	0.5883091723841263	0.8027115876675689
BS_V8QWBVS3	0.5972956686375244	0.8415729445077067	0.601540866935033	1.0659700521315032	0.9935946786861001	0.926477404190928	0.9583938003374497	0.9282608212651112	0.9769694828910702	0.940249690403191	0.890109534638221	0.837579245037972	0.4816627402828411	0.9055276423047044
BS_VBMRQK4F	0.6222972879226435	0.804327136839616	0.49308123046118824	0.9735175129980016	0.8177700819302968	1.0093201975301689	0.6992476940397034	0.9691774414326222	0.9996304288905984	0.6530665390766555	0.7458089172052557	0.8757663371686976	0.7412719259031479	0.8676825787556992
BS_VDFXXMEX	0.4480682711870766	0.7729595349081939	0.3552211619073245	1.0240290104290832	0.8091436003172927	0.8706325972319391	0.6565335438469088	0.937357927939951	0.8403538648007889	0.5604170774574151	0.7055469314256251	0.7483947590170305	0.6556651484557671	0.8286253793144733
BS_VF3NVT4G	0.7458881351159907	0.7889169860004813	0.4529018100796129	0.9894215643968182	0.878046879544988	0.9932649263248409	0.744830186427525	0.9400195337826406	0.974674731228243	0.7333791750838041	0.8110433552520827	0.834441452930164	0.6441330817642352	0.8872486543793543
BS_VKH87DD2	0.4183882621797498	0.809031034846548	0.3564324091415073	0.976588377979777	0.9270742880271449	0.9500940769522062	0.8077407594939948	0.9197730130992292	0.9138670035229813	0.7300090872095233	0.822946904369999	0.8487657728107137	0.6136702129119096	0.8609401222384894
BS_VKHJG2B8	0.7557087315567205	0.8359896787462365	0.5776805615148246	1.0696564303484593	0.8459689985945524	1.008932311921806	0.7429496834636992	0.9441414666583193	0.9378663748745553	0.682344878480305	0.775987189596023	0.8834251486417894	0.7607779018194947	0.8025987986734868
BS_VKYEM67A	0.6954743865482675	0.8558153760017317	0.5373239177490957	1.0190054889186615	0.9267773754238348	0.9830903541256756	0.9024331011508124	0.9798221479598127	1.0096040670011805	0.8725014380300712	0.8075648744310883	0.9406686398768175	0.7117362661482465	0.8796155049310593
BS_VMQMGSJY	0.5211464161403224	0.9284004768489209	0.44284179806195284	1.0746308189023113	0.8713338911504726	1.029190465273586	0.8629820436627659	0.9664874650930697	0.9760688580033972	0.8540073314332991	0.791840548832182	0.8889989298677199	0.6397330008380989	0.8717491785425225
BS_VVTHDRBD	0.5470579601919663	0.8034318746234559	0.4030821743389163	1.0406289122734516	0.8759042612768148	0.979596726890853	0.73166489415988	0.986209080970971	0.9298355896102996	0.6932524839495705	0.7171446191537816	0.8017809359958146	0.6211898966144149	0.8536572127988813
BS_W1385R8Y	0.4218689008238165	0.6666473810312394	0.4024170401411803	1.0250370740076562	0.9674563403815144	0.881074206289475	0.7715305643782863	0.9022612535110535	0.8363615734131365	0.6535777574468312	0.8143141149651372	0.7382304262482383	0.6169232811625396	0.7702338639948031
BS_W4DB5RP1	0.5518809349102397	0.795582702603867	0.40543472826378896	1.0206768124186592	0.8407727448064334	0.9106977476816753	0.6373141932826889	0.984391040682625	0.9319203612508413	0.5617308497668869	0.6801511872194306	0.7691547071146039	0.6590264424583332	0.8250368130603919
BS_W7MFJZ5A	0.5115738560329393	0.9236437975358345	0.42600453194028365	0.9899294183837728	0.9466082930414799	1.0411749748962895	0.8453404265076814	0.9493510948360864	0.9942362879539763	0.8406694941264449	0.8417705729412224	0.8026237305866567	0.6300894461653934	0.8974490529179912
BS_WBVSK3MP	0.3391104349086227	0.7306312993014134	0.23908108243059756	0.9006414492494526	0.7311823438287877	0.8227122987416653	0.5746417133956326	0.9906905245015382	0.817677699469196	0.43226337765897643	0.6772848968152322	0.7401921521517001	0.4769622036900207	0.7017196208078819
BS_WEKK6SHP	0.43565447205339825	0.7484376622764706	0.20237958371673764	1.0993272906935359	0.8711629393305561	0.8843608182043177	0.8805638117987835	0.9288294706937534	0.8848630964522485	0.8275208096580781	0.7160842931453405	0.7076950615173895	0.5620183745603654	0.8754532245497414
BS_WHBEXD5H	0.48692879647879295	0.8203984640128503	0.45676323789134404	0.9658825880680147	0.981596594094145	1.0199155485303752	0.6808851611677865	0.9857417032885165	0.9757301353129092	0.5683022583946471	0.9276125658526607	0.7461909553453304	0.5514220896499927	0.9293578624286883
BS_WQ1YRTAT	0.46680488412907306	0.6655044268466505	0.3045825434423161	0.855023529263704	0.6827479528468171	0.8084917673079208	0.4876727104648186	1.034258792124242	0.7780874154527926	0.38716969517725547	0.6758662085256661	0.6710164874993645	0.6569106137722237	0.6748789457881286
BS_WTJEDTZC	0.582299654471188	0.718628033260534	0.3275041912481263	1.088076781539163	0.886437499204646	0.890892715070215	0.764225657902041	0.9323762773591521	0.8604461373496597	0.6780133904469068	0.8447647001362534	0.7612106319527454	0.5704191588164049	0.772192659525939
BS_WVRX4C9Z	0.8289809822077766	0.8287339421375995	0.6204618684016048	0.9767397706305365	0.9336313135684294	0.9339321123335477	0.7525169480127047	0.9351630458516922	0.9817210790434854	0.6877363015924195	0.8324497349285234	0.8083312765252436	0.728851918692616	0.8158891602785417
BS_X0XXN9BK	0.557161856872644	0.84331641645452	0.4814423795530989	1.0012736340853388	0.9387797087715339	0.9499539973296032	0.8118735630128411	0.9292934110021287	0.9564009061797596	0.7853913400103929	0.8097466598437313	0.7839264083236567	0.606265507738539	0.8656385570516223
BS_X1G0TKP4	0.5567747646514092	0.6822102710507701	0.4859960749958281	1.00139996879232	0.8782568752853182	0.8747493507643173	0.7305477494561351	0.9485177714209634	0.9159810333144179	0.6793435213029653	0.7947998280932966	0.7168492972639898	0.5700462112775564	0.8463217761386356
BS_X20JCR4H	0.7583142781190473	0.9067804530993083	0.5828354701533437	1.005822020861622	0.8576205012404996	0.9836611834040573	0.8273548835844772	0.9467245640368179	1.0262827902026033	0.7746438630411853	0.796154797134885	0.9372774066313903	0.7657060519265524	0.8214475957104119
BS_X23724NJ	0.6886018190050888	0.9392535778427542	0.49141533718074065	1.0823498446949582	0.9120746326802425	1.037312884603026	0.8548354958790841	0.9773506767740768	0.9814814227979719	0.7983986170247679	0.7934486748881348	0.8303531010739763	0.6343062076448673	0.8245367994478587
BS_X3HR4Z21	0.5233432305734013	0.7331763806968711	0.40605218593223324	0.9423522732174086	0.8625678345010077	0.8654098640806143	0.6760191712439557	0.9335886598823993	0.8705312723900193	0.6227542106609503	0.8069886177858593	0.7153346921086061	0.6702765115667649	0.8201198859184832
BS_X4DD4KSZ	0.657338663478784	0.8565048822729012	0.5245727155005059	1.0360386548781302	0.9910124101998457	0.950381281615414	0.8608695705437215	0.9619389543443205	0.9673354528753478	0.8106956964945615	0.8357116417436867	0.7950351991477217	0.6757461848113766	0.8537810173687449
BS_X4X1SFSE	0.5121142143611542	0.7937713125861688	0.2932850163581448	0.9652766071222981	0.87346700222871	0.9258314225614938	0.5483797069818128	0.9940439138472285	0.9057622234571747	0.5219039546172158	0.7640415704897681	0.7860048050047287	0.5857199521907946	0.826935074154776
BS_XG0DBWVT	0.4762101373431625	0.8360485888216693	0.291154470668874	1.0581591039746048	0.7368156883661564	0.9765536711191574	0.6568247481555357	0.9858754813974314	0.9505304583517171	0.5758094335069941	0.7028089436383721	0.8876089845289663	0.6403195077440501	0.7766347092832886
BS_XGDPK33A	0.5747481784403143	0.8054038456960945	0.4572324966883681	0.9412735832031532	0.8908753093250027	0.9313371625558547	0.7147863462762694	0.9518921700751739	0.9081041291601725	0.7055181827369128	0.7624423383492774	0.6805461396180517	0.6867795998184996	0.8381469122708459
BS_XM1AHBDJ	0.4743832454539739	0.5872123099708623	0.48034546727861227	0.9143560500918687	0.8130075408714703	0.835491874009957	0.6519149659702587	0.8619548972205885	0.8389870007972878	0.5543292091875284	0.7706525093755954	0.691660564767252	0.5117466629559055	0.7782473543030825
BS_XQ5SFW35	0.4997369333830587	0.7629285379901326	0.44686223934745367	0.9504681788344812	0.9067981644292261	0.9691856312796405	0.7097558501320342	0.973711604740417	0.9628977686420391	0.615625797384008	0.7878937386250475	0.8611973881443845	0.5827527775395698	0.833722522407531
BS_XQXXBWPD	0.4865694328108315	0.8390856181936779	0.34208828676723896	0.9701293562731468	0.9365056084318069	0.986647758580655	0.7482307104220829	0.9345708054964458	0.9560902570290477	0.6811412409775073	0.8441045954884052	0.7404698652068487	0.6282346951972523	0.8312319097026846
BS_XYVCMF4A	0.4861551230461638	0.6311886902847691	0.24794180604189692	0.9743632757811179	0.8273509367409064	0.9341656452758136	0.6909368973527251	0.9654426180734814	0.8577143571258052	0.6170509411444194	0.7058419787443067	0.7850172999585638	0.5432684596172183	0.8372301463187486
BS_XZM79E42	0.49851885585879907	0.8632306526851803	0.37253220762576095	1.0441900361428529	0.8574529884183997	1.007242751001791	0.8235409340932811	0.9194544206327196	0.9840497458561098	0.7656632589016147	0.8324421114534503	0.8687613426170057	0.6361213455726823	0.8933549304482697
BS_YA0KMBRT	0.6718471771150138	0.8496632111949698	0.4216403353911464	1.0474060474157927	0.9304693102483463	1.0149525106410324	0.7065186036609623	0.9998273473866601	0.9414697561646573	0.575448833269691	0.7951736621287656	0.8473228101439657	0.6149357512485514	0.8486929831485198
BS_YDEVMD24	0.5306208740141294	0.7384364255137499	0.48331339852060756	0.9525128659335369	0.8055125547382105	0.9074892673503062	0.7126289408220955	0.9648297480205116	0.9510511501538877	0.6862454559960859	0.7264798106635861	0.7116544496697196	0.6314441292960847	0.8649986026934036
BS_YMKQT5V0	0.7030935589069832	0.7974728209738604	0.5819632608704852	1.0045883112026148	0.9406048437670754	0.924332122052287	0.8033511874795308	0.9198071783981877	0.9739261433879957	0.7512261504023544	0.800521497064651	0.8697734531655572	0.7415221320083782	0.8478092344061078
BS_YR12D1ZY	0.7717632259657017	0.8486124069285054	0.5651496936304325	1.0873662934561525	0.8734386438683949	0.9376113898226752	0.7828865787316286	0.9354186254010197	0.9448932056221649	0.7649268892566353	0.8088262831293568	0.8692972473269286	0.8264716487393914	0.8626026914192126
BS_YSZRQ95C	0.3190867528095251	0.7944977260588177	0.16991281617343185	1.037192494419503	0.8716084867286442	1.0292863742452567	0.7867481115737667	0.9687553505413898	0.9626995278252588	0.7497715831399103	0.8158013174342436	0.8327602055093138	0.5171769339284479	0.9264131774496839
BS_YTWEM5SG	0.813157197761117	0.8065134994808021	0.5882363349343758	1.0730822473786097	0.9779113548520895	0.9610307480742355	0.8118561463606006	0.9336641264306331	1.0076162951502146	0.8060156331131517	0.8289026629014022	0.9199675118543017	0.6739090008187569	0.8747837151424473
BS_YZ2QFDAN	0.5507871370772017	0.77303251410633	0.24985590107007688	1.022209597278696	0.9615626239717776	0.9073756748847485	0.7108745511926612	0.9373586011198537	0.8550468194027916	0.6391747152378977	0.7983432740751493	0.772999736518379	0.5924695591770783	0.7730752122801815
BS_Z0ZPD9S9	0.5072031852786268	0.7633103447702135	0.3946723191359862	0.9709088799287383	0.8891781790130436	0.9228245634420508	0.7350728487762227	0.93142478905562	0.9077079780251146	0.6328882217357383	0.8353695577739024	0.8144220109793312	0.6215633019788972	0.8086321433950159
BS_Z3RCA1T9	0.5599451841810664	0.8099806511414217	0.5168289664727824	0.9493235057287048	0.9931528900813594	0.93535932438001	0.7038187264001794	0.9734047719310164	0.9324011160355038	0.6844625503781595	0.7691388390450099	0.7247832587829423	0.6508696356290157	0.8694479944297104
BS_Z8F3GM85	0.6033659945563272	0.8208809418774997	0.495203917776271	0.9283287078172673	0.9703129610733434	0.9990719946010095	0.6994771073527518	0.990927988344632	0.991054881070273	0.5677445654796829	0.7944748760794631	0.8041575883056382	0.560260868970698	0.7823089057752384
BS_ZD5HN296	0.5762155536664048	0.9136285725348279	0.4991142773157302	0.9971341557466675	0.9490980831169905	0.9948454997528322	0.935301728197342	0.9427886673448257	0.9994389409978112	0.9204597270156235	0.8485248788339642	0.7484566844227769	0.5890503546151515	0.9158731377364513
BS_ZF6BSFNF	0.5822221596603819	0.7672696810507854	0.442175710359356	0.9433981097228602	0.8741241936335862	0.9059153747622738	0.6801008741701184	0.9443913937719998	0.93160009791646	0.600362429567433	0.7629994665383815	0.7377832398410822	0.6557707922526904	0.8291603774215336
BS_ZM97KKXE	0.5000022677883516	0.7932341075180108	0.3510562560236106	0.9549422441332032	0.9552534276504915	0.9088961341594135	0.7030664000143991	0.9322409903623671	0.8482698191140086	0.6501649938890506	0.8052173235992097	0.7450029623932368	0.5891495568583609	0.750166298850726
BS_ZV1P6W9C	0.5305070541617491	0.7621093892111995	0.3722113415240634	1.0470070710696686	0.826529109743803	0.8768665082808142	0.7373039787058332	0.9870614796124082	0.963697839274729	0.6197078499508389	0.6775806590436562	0.7685762643821286	0.6004810360145303	0.7914343357929596
BS_ZVM8CAB0	0.5777074029980362	0.9186287447854588	0.37100115145221246	1.0729129259288337	1.0519867906092804	1.0345683482334511	0.8872718777869931	0.9606833662919934	0.9375211392909205	0.8249836454508626	0.9312708807236473	0.819895705334496	0.5048725574313835	0.9447019030610107
BS_ZZWMD6FA	0.4844553645621386	0.8167222345288028	0.5188120728676081	0.9499577006402761	0.9032372114839508	1.0142257776133732	0.7358294213416365	0.9818306233328592	0.9992533747557587	0.6448409126877843	0.8452875476125402	0.8108149857839969	0.6055709080742941	0.8908114356526984
