ecotype	gene	log2FC	q_BH
Immune-desert	RNVU1-7	4.434493474091741	1.5392878139819215e-07
Immune-desert	RNU4-2	4.13628364201285	3.473937256845515e-09
Immune-desert	RNVU1-18	4.119315018662721	2.1018568241622374e-08
Immune-desert	SNORA63	3.955194691117706	4.255333656380845e-06
Immune-desert	RNU1-1	3.9181103369911376	1.5614176531367988e-08
Immune-desert	SNORA68	3.8509474171783293	6.174434392926112e-06
Immune-desert	SNORA48	3.837198174622751	0.0005888840021663836
Immune-desert	RNY1	3.793516721737936	2.6327651630090833e-05
Immune-desert	SNORA49	3.758608064364269	4.853623473352911e-06
Immune-desert	RNU1-3	3.745936428503856	6.720069994119241e-08
Immune-desert	RNU1-28P	3.725685392791954	1.8137224145268238e-07
Immune-desert	RNU4-1	3.6561865335653767	6.979775425822293e-09
Immune-desert	RNU1-4	3.505587448880916	1.6936869758576727e-07
Immune-desert	RPPH1	3.5039755648690196	1.742020870176293e-08
Immune-desert	MIR3648-1	3.472504624761778	6.299937256977094e-10
Immune-desert	RNY3	3.4549391814804786	0.0005888840021663836
Immune-desert	RNU2-2P	3.4446549107209306	4.922914957126205e-08
Immune-desert	MIR3648-2	3.4410403375151235	2.382888864421773e-09
Immune-desert	SNORA70	3.4392279966656893	3.349266125557962e-06
Immune-desert	SNORA79B	3.429783721968353	6.265299281825813e-09
Immune-desert	RNU1-2	3.4088524328691667	7.454621513973713e-07
Immune-desert	SNORD3D	3.3859741468586613	7.411307477618565e-07
Immune-desert	RNU12	3.3759872072266686	1.0247115687088678e-06
Immune-desert	RNVU1-29	3.363954191726581	5.054010062157099e-07
Immune-desert	RNU1-27P	3.335145563692093	8.082741656479493e-07
Immune-desert	U2	3.292172668025877	4.51799880032368e-10
Immune-desert	U1	3.285543050994498	8.342736321724796e-07
Immune-desert	SNORD13	3.2773206876900294	0.0001525841112674178
Immune-desert	SNORA54	3.2656470978891634	0.0005222020222652554
Immune-desert	RNU2-1	3.2646533408234304	3.8739670117057064e-10
Immune-desert	ENSG00000270103	3.2364135921940553	9.547757660723717e-08
Immune-desert	SNORA63D	3.2130082522737955	2.8353855187866994e-07
Immune-desert	SNORD10	3.1961124859124004	5.330536593433855e-05
Immune-desert	RN7SK	3.192555043309314	2.7851008713605073e-11
Immune-desert	SNORA7A	3.1037284043778364	1.734111798823256e-06
Immune-desert	ENSG00000259001	3.0932037077664423	2.0022307864411804e-08
Immune-desert	RN7SL4P	3.0340367941195643	2.4011133049574415e-08
Immune-desert	SNORA31B	3.019092359833011	4.274333612387929e-08
Immune-desert	SNORA2C	2.992647704231822	0.0005662716006072366
Immune-desert	SNORD94	2.988595943295195	2.7503128027945183e-05
Immune-desert	RNU6ATAC	2.96737405660163	1.27218406574097e-05
Immune-desert	SNORA7B	2.7542431791518402	4.1937095567496095e-06
Immune-desert	SNORA50B	2.7397524124124617	8.239207569066966e-07
Immune-desert	SNORA17B	2.7317035378673094	0.000559536331764074
Immune-desert	RNU5B-1	2.713899630236987	7.511505898374611e-05
Immune-desert	SNORA37	2.6848006336047967	7.830112874720023e-05
Immune-desert	SNORA57	2.647903263617235	0.0005076818252077908
Immune-desert	SNORD3A	2.643410801790149	5.4814807107119325e-09
Immune-desert	RNVU1-28	2.620789480560706	1.730767433629623e-08
Immune-desert	SNORD97	2.615866285080907	5.343886237530948e-05
Immune-desert	RN7SKP203	2.5818142393744394	7.546367288130987e-10
Immune-desert	SNORA71A	2.575063955169188	0.0002076070040927034
Immune-desert	SNORA35B	2.5297589699078196	3.2130954889284246e-07
Immune-desert	SNORD89	2.529428197404981	0.0016768441844541304
Immune-desert	RMRP	2.5195541875480085	1.836055453326121e-07
Immune-desert	SNORA22	2.498872239786142	2.25744013220373e-07
Immune-desert	SNORA84	2.4916796550327613	4.896778036598164e-06
Immune-desert	SNORD67	2.4703853354696976	8.336483913937577e-05
Immune-desert	SNORD46	2.401170492722299	0.00031148476619837005
Immune-desert	SNORA10	2.383792307237383	0.0002608829399437625
Immune-desert	SNORA47	2.380164699723091	7.669683891918373e-05
Immune-desert	RN7SL1	2.373124774881976	1.702613947414592e-05
Immune-desert	RNU5E-1	2.3676224718982564	9.479069006364675e-05
Immune-desert	SNORA52	2.3628621932474068	0.00025424246156127456
Immune-desert	SNORD22	2.352478963144781	0.0005380321947389145
Immune-desert	SNORD8	2.350021493555455	0.00013519881489847008
Immune-desert	RN7SL674P	2.3448849428907965	6.292484698559897e-08
Immune-desert	SCARNA22	2.2990219260996723	0.00014827953406163248
Immune-desert	RNU6-2	2.286274901131521	9.872864617905562e-05
Immune-desert	RNU6-6P	2.286274901131521	9.872864617905562e-05
Immune-desert	RNU6-9	2.286274901131521	9.872864617905562e-05
Immune-desert	RNU6-4P	2.286274901131521	9.872864617905562e-05
Immune-desert	SNORA71D	2.261495603839777	0.00014496396734847028
Immune-desert	RN7SL2	2.25390390520924	8.310298636123719e-08
Immune-desert	SNORA77B	2.209599764920633	0.0018737205371227872
Immune-desert	RNU5A-1	2.2068251332346405	0.0005730268203844677
Immune-desert	SNORA80B	2.1995919455219157	0.00010435001876713113
Immune-desert	SNORA20	2.188091932278798	0.00023128410795659397
Immune-desert	7SK	2.187517689744993	7.056428085393698e-06
Immune-desert	SNORA63E	2.184731578987185	4.413320195204223e-06
Immune-desert	SNORA21	2.1846311157092093	0.0006193044885819825
Immune-desert	RN7SL5P	2.175744984067873	2.785834402787247e-08
Immune-desert	SNORA61	2.1576993050554596	0.003438880017875458
Immune-desert	RNY4	2.0709021020881195	0.0027140324910792323
Immune-desert	ENSG00000275121	2.05688835834868	2.746309935503348e-06
Immune-desert	RNU6-5P	2.0446579153911526	0.00016082355248963042
Immune-desert	RNU6-1	2.0446579153911526	0.00016082355248963042
Immune-desert	RNU6-3P	2.0446579153911526	0.00016082355248963042
Immune-desert	SNORA3A	2.033629199504987	0.000798658514044238
Immune-desert	RNU4ATAC	2.02297413033956	0.0002487535241887154
Immune-desert	RN7SKP255	2.0069019562069745	2.3999177357040335e-10
Immune-desert	SNORA50A	1.9747560258628991	0.00014972869103179888
Immune-desert	SNORD9	1.974042281154423	0.00046713788666554807
Immune-desert	SNORA80A	1.9448654913878576	0.0009732627723360261
Immune-desert	SNORD3B-1	1.9370831420132804	2.4728091305329868e-08
Immune-desert	SNORA26	1.9273272992983848	0.00036927028539256174
Immune-desert	SMG1P1	1.9273183444715745	1.2849342186466567e-13
Immune-desert	SCARNA10	1.9092992740124588	0.005116861856676415
Immune-desert	SNORA22C	1.9012106190165086	3.692664474811602e-07
Immune-desert	SNORA9	1.8825007185692177	0.0008205740574734826
Immune-desert	SNORA50C	1.8577377409980622	0.001078372396284665
Immune-desert	SNORA67	1.8536936535668964	0.0012839629725086683
Immune-desert	SNORD15B	1.8478791600949442	0.0013239526896734112
Immune-desert	SNORD3B-2	1.813516784376335	3.5011986981254233e-09
Immune-desert	ENSG00000276398	1.7933406328215404	1.8093608789871733e-07
Immune-desert	RN7SL128P	1.780604897963527	2.798547540071202e-07
Immune-desert	CCDC144CP	1.769100955582833	0.0
Immune-desert	SNORA8	1.7648741370094339	0.0008298826582386067
Immune-desert	RNU6-7	1.7524314416153248	0.0008542577667270342
Immune-desert	SNORA38B	1.7292003192186316	7.098533513040606e-05
Immune-desert	SNORA66	1.7233379366815778	0.0009253444993118217
Immune-desert	RN7SL648P	1.718635469839785	6.589403675483219e-12
Immune-desert	HES5	1.7013241181059626	3.1933029853620955e-09
Immune-desert	SMG1P3	1.6982812334360533	2.147742881368626e-12
Immune-desert	DLX6-AS1	1.6880302853195863	2.8675757674095608e-09
Immune-desert	SNORD116-26	1.658305209602167	0.007630004530776043
Immune-desert	SNORA11E	1.6582983879376016	0.0004982776376273349
Immune-desert	SNORA5C	1.6540593966720687	0.00011832252175034746
Immune-desert	SNORA11G	1.6535434684099475	2.11158701434899e-05
Immune-desert	SCARNA21	1.6453456803197577	0.00016821638122280102
Immune-desert	SNORA70I	1.6421014988908345	6.536943441115735e-07
Immune-desert	SNORA12	1.6386297590619643	0.0017559681707712685
Immune-desert	USP32P3	1.6299421505145626	0.0
Immune-desert	RNU6-37P	1.6298477496095272	0.0018811284700813676
Immune-desert	H3C15	1.6280815277381753	0.0008465836037191716
Immune-desert	RN7SL3	1.6240545886487228	5.0398277131309574e-05
Immune-desert	DLX1	1.6207470015380225	1.6512150449977733e-05
Immune-desert	SMG1P4	1.6146280699779136	1.7911279639403493e-11
Immune-desert	SNORA40	1.606110757863023	0.0003255929487899549
Immune-desert	RN7SL767P	1.5982635681099586	2.6429108471314737e-06
Immune-desert	ENSG00000242588	1.5968255837838377	0.0
Immune-desert	RMST	1.5866714241830246	6.140965894091702e-08
Immune-desert	RNA5S12	1.5866114800368545	0.00013597623866090758
Immune-desert	RNA5S5	1.5866114800368545	0.00013597623866090758
Immune-desert	RNA5S14	1.5866114800368545	0.00013597623866090758
Immune-desert	RNA5S4	1.5866114800368545	0.00013597623866090758
Immune-desert	RNA5S2	1.5866114800368545	0.00013597623866090758
Immune-desert	RNA5S6	1.5866114800368545	0.00013597623866090758
Immune-desert	RNA5S10	1.5866114800368545	0.00013597623866090758
Immune-desert	RNA5S13	1.5866114800368545	0.00013597623866090758
Immune-desert	RNA5S7	1.5866114800368545	0.00013597623866090758
Immune-desert	RNA5S1	1.5866114800368545	0.00013597623866090758
Immune-desert	RNA5S15	1.5866114800368545	0.00013597623866090758
Immune-desert	RNA5S8	1.5866114800368545	0.00013597623866090758
Immune-desert	RNA5S3	1.5866114800368545	0.00013597623866090758
Immune-desert	RNA5S17	1.5866114800368545	0.00013597623866090758
Immune-desert	RNA5S16	1.5866114800368545	0.00013597623866090758
Immune-desert	RNA5S11	1.5866114800368545	0.00013597623866090758
Immune-desert	GUSBP9	1.5865867057917615	2.2098039766348556e-10
Immune-desert	ENSG00000268362	1.5823199425025911	7.994279660775861e-14
Immune-desert	SNORA38	1.579695999042495	0.0006748928303570162
Immune-desert	RNVU1-31	1.5724076388672483	1.095551835464114e-07
Immune-desert	PKD1P4	1.561100633587722	3.350449388190624e-12
Immune-desert	RN7SL573P	1.5443454012688773	3.047477402752165e-06
Immune-desert	SNORD116-6	1.5435425000836163	0.0037260779095640464
Immune-desert	NPIPB5	1.54088738636246	5.49196123051533e-12
Immune-desert	MUC20-OT1	1.5385342620733837	2.101800803613532e-11
Immune-desert	SNORD116-9	1.5384718504741248	0.03565859530466497
Immune-desert	SNORD116-3	1.5384718504741248	0.03565859530466497
Immune-desert	SNORD21	1.5293020119625336	0.03699110905881944
Immune-desert	RN7SKP80	1.528434663834264	3.970108792661775e-11
Immune-desert	SNORA2A	1.5262109580367125	0.0020947912515982673
Immune-desert	GUSBP14	1.525885320405107	1.1333087987408073e-10
Immune-desert	SNORA18	1.5258426868447645	0.001386478325810889
Immune-desert	MIR181A1HG	1.513161029166464	2.499032320111511e-13
Immune-desert	VTRNA1-1	1.508419005551568	0.0008748966339606627
Immune-desert	NPIPB4	1.5081612800326347	2.2807582380978158e-11
Immune-desert	SNORD116-7	1.504522571119669	0.034485292613076556
Immune-desert	SNORD116-5	1.504522571119669	0.034485292613076556
Immune-desert	PKD1P6	1.5018322861233018	2.1432432964565626e-13
Immune-desert	SNORD17	1.500615970647961	0.018901557101431352
Immune-desert	ENSG00000237094	1.4944229868880687	1.6294901684196245e-10
Immune-desert	SNORA78	1.4864465023974325	0.0006164253519580083
Immune-desert	SNORA64	1.480286851705415	0.009611472661717385
Immune-desert	RNU6-8	1.469910117903758	0.0015865731798022722
Immune-desert	SNORA11D	1.466131575415432	0.002000971297339266
Immune-desert	SNORA63C	1.4421746749348747	0.0006598729049810015
Immune-desert	SNORD16	1.4384755175021398	0.001470806543968644
Immune-desert	RN7SL752P	1.4353883143810937	1.4155363580251691e-05
Immune-desert	RNVU1-8	1.4315900504848722	2.0501189046872766e-06
Immune-desert	SNORA5A	1.4267564123372485	0.0003744925317457982
Immune-desert	PARGP1	1.4245336074665982	0.0
Immune-desert	U3	1.4237297250324181	1.4264369252497897e-08
Immune-desert	H2BC7	1.4228232795725613	2.6977056272428865e-05
Immune-desert	H3C2	1.4223580452454776	0.005392193513184425
Immune-desert	SNHG25	1.4198573488735766	0.0009688770402975438
Immune-desert	SNORA71C	1.4047591317665158	0.0016005922044357928
Immune-desert	SNORD3C	1.3985949403072744	1.8093608789871733e-07
Immune-desert	ENSG00000289044	1.3979082465761308	1.3450800756896918e-13
Immune-desert	RGPD6	1.3959745443623814	2.8374669460240355e-14
Immune-desert	RN7SL381P	1.39596062982869	1.4121480379699316e-11
Immune-desert	RNVU1-27	1.392851962634776	6.852397311999866e-06
Immune-desert	ENSG00000273570	1.391144899530114	1.4395506701794804e-05
Immune-desert	MIAT	1.3884706372466094	4.498785145441483e-09
Immune-desert	ENSG00000289293	1.3882541023351975	1.2858422221863028e-10
Immune-desert	RNVU1-15	1.3846338819347552	9.587617781332523e-07
Immune-desert	LINC00342	1.3831738725736793	3.901046144629879e-10
Immune-desert	SNORA44	1.3827220652419316	0.004193024652450378
Immune-desert	H2AC20	1.382141476216951	0.0028414403579355937
Immune-desert	SNORA65	1.3763449217589732	0.0013504403149744225
Lymphocyte-inflamed	IGKC	2.717337044631945	0.0
Lymphocyte-inflamed	CD14	2.6929869824765085	0.0
Lymphocyte-inflamed	CD163	2.6626404132872543	0.0
Lymphocyte-inflamed	CHI3L1	2.6576653570980726	5.0049853923275406e-12
Lymphocyte-inflamed	CCL2	2.651010747609474	0.0
Lymphocyte-inflamed	CHI3L2	2.633318527915675	0.0
Lymphocyte-inflamed	S100A9	2.623020840762559	0.0
Lymphocyte-inflamed	S100A8	2.6199433354501216	0.0
Lymphocyte-inflamed	HLA-DQA1	2.6151710412400404	0.0
Lymphocyte-inflamed	HLA-DRA	2.607862435616112	0.0
Lymphocyte-inflamed	IFI30	2.558093337704392	0.0
Lymphocyte-inflamed	FPR1	2.5434691277427364	0.0
Lymphocyte-inflamed	C3	2.5100326332847285	0.0
Lymphocyte-inflamed	CD68	2.5087264876455073	0.0
Lymphocyte-inflamed	BCL2A1	2.4200889426745205	0.0
Lymphocyte-inflamed	HAMP	2.3874598979782617	0.0
Lymphocyte-inflamed	C1QB	2.3762382087121425	0.0
Lymphocyte-inflamed	C1QA	2.3732737739725156	0.0
Lymphocyte-inflamed	MS4A6A	2.355978365046426	0.0
Lymphocyte-inflamed	CTSS	2.3425207590497066	0.0
Lymphocyte-inflamed	LYZ	2.338196472092145	0.0
Lymphocyte-inflamed	ALOX5AP	2.3325421237528	0.0
Lymphocyte-inflamed	SERPINA1	2.326507647833876	0.0
Lymphocyte-inflamed	C1QC	2.3096085429768847	0.0
Lymphocyte-inflamed	EVI2B	2.30608964438739	0.0
Lymphocyte-inflamed	HLA-DPA1	2.3052263489930356	0.0
Lymphocyte-inflamed	HLA-DMA	2.3045516227193787	0.0
Lymphocyte-inflamed	COL1A1	2.297952341203829	1.2694071553677861e-12
Lymphocyte-inflamed	OLR1	2.2951895399976427	0.0
Lymphocyte-inflamed	S100A4	2.292867737752562	0.0
Lymphocyte-inflamed	FCER1G	2.2801038213191047	0.0
Lymphocyte-inflamed	FOLR2	2.2767676757482	0.0
Lymphocyte-inflamed	SERPINF1	2.275322191928189	0.0
Lymphocyte-inflamed	CD52	2.2713411416706704	0.0
Lymphocyte-inflamed	HLA-DPB1	2.270640739460018	0.0
Lymphocyte-inflamed	APOC2	2.2644267258471595	0.0
Lymphocyte-inflamed	CD74	2.2565911632670286	0.0
Lymphocyte-inflamed	MSR1	2.2534447050150237	0.0
Lymphocyte-inflamed	AIF1	2.2318375376737674	0.0
Lymphocyte-inflamed	F13A1	2.2275537947519215	0.0
Lymphocyte-inflamed	CP	2.223310087102046	0.0
Lymphocyte-inflamed	NNMT	2.221635374966424	4.418515732507536e-12
Lymphocyte-inflamed	CD37	2.2156816599522573	0.0
Lymphocyte-inflamed	ITGB2	2.204929496353582	0.0
Lymphocyte-inflamed	C2	2.202147181660892	0.0
Lymphocyte-inflamed	GPNMB	2.1944007835175334	0.0
Lymphocyte-inflamed	CD53	2.19137365807416	0.0
Lymphocyte-inflamed	HLA-DRB1	2.176331426740691	0.0
Lymphocyte-inflamed	TYMP	2.1758655803317977	0.0
Lymphocyte-inflamed	HLA-DMB	2.175573295308079	0.0
Lymphocyte-inflamed	LY96	2.172909012397278	0.0
Lymphocyte-inflamed	SRGN	2.164007702367514	0.0
Lymphocyte-inflamed	FYB1	2.1514364572479954	0.0
Lymphocyte-inflamed	LTF	2.1514014800650276	1.6005908018732227e-13
Lymphocyte-inflamed	GPR34	2.1415247090503327	0.0
Lymphocyte-inflamed	VAMP8	2.137504765364322	0.0
Lymphocyte-inflamed	NCKAP1L	2.1336220639228007	0.0
Lymphocyte-inflamed	LAIR1	2.1278012627531036	0.0
Lymphocyte-inflamed	HLA-DQB1	2.1212040700921597	0.0
Lymphocyte-inflamed	IL1B	2.1094776398161277	0.0
Lymphocyte-inflamed	CLEC7A	2.103883757986404	0.0
Lymphocyte-inflamed	COL6A3	2.0993370086216263	1.0718678120958886e-14
Lymphocyte-inflamed	PTPRC	2.0935015383886078	0.0
Lymphocyte-inflamed	SERPINA3	2.0929707986948793	7.024307061935057e-13
Lymphocyte-inflamed	HBA2	2.0875152979540763	1.6453444922561733e-11
Lymphocyte-inflamed	LUM	2.083657340999576	0.0
Lymphocyte-inflamed	FOSB	2.07658198251171	7.111154530601487e-09
Lymphocyte-inflamed	SNORA23	2.075248975936275	0.00041334704852082814
Lymphocyte-inflamed	RNASE6	2.070160388311192	0.0
Lymphocyte-inflamed	VSIG4	2.0697619724433394	0.0
Lymphocyte-inflamed	RNASE2	2.0622869531369687	0.0
Lymphocyte-inflamed	SNORA74A	2.057952671200172	0.00016988634747729892
Lymphocyte-inflamed	HBB	2.0542772434473475	3.759553417612377e-12
Lymphocyte-inflamed	ZFP36	2.05312004490147	5.580752432681454e-15
Lymphocyte-inflamed	CCL5	2.051478686715504	0.0
Lymphocyte-inflamed	SERPING1	2.046818274901989	0.0
Lymphocyte-inflamed	PLA2G2A	2.0458717596802334	2.3895981302468943e-11
Lymphocyte-inflamed	HBA1	2.0409868210992794	3.1049851931932274e-11
Lymphocyte-inflamed	LGALS3	2.039949296581331	0.0
Lymphocyte-inflamed	STAB1	2.035969854431957	0.0
Lymphocyte-inflamed	CD48	2.0345787041321435	0.0
Lymphocyte-inflamed	LAPTM5	2.025185005024638	0.0
Lymphocyte-inflamed	ENSG00000284969	2.01820759491447	2.69719470173394e-13
Lymphocyte-inflamed	C3AR1	2.018109055822916	0.0
Lymphocyte-inflamed	MNDA	2.0162330525336407	0.0
Lymphocyte-inflamed	TREM2	2.014995036029088	0.0
Lymphocyte-inflamed	GIMAP4	2.003262458304079	0.0
Lymphocyte-inflamed	IL10RA	2.002227670640116	0.0
Lymphocyte-inflamed	SPP1	2.0006066413166526	0.0
Lymphocyte-inflamed	SLC11A1	1.9978085984315852	0.0
Lymphocyte-inflamed	APLNR	1.9970142784530882	1.3054021973507628e-13
Lymphocyte-inflamed	RNASE1	1.984981081337077	0.0
Lymphocyte-inflamed	LST1	1.9801960994019718	0.0
Lymphocyte-inflamed	C1R	1.9790340517912952	0.0
Lymphocyte-inflamed	CCL3	1.9783453417929135	1.6861982782759327e-13
Lymphocyte-inflamed	HCLS1	1.9765859148164053	0.0
Lymphocyte-inflamed	GMFG	1.9755811107170267	0.0
Lymphocyte-inflamed	CD84	1.9732283667059243	0.0
Lymphocyte-inflamed	TLR2	1.970622570062405	0.0
Lymphocyte-inflamed	C1S	1.9703129034277973	0.0
Lymphocyte-inflamed	SCIN	1.9671846264404018	0.0
Lymphocyte-inflamed	CTSC	1.9652634272717888	0.0
Lymphocyte-inflamed	GBP2	1.9615098641607407	0.0
Lymphocyte-inflamed	CTSZ	1.9591699214798144	0.0
Lymphocyte-inflamed	HAVCR2	1.9563412159590086	0.0
Lymphocyte-inflamed	PTPN6	1.9549952336694045	0.0
Lymphocyte-inflamed	SPI1	1.9490927720593474	0.0
Lymphocyte-inflamed	HCST	1.946593110121718	0.0
Lymphocyte-inflamed	MS4A4A	1.9431120167058273	0.0
Lymphocyte-inflamed	CYBB	1.9416574277890386	0.0
Lymphocyte-inflamed	NPC2	1.9406048021887257	0.0
Lymphocyte-inflamed	S100A10	1.9347001185294825	0.0
Lymphocyte-inflamed	TIMP1	1.9340971881232791	1.1748952489855692e-13
Lymphocyte-inflamed	COL3A1	1.9330287949256975	2.7652064153224127e-11
Lymphocyte-inflamed	TREM1	1.9279781431920129	0.0
Lymphocyte-inflamed	CH25H	1.926328667638077	0.0
Lymphocyte-inflamed	OLFML3	1.9184673830851673	0.0
Lymphocyte-inflamed	HLA-DRB5	1.9167098755016885	5.580752432681454e-15
Lymphocyte-inflamed	APBB1IP	1.9155445329014538	0.0
Lymphocyte-inflamed	C5AR1	1.9146298385672302	0.0
Lymphocyte-inflamed	CFB	1.9117377693202604	0.0
Lymphocyte-inflamed	COL1A2	1.9073321345142782	1.671939461115531e-11
Lymphocyte-inflamed	CD86	1.9011919694641062	0.0
Lymphocyte-inflamed	IER3	1.897166374384827	0.0
Lymphocyte-inflamed	ALOX5	1.8883790855634919	0.0
Lymphocyte-inflamed	TNFSF13	1.8860341573738828	0.0
Lymphocyte-inflamed	GPR183	1.8813568224696897	0.0
Lymphocyte-inflamed	RGS1	1.8803066872632757	5.580752432681454e-15
Lymphocyte-inflamed	LILRB4	1.8780345060350339	0.0
Lymphocyte-inflamed	C1orf162	1.8773844105180832	0.0
Lymphocyte-inflamed	SLCO2B1	1.8729526573323847	0.0
Lymphocyte-inflamed	IGHA1	1.8721870922378936	0.0
Lymphocyte-inflamed	MGP	1.8685926870475855	1.0718678120958886e-14
Lymphocyte-inflamed	HLA-DOA	1.8663286561678376	0.0
Lymphocyte-inflamed	TGFBI	1.8625096255762141	0.0
Lymphocyte-inflamed	PTAFR	1.8566004632201334	0.0
Lymphocyte-inflamed	EMP3	1.855176130184578	0.0
Lymphocyte-inflamed	NAPSB	1.8550003869267147	0.0
Lymphocyte-inflamed	ENSG00000288681	1.8508741567851001	1.7489783900784933e-05
Lymphocyte-inflamed	SERPINB1	1.8500846385690002	0.0
Lymphocyte-inflamed	MYADM	1.847118959770699	0.0
Lymphocyte-inflamed	SAMSN1	1.8453220364478882	0.0
Lymphocyte-inflamed	CYTH4	1.8450762494748303	0.0
Lymphocyte-inflamed	CD44	1.8387991312253167	0.0
Lymphocyte-inflamed	GLIPR1	1.8359538138209444	0.0
Lymphocyte-inflamed	LCP1	1.8354501592505121	0.0
Lymphocyte-inflamed	CORO1A	1.832549263303883	0.0
Lymphocyte-inflamed	LCP2	1.8283450266193535	0.0
Lymphocyte-inflamed	FPR3	1.8232441164558866	0.0
Lymphocyte-inflamed	ENSG00000288542	1.8221170890606704	0.00011424889608657236
Lymphocyte-inflamed	CAPG	1.821667770036897	0.0
Lymphocyte-inflamed	CCR1	1.8211380517049627	0.0
Lymphocyte-inflamed	SYNGR2	1.8152187825482575	0.0
Lymphocyte-inflamed	AOAH	1.8148581641940638	0.0
Lymphocyte-inflamed	IGLC2	1.8117143118251011	4.049240259882499e-13
Lymphocyte-inflamed	HCK	1.810737292807985	0.0
Lymphocyte-inflamed	IGHM	1.8105026283929653	0.0
Lymphocyte-inflamed	CX3CR1	1.810338008795871	5.50814346653298e-12
Lymphocyte-inflamed	PLAAT4	1.7988415191854976	0.0
Lymphocyte-inflamed	ARHGAP30	1.7957026081670895	0.0
Lymphocyte-inflamed	ICAM1	1.794445231014345	0.0
Lymphocyte-inflamed	THBS1	1.7915442488248878	1.5694827099656283e-14
Lymphocyte-inflamed	OAS1	1.7911808331103631	0.0
Lymphocyte-inflamed	CSF3R	1.7904402417386232	0.0
Lymphocyte-inflamed	ADORA3	1.7896715952202347	0.0
Lymphocyte-inflamed	ADAM28	1.7894986581007473	0.0
Lymphocyte-inflamed	PTGS1	1.7880002160113637	0.0
Lymphocyte-inflamed	FCGBP	1.7849201883191381	4.682871374623371e-13
Lymphocyte-inflamed	THEMIS2	1.7843690593868056	0.0
Lymphocyte-inflamed	SELPLG	1.7841427931025247	0.0
Lymphocyte-inflamed	CSF1R	1.7832534500343735	0.0
Lymphocyte-inflamed	SLC7A7	1.7816660865918097	0.0
Lymphocyte-inflamed	SNORA81	1.7815417896515604	0.018002402885782105
Lymphocyte-inflamed	CXCR4	1.7812549347275723	0.0
Lymphocyte-inflamed	ARPC1B	1.7768254484797081	0.0
Lymphocyte-inflamed	CFI	1.774731789094194	1.0718678120958886e-14
Lymphocyte-inflamed	DOCK8	1.7719567753358163	0.0
Lymphocyte-inflamed	IFITM1	1.769582302216092	0.0
Lymphocyte-inflamed	ADA2	1.7671632843837135	0.0
Lymphocyte-inflamed	CFH	1.7668714404753976	0.0
Lymphocyte-inflamed	SELL	1.764473091379703	0.0
Lymphocyte-inflamed	APOL1	1.7628762017581585	0.0
Lymphocyte-inflamed	SCARNA6	1.762311794452021	0.0005756041014663519
Lymphocyte-inflamed	NCF4	1.761364192741316	0.0
Lymphocyte-inflamed	DOCK2	1.759639804115467	0.0
Lymphocyte-inflamed	ANXA2	1.754623865284258	1.5694827099656283e-14
Lymphocyte-inflamed	CIITA	1.7546194018503392	0.0
Lymphocyte-inflamed	CASP1	1.7495600120296255	0.0
Lymphocyte-inflamed	PLXDC2	1.7491166206857485	0.0
Lymphocyte-inflamed	IL6	1.7450778441659454	0.0
Lymphocyte-inflamed	CYP1B1	1.7416379268370574	0.0
Lymphocyte-inflamed	PLEK	1.7402240892358631	0.0
Lymphocyte-inflamed	PIK3AP1	1.7396055004926998	0.0
Lymphocyte-inflamed	POSTN	1.738290748296368	1.547485314473641e-09
Lymphocyte-inflamed	MYOF	1.7380311280917744	0.0
Lymphocyte-inflamed	SLA	1.737665523481958	0.0
Lymphocyte-inflamed	FOS	1.7344074495610151	2.3895981302468943e-11
Lymphocyte-inflamed	TBXAS1	1.7317390397360963	0.0
Lymphocyte-inflamed	SIGLEC10	1.7301676365238845	0.0
Lymphocyte-inflamed	MX2	1.7299099266812397	0.0
Myeloid-dominant	5_8S_rRNA	2.0492928072878467	0.0039122834379614006
Myeloid-dominant	RNA5-8SN1	1.892414245563545	0.007612791971050209
Myeloid-dominant	RNA5-8SN4	1.6871622280365886	0.01158566244471215
Myeloid-dominant	MT-ND4L	1.6176886250283413	0.003032763977128248
Myeloid-dominant	RNA5-8SN5	1.6033089382122974	0.01614822561644864
Myeloid-dominant	RNA5-8SN2	1.5181270767946193	0.02283879245014363
Myeloid-dominant	RNA5-8SN3	1.5006528536661872	0.024848506890064948
Myeloid-dominant	MT-ATP8	1.4763212285964382	0.008048924119288965
Myeloid-dominant	RPS7	1.421562144674981	0.0010282754070835194
Myeloid-dominant	RPS17	1.4068624308059388	0.0008601994083974627
Myeloid-dominant	MT-ND3	1.3763307132612503	0.004025515522263388
Myeloid-dominant	MT-CO2	1.3597101523428705	0.006905228767657578
Myeloid-dominant	MT-CO3	1.3265519635863878	0.011226028146655022
Myeloid-dominant	MT-ND6	1.2617435060864155	0.010968013353865656
Myeloid-dominant	MT-ND4	1.256243340484314	0.0074649405727568695
Myeloid-dominant	MT-ATP6	1.2481240762597992	0.006369372637975544
Myeloid-dominant	MT-CO1	1.2417626122187855	0.015167369738595532
Myeloid-dominant	MT-CYB	1.1804989868842881	0.013138089045637683
Myeloid-dominant	RPS27A	1.1696950681269795	0.0012036773967312301
Myeloid-dominant	MT-ND2	1.1653641164028183	0.014410141552006334
Myeloid-dominant	RPL12	1.1629867384306642	0.0009747787083419866
Myeloid-dominant	MTATP6P1	1.1536616372411306	0.01195628986847218
Myeloid-dominant	RPL39	1.1523858342974584	0.0014959176542992969
Myeloid-dominant	ENSG00000237550	1.1498105448806175	0.005177442865787351
Myeloid-dominant	RPL22	1.1431578258782196	0.0013305194160389184
Myeloid-dominant	LINC00844	1.127048481008813	0.004625128907080182
Myeloid-dominant	RPS18	1.123536145719152	0.0005765221800171424
Myeloid-dominant	RPL36AL	1.1215543671653725	0.0008796791198474423
Myeloid-dominant	GIHCG	1.110954538445418	0.00012968918094356083
Myeloid-dominant	EEF1A1	1.1049573600762344	0.0004268713456147442
Myeloid-dominant	RPS15	1.0962400141213662	0.00030778456225973765
Myeloid-dominant	RPL31	1.094621039844128	0.0007762572017818885
Myeloid-dominant	BOLA2	1.090603862927432	0.0004303215591680299
Myeloid-dominant	CHCHD2	1.0830054956372193	0.00023296705171006694
Myeloid-dominant	RPS15A	1.0806816445360088	0.000650073071823286
Myeloid-dominant	GCSH	1.0688814696678803	0.00041058795333563696
Myeloid-dominant	NDUFB3	1.0683748472465266	0.0008063572901257953
Myeloid-dominant	KLRC2	1.0676337492431793	0.0010775479684043273
Myeloid-dominant	RPS29	1.05654563881202	0.0008866309784808957
Myeloid-dominant	RPL9	1.0547144915959716	0.0009981948406059685
Myeloid-dominant	RPS10	1.0544443271334103	0.0006258134304819614
Myeloid-dominant	BOLA2B	1.0521882986879887	0.0006726484302420382
Myeloid-dominant	SDHD	1.046238457648653	0.0005806014010207294
Myeloid-dominant	RPL17-C18orf32	1.0351171004991708	0.00036908072957843855
Myeloid-dominant	MIR9-1HG	1.0241614982901108	0.0005267787143409604
Myeloid-dominant	ENSG00000289316	1.0226118567467468	0.003131296784347184
Myeloid-dominant	MT-ND5	1.0211067011477049	0.01399406405227966
Myeloid-dominant	MT-ND1	1.0155926036982752	0.028590784516346012
Myeloid-dominant	RPL35A	1.009674458169048	0.0005324458902587002
Myeloid-dominant	RPL7	1.0091134023425834	0.0009747787083419866
Myeloid-dominant	MTND2P28	0.9954904093278181	0.018288068689086705
Myeloid-dominant	BCYRN1	0.9945595998018639	0.039049013385194606
Myeloid-dominant	MT3	0.982811775868095	0.004025515522263388
Myeloid-dominant	CHASERR	0.9800917257321187	0.002603470571908198
Myeloid-dominant	RPS25	0.979301393693012	0.0005765221800171424
Myeloid-dominant	RPS6	0.9791069133112593	0.0008962655495864068
Myeloid-dominant	RPL39P3	0.9729676689349214	0.018906222827998528
Myeloid-dominant	HIGD1A	0.9680252121930728	0.0013601439557507883
Myeloid-dominant	RPS3A	0.9634997538463672	0.0010220913703434093
Myeloid-dominant	ATP5MC1	0.9625952052975464	0.0014833912720077199
Myeloid-dominant	RPS9	0.9619888957188873	0.000595657913323816
Myeloid-dominant	HNRNPA1	0.9605057223115114	0.0008962655495864068
Myeloid-dominant	RPL36A-HNRNPH2	0.9581085864486507	0.0033832473275250555
Myeloid-dominant	RPL19	0.955556482556732	0.0006394767820543553
Myeloid-dominant	RPL37A	0.9423491231533028	0.0011961289708038293
Myeloid-dominant	RPL26	0.9416405918872943	0.001553077607950747
Myeloid-dominant	MTCO1P12	0.9237738460489497	0.015097681572940726
Myeloid-dominant	SMIM30	0.9207779499260735	0.000650073071823286
Myeloid-dominant	SERF1A	0.9191752410049312	0.001289608159627437
Myeloid-dominant	MTLN	0.9162321460203819	0.0013733123689808836
Myeloid-dominant	RPL29	0.9152692517006127	0.0005275784867247444
Myeloid-dominant	CYTOR	0.9152040552671541	0.001711103878495537
Myeloid-dominant	PANTR1	0.9123077062216107	0.004266820070544719
Myeloid-dominant	FGD5-AS1	0.906138388415159	0.001289608159627437
Myeloid-dominant	LINC01579	0.9049858238709736	0.00013951915932386427
Myeloid-dominant	RPSA	0.903439026006617	0.0004130202359295481
Myeloid-dominant	TMA7	0.9030122407986267	0.0005642303755246462
Myeloid-dominant	LINC01896	0.9029987762171867	0.0010202548277971123
Myeloid-dominant	SOX2-OT	0.8954210324802778	0.018772557818938374
Myeloid-dominant	HSPE1	0.8902156947523201	0.001967120249196809
Myeloid-dominant	SNHG6	0.8885492302838012	0.001678331681096967
Myeloid-dominant	RPL3	0.8876961789370306	0.000454757720873299
Myeloid-dominant	ENSG00000187186	0.8833971844023156	0.0004636449597040673
Myeloid-dominant	RPL4	0.8821410667287815	0.000650073071823286
Myeloid-dominant	RPS27	0.879934504291068	0.0044091061827691985
Myeloid-dominant	NORAD	0.8784938329165044	0.004772579852501114
Myeloid-dominant	ENSG00000288044	0.8763384717492686	0.0005426640044380769
Myeloid-dominant	GNG10	0.8718792385943939	0.0027675942703395953
Myeloid-dominant	PDAP1	0.8709785885306189	0.00067050443188374
Myeloid-dominant	NOMO2	0.8709752658588714	0.0017091311827193228
Myeloid-dominant	OLIG1	0.8699931350604801	0.011774563143303262
Myeloid-dominant	RPSAP58	0.8613507695515179	0.00030778456225973765
Myeloid-dominant	OLIG2	0.8611138391253945	0.013194828941974353
Myeloid-dominant	VDAC1	0.8574247769858356	0.0013305194160389184
Myeloid-dominant	EIF3C	0.8521151973737178	0.00030778456225973765
Myeloid-dominant	IMMP1L	0.8518558414281765	0.00028197568633413
Myeloid-dominant	TGFB2-OT1	0.8503051681007665	0.0030565058516856345
Myeloid-dominant	SNHG19	0.849450376536323	0.0002660610670050578
Myeloid-dominant	MAGED4	0.8440506345123744	0.0005975414155556484
Myeloid-dominant	UBC	0.8428483860036673	0.002122561524867346
Myeloid-dominant	MIR100HG	0.8416725841168682	0.004098890089935715
Myeloid-dominant	ENSG00000275830	0.8411640211981934	0.000532881165757407
Myeloid-dominant	GAPDH	0.8408514830948253	0.00012348015089710767
Myeloid-dominant	ATF4	0.8335620169821238	0.00040654982610828104
Myeloid-dominant	RPLP1	0.8266165264090759	0.0003790613122900069
Myeloid-dominant	RPL10A	0.8218809960307878	0.000650073071823286
Myeloid-dominant	ARL4A	0.8170640701939202	0.0009747787083419866
Myeloid-dominant	RPL34	0.8129132655791889	0.0009242244801400521
Myeloid-dominant	BTF3	0.8102168021995366	0.000424928976043926
Myeloid-dominant	C4B	0.8091615680075401	0.0045986760596150675
Myeloid-dominant	CD99	0.8083798900703139	0.009121048637365457
Myeloid-dominant	RCN1	0.808066623810527	0.0005642303755246462
Myeloid-dominant	HMGB1P5	0.807778300607084	0.004774662963754795
Myeloid-dominant	RPL32	0.8071314352303389	0.0008641095595266638
Myeloid-dominant	RPL35	0.804954551144915	0.0008989398001066197
Myeloid-dominant	PMP2	0.8027781678573103	0.004602508859097756
Myeloid-dominant	ENSG00000232533	0.8026515389341133	0.0004212996833680613
Myeloid-dominant	MAPKAPK5-AS1	0.7980898305559525	0.0018440113115872645
Myeloid-dominant	GSTT2B	0.7973687541920054	0.0008601994083974627
Myeloid-dominant	ILRUN-AS1	0.7973085816053711	0.000404042547629898
Myeloid-dominant	ENSG00000256514	0.795607126000446	0.0025595605296875345
Myeloid-dominant	DEXI	0.7945830347094653	0.0003287152629040228
Myeloid-dominant	RPL36A	0.7944890110191727	0.0033128161903519656
Myeloid-dominant	PPP1R14B	0.7924216218051336	0.000993230612774024
Myeloid-dominant	RPL23A	0.7912130480620387	0.0004303215591680299
Myeloid-dominant	RPL36	0.7908354024652002	0.0004636449597040673
Myeloid-dominant	RPS20	0.7887992497391352	0.0010720022441241582
Myeloid-dominant	SNHG8	0.787559420152931	0.0021601981770246236
Myeloid-dominant	NOMO1	0.7871924072382406	0.006859847052089615
Myeloid-dominant	EIF3CL	0.7856289177959983	0.0017013726701202091
Myeloid-dominant	VPS13B-DT	0.7856156394692597	0.0010227100632441088
Myeloid-dominant	ENSG00000283103	0.7855719712171179	0.0006079048900186586
Myeloid-dominant	ZNF667-AS1	0.7854660538375047	0.0005642303755246462
Myeloid-dominant	DANCR	0.7845970970030622	0.0006448463629127893
Myeloid-dominant	RPS14	0.7818209677251735	0.00023296705171006694
Myeloid-dominant	BOLA2-SMG1P6	0.7790072659930636	0.0016974620515488865
Myeloid-dominant	LINC00869	0.7761872159573033	0.0018322346450139904
Myeloid-dominant	OSER1-DT	0.7759889894847802	0.0009992613456039222
Myeloid-dominant	CBX1	0.775591628258649	0.0013471969828233847
Myeloid-dominant	MIR4435-2HG	0.7734247673639936	0.01012403780617403
Myeloid-dominant	PNRC2	0.7733584903297794	0.007921495224115465
Myeloid-dominant	GTF2IP1	0.7723721709401064	0.034016228854950877
Myeloid-dominant	RPS27AP16	0.7715237507119397	0.0010214759296758114
Myeloid-dominant	ENSG00000235288	0.7711065930594798	0.013359365239029142
Myeloid-dominant	LSP1P4	0.770580582406831	0.0020477613709804694
Myeloid-dominant	PRELID1	0.7699558716601755	0.00036908072957843855
Myeloid-dominant	PGAM1	0.7681495578278197	0.000629977251218795
Myeloid-dominant	ENSG00000259969	0.7680982428433827	0.0006887298224235362
Myeloid-dominant	CBX3	0.7673524756421957	0.001289608159627437
Myeloid-dominant	TMEM198B	0.7615168494548468	0.0010847213041962518
Myeloid-dominant	ZFAS1	0.7611222501564754	0.0014432716337703698
Myeloid-dominant	NBDY	0.7607787492929692	0.0034223608307767965
Myeloid-dominant	ENSG00000239922	0.7590778044708648	0.00019388687408579872
Myeloid-dominant	ENSG00000238142	0.7581907153807448	0.0033754196770786333
Myeloid-dominant	ENSG00000244398	0.7577782775937418	0.003923739283654323
Myeloid-dominant	RPLP0	0.7522269326543132	0.0004080227614137865
Myeloid-dominant	GNG12	0.7520627615186095	0.0001828020505134494
Myeloid-dominant	LHFPL3	0.747704218176668	0.0211649794895528
Myeloid-dominant	SCD	0.7428947559759917	0.0007187588161107042
Myeloid-dominant	SELENOK	0.7426690405891847	0.000650073071823286
Myeloid-dominant	OTUD6B-AS1	0.7419571694440172	0.001711216355481472
Myeloid-dominant	TP53TG1	0.7407839560364446	0.0018344412524373568
Myeloid-dominant	RPL24	0.7398784795361362	0.0021610691551444397
Myeloid-dominant	SP2-DT	0.7380784396892448	0.0029438239603264845
Myeloid-dominant	SNRPG	0.73682132498939	0.0011599302588263072
Myeloid-dominant	TUG1	0.734942710323037	0.014836353435806995
Myeloid-dominant	ERVK3-1	0.7344779000378248	0.005049474648446198
Myeloid-dominant	ENSG00000276855	0.733734461402376	0.0007216542908639699
Myeloid-dominant	RPS7P1	0.733105084454927	0.0014722024399537272
Myeloid-dominant	FABP7	0.732974326341572	0.014375071960134543
Myeloid-dominant	CTXND1	0.7318532802999924	0.00030778456225973765
Myeloid-dominant	RSL24D1	0.7317838445456673	0.0004303215591680299
Myeloid-dominant	NDUFA5	0.729322484099157	0.0024620205034329144
Myeloid-dominant	SERBP1	0.7291680191503067	0.002494004436426548
Myeloid-dominant	COA6-AS1	0.7291583881690251	0.0005342428610511181
Myeloid-dominant	RPL13A	0.7280498784948382	0.0007242677518884619
Myeloid-dominant	RPS12	0.7245969515918009	0.0014959176542992969
Myeloid-dominant	RPL18A	0.7237062141175379	0.0006781365182913531
Myeloid-dominant	SMS	0.7232671829894128	0.010730902463982669
Myeloid-dominant	RPL7A	0.7223499802541653	0.000877380438763048
Myeloid-dominant	ENSG00000275496	0.721898512220494	0.0010263768329098282
Myeloid-dominant	ENSG00000269983	0.7209434623684761	0.0006781365182913531
Myeloid-dominant	SNHG9	0.7201364367236738	0.0006921522197227808
Myeloid-dominant	C4A	0.7196188553803333	0.01463208358775413
Myeloid-dominant	HSPD1	0.7195680453794573	0.00642832365926351
Myeloid-dominant	TRIM52-AS1	0.7194323062805448	0.0005797044866627679
Myeloid-dominant	SNRPE	0.7168113819197117	0.0009981948406059685
Myeloid-dominant	NKAIN4	0.7165311931750225	0.005943385039913981
Myeloid-dominant	TUBB2B	0.7148057677322939	0.000424928976043926
Myeloid-dominant	LINC00511	0.7147460069391447	0.006840216808621725
Myeloid-dominant	CRNDE	0.7145611465753521	0.003838669056709064
Myeloid-dominant	ATP5MF	0.7117001348979395	0.004411645604073276
Myeloid-dominant	MKKS	0.7096101611987478	0.022845827846400633
Myeloid-dominant	ENSG00000272831	0.7095240662551161	0.0005463804167871335
Myeloid-dominant	SNHG5	0.7064861846987567	0.004625128907080182
Myeloid-dominant	PITPNA-AS1	0.7063939697469253	0.001060395170785718
Myeloid-dominant	UBL5	0.7051699996313401	0.0010847213041962518
Myeloid-dominant	S100B	0.70501289349055	0.028759606724917303
Myeloid-dominant	ENSG00000255641	0.7029908654990875	0.0039637943019825116
Myeloid-dominant	CEROX1	0.7029643726243417	0.01195628986847218
