feature	Immune-desert vs Lymphocyte-inflamed	Immune-desert vs Myeloid-dominant	Lymphocyte-inflamed vs Myeloid-dominant
EPIC_B cell	3.0111742101690973	1.3375502502513925	-1.3375502502513925
EPIC_Cancer associated fibroblast	-6.652498146096334	-0.6742245779133449	6.155081841986114
EPIC_Endothelial cell	-5.016377490557905	-2.0114033612244557	2.0114033612244557
EPIC_Macrophage	-300.0	-9.24525806235824	300.0
EPIC_NK cell	-6.064047263519513	-2.6800240517350233	1.985708834236006
EPIC_T cell CD4+	-0.3371822652355569	0.6626462044654231	1.4448040747242243
EPIC_T cell CD8+	-0.9219666174461922	0.7288595828863381	2.972817666054957
EPIC_uncharacterized cell	13.532985843321173	1.2838814972284374	-11.688875959550982
LM22_Macrophages M1	-5.835239148122578	-0.9382955247616639	4.507807003370675
LM22_Mast cells activated	-2.406093111314941	-2.2206510838447726	0.2755463146648722
LM22_Mast cells resting	8.152435646984129	4.224694735017034	-1.966591185367343
LM22_Monocytes	-3.6001946069285475	-0.7231555554075748	2.741785590434775
LM22_NK cells activated	2.670241218350542	2.030640644196514	-0.4915336164523835
LM22_T cells follicular helper	4.2271996461679775	4.8888231837073395	0.08383995953535585
MCP_B cell	-300.0	-6.917432855152539	12.681588498127265
MCP_Cancer associated fibroblast	-300.0	-6.538691177316827	8.963335998029516
MCP_Endothelial cell	-14.398287269423717	-4.698958178228045	5.594886375787924
MCP_Macrophage/Monocyte	-300.0	-5.32836049628722	300.0
MCP_Monocyte	-300.0	-5.32836049628722	300.0
MCP_Myeloid dendritic cell	-300.0	-3.7157205645441658	9.35552542701088
MCP_NK cell	-300.0	-2.3623198171045074	13.706616503829197
MCP_Neutrophil	-14.176438519807359	-1.8447109802724144	10.633053474997517
MCP_T cell	-300.0	-2.794870433794777	14.15524922073742
MCP_T cell CD8+	-8.188910026719997	-3.054305562501612	3.0406775455492996
MCP_cytotoxicity score	-8.947883413516317	-3.3744826820894147	3.3744826820894147
quanTIseq_B cell	-1.1455709169207144	1.5377822399555172	5.258818419733762
quanTIseq_Macrophage M1	-300.0	-4.857741336952804	15.176438519807359
quanTIseq_Macrophage M2	-300.0	-11.687371093570885	300.0
quanTIseq_Monocyte	2.079266936747722	1.4436600574116947	-0.5352134667895923
quanTIseq_Myeloid dendritic cell	-11.995166748247899	-9.043173367089798	1.1305362525297984
quanTIseq_NK cell	-1.6694419350730847	-0.8526855402398422	0.8526855402398422
quanTIseq_Neutrophil	-4.887720668973393	0.015583194281560802	6.628032694621405
quanTIseq_T cell CD4+ (non-regulatory)	-3.1672286732567803	-1.4230149784889283	1.4230149784889283
quanTIseq_T cell CD8+	-0.8121861314969131	0.45581168476493544	2.0862457402750514
quanTIseq_T cell regulatory (Tregs)	-3.2702944997031085	-1.4102878578040061	1.4102878578040061
quanTIseq_uncharacterized cell	300.0	3.4366955019319074	-10.060981119764799
ssGSEA_Chemokine_T_Cell_Recruitment	-300.0	-14.750469787535078	300.0
ssGSEA_DAM_KerenShaul2017	-300.0	-14.653559774527022	300.0
ssGSEA_Dendritic_Cell_Activation	-300.0	-11.297400014570123	300.0
ssGSEA_Glioma_Inflammatory_Wang2017	-300.0	-14.122080857484766	300.0
ssGSEA_IFN_Alpha_Response	-300.0	-4.89152561987107	9.739162929021122
ssGSEA_IFN_Gamma_Response	-300.0	-10.100558362207552	300.0
ssGSEA_M1_Macrophage	-300.0	-15.35252977886304	300.0
ssGSEA_M2_Macrophage	-300.0	-12.061383017131154	300.0
ssGSEA_MAPK_Activity	-12.721593659798849	-8.868411170678408	1.4726396168137048
ssGSEA_MDM_Klemm2020	-300.0	-15.653559774527022	300.0
ssGSEA_MHC_Class_I	-300.0	-7.308578429286199	8.529720264586507
ssGSEA_MHC_Class_II	-300.0	-12.500049785226185	14.523226006032017
ssGSEA_MgTAM_Antunes2021	-300.0	-5.293872519485466	12.196435148223614
ssGSEA_Microglia_Core_Homeostatic	-300.0	-4.814272849974009	12.556302464833601
ssGSEA_Microglia_Klemm2020	-300.0	-5.261350149075819	11.514767783767
ssGSEA_MoTAM_Antunes2021	-300.0	-300.0	300.0
ssGSEA_NK_Cell_Activity	-300.0	-14.273348532815415	14.632370475457083
ssGSEA_Neutrophil_Activation	-300.0	-14.238586426556203	14.574378528479397
ssGSEA_TGFb_Immunosuppression	-300.0	-10.54888491923729	300.0
ssGSEA_T_Cell_Cytotoxicity	-300.0	-13.666788040260776	300.0
ssGSEA_T_Cell_Exhaustion	-300.0	-9.644829759611294	300.0
ssGSEA_Tregs_Friebel2020	-300.0	-11.701591190034112	300.0
xCell_B cell	-2.6468784494591	-0.13996179150926916	2.69811441383848
xCell_B cell plasma	6.648315535271198	4.113822300195486	-1.24720307685274
xCell_Cancer associated fibroblast	-1.9272148367992403	-0.3502694023905948	1.850377558336553
xCell_Class-switched memory B cell	-0.5082368908911692	1.116579471898633	2.687111218291552
xCell_Common lymphoid progenitor	-1.3722212400066671	-3.7903556173236153	-1.3722212400066671
xCell_Endothelial cell	-6.160474797132438	-5.288070897377154	0.49636434752693964
xCell_Hematopoietic stem cell	-2.065917453066218	-2.065917453066218	0.060141084766917735
xCell_Macrophage	-300.0	-14.301377256415659	9.157850075806955
xCell_Macrophage M1	-300.0	-14.247019594093066	9.534929045819514
xCell_Macrophage M2	-300.0	-2.7354372013469086	11.262121812609173
xCell_Mast cell	1.069859423260099	4.381848023300119	2.115306368028244
xCell_Monocyte	-300.0	-5.139492542180556	13.295624927526568
xCell_Myeloid dendritic cell	-3.3270712189499805	-0.7623570529097013	2.3883067372644167
xCell_Myeloid dendritic cell activated	-300.0	-11.52930015374421	9.573793349172751
xCell_NK cell	-0.3812547173033446	-1.7567315845886884	-1.2798949086864864
xCell_Neutrophil	-1.8369861994910592	0.0834813695219242	2.6002833040168216
xCell_Plasmacytoid dendritic cell	-8.907361022265997	-1.1183204255440942	7.224384561886574
xCell_T cell CD4+ Th1	0.6440599018501574	-1.2362888011003548	-3.2864525481142883
xCell_T cell CD4+ central memory	2.1748468989481813	3.0932077398838733	0.2995208945385349
xCell_T cell CD4+ effector memory	-3.8892475431771443	-0.8854954120324631	2.6870415576829556
xCell_T cell CD8+ naive	0.8120167865807885	-0.3589473164917929	-1.8404740039254208
xCell_T cell NK	-2.372595772783349	-2.372595772783349	0.11538403672590211
xCell_T cell regulatory (Tregs)	0.705191574813191	2.4513250820093644	1.2537119703940376
xCell_immune score	-300.0	-7.255243989272689	300.0
xCell_microenvironment score	-300.0	-8.746425310988569	13.405586508165216
xCell_stroma score	-8.020607759630183	-4.5213798462450185	1.6872914447528216
