Kids_First_Biospecimen_ID	Bagaev_Angiogenesis	Bagaev_Antitumor_cytokines	Bagaev_B_cells	Bagaev_Checkpoint_inhibitor	Bagaev_Coactivation	Bagaev_Effector_cell_traffic	Bagaev_Effector_cells	Bagaev_Granulocyte_traffic	Bagaev_Immune_Suppression_Myeloid	Bagaev_M1_signature	Bagaev_MHC_I	Bagaev_MHC_II	Bagaev_Macrophage_DC_traffic	Bagaev_Myeloid_cells_traffic	Bagaev_NK_cells	Bagaev_Neutrophil_signature	Bagaev_Protumor_cytokines	Bagaev_TAMs	Bagaev_T_cells	Bagaev_Th1_signature	Bagaev_Th2_signature	Bagaev_Treg	Bagaev_Treg_Th2_traffic	Bagaev_Tumor_proliferation	TIS_Danaher18
BS_1G3WYEN3	0.41526977294503226	-0.012611851758136427	0.07789868735771754	0.2056299708289051	0.13376785271074443	0.1899790185208287	0.1378025268912146	0.20995103913087498	0.1784187063891157	0.13339193479175532	0.5170702042099992	0.5396890889263555	0.004411576715469808	0.2061644006609547	0.08976169963799698	0.21598032097904385	0.24849073262092083	0.2526625278301068	0.251958154769309	0.1570480216955956	0.09448370280617603	0.28255551728746264	-0.027290929766039328	0.2613994500386679	0.3168781602696127
BS_24AHZ9ZW	0.38617181486364766	-0.047253165448913365	0.24181457523510091	0.28218350748534043	0.18783014366742776	0.23913192776184966	0.21256468187753028	0.24271253277407576	0.2230281904662755	0.17642200646715836	0.5626031182728597	0.5788293323353783	0.09335801248071669	0.30577107794813685	0.20336350304752887	0.3459095915210815	0.2309670487470783	0.3849153653396784	0.3279203289180226	0.1134488019860067	0.0739646241016605	0.31165954736037843	-0.02501473436922513	0.2869860551546627	0.3770944544991412
BS_2EMW8ZG3	0.406096076297642	-0.036244600821848966	0.04517619764554953	0.2555153446441303	0.18305517480156913	0.232309826797888	0.12079476295027872	0.129979220084953	0.23020220648628853	0.1545497293344764	0.5364980167516684	0.5591350237419375	-0.041667296862835594	0.19409966679161486	0.056321895178024044	0.18713461957690813	0.22842037789719205	0.34794636390090006	0.2891659717340573	0.09979011300367503	0.05731659432969024	0.3085512723759409	0.030423871248100323	0.29465940019758535	0.3597589949301153
BS_2KJ2YAZR	0.44387172047710066	0.029993907563815786	0.05857476063088832	0.2145861292851142	0.16616929340667205	0.1957664891397551	0.170469700421015	0.041457348751433	0.17210499894255732	0.22011668512539767	0.5526813631195617	0.5859880391983923	0.1690425994622197	0.3558656326859874	0.18794065292379866	0.1988668851719707	0.23179278128470018	0.31687349422327493	0.2301697894525659	0.1088654983373027	-0.0048943364659867206	0.2666016343374621	-0.10518311847016995	0.32527381115956705	0.32899861481804643
BS_2YCJV2VV	0.42512788578546473	-0.028701477522660716	0.23140716407392772	0.24058311088130607	0.16906692611012836	0.14110894824510822	-0.02839531996726727	0.3498878163875045	0.219053794070954	0.19322279311919585	0.5464142372147621	0.5447961478492912	0.09934418322226685	0.3135058512893778	0.0933034262650104	0.2852531575888234	0.32145165407900433	0.33615401502856146	0.18818431093733448	0.05930077451414276	0.023313202323448776	0.3266400533627737	-0.12278952607939092	0.3247856056437552	0.3161315427093872
BS_3G3KWY18	0.4014138340913794	0.0024293556529744746	0.1226379903621842	0.24662148750326032	0.16605796046009227	0.16145319076900916	0.08236756464544102	0.16470965890642483	0.22800342955158598	0.2132397380354764	0.5558120182229949	0.5819563027922897	0.024700058872963084	0.24045803430924173	0.165082144106312	0.20065851605065213	0.2237828435734439	0.31548318356851196	0.25511171327339505	0.10957151920904294	0.02121050299287137	0.29813586127424013	-0.010312420879416993	0.18711153380318551	0.33899749859385225
BS_3XY76V8T	0.4173801222061011	-0.0031637162427644726	0.2538449285832661	0.2726708826167963	0.17930115465432686	0.25180819408770194	0.18108393756960856	0.1260748264434721	0.21837251971211982	0.17546387165305702	0.5424905890151998	0.576318281053732	0.13053847790892548	0.2516171167493336	0.17018946293309248	0.20792074621847662	0.1436377304025226	0.3713298153214382	0.32304763251222707	0.11536845235417	0.03007938813156459	0.31516203930352127	0.10411377085217219	0.275776656554576	0.3704164987555542
BS_47SJZ3PH	0.44544509128869125	0.008065963650549375	0.10536864244512079	0.23699570220611507	0.14928814046479374	0.21196543641270163	0.16673319769469022	0.08966750039899526	0.2601791936615797	0.1609239558503043	0.5457343195642097	0.5921170650912626	0.09522341723630977	0.25541187127068965	0.126899555999418	0.2170898883752076	0.1998273824055146	0.40299069592501213	0.2768486065051981	0.11383506389640215	0.05553387581740472	0.3093192817172346	-0.013925393698852706	0.29628834407724475	0.3545025760359587
BS_55X1W2MR	0.4491647052216446	0.13249159199568403	0.32904001002797445	0.3911917441184815	0.29205429503895236	0.3722907434971523	0.25857050108621416	0.38486899100976935	0.2660872769207295	0.3501043015565893	0.5427654283385587	0.5840493867855124	0.17889433285036524	0.40221607346956095	0.09248153171174271	0.13055021424989344	0.23096887098976607	0.4212527105748502	0.3704119117446111	0.1086891882627696	-0.003465392737529725	0.38123366940396775	0.08251106915891475	0.3312317917963754	0.4294090024803705
BS_5K3R0F5D	0.40852956281559366	-0.0121124923046816	0.13007827363548438	0.19978663784497944	0.15313074789554904	0.14252501981738253	0.11821340182020855	0.2820798197716866	0.20514341233408784	0.2084617579364642	0.5028005248907947	0.5008645977814548	-0.06091253618810436	0.20439185644312552	0.05077302279697016	0.1575339007724497	0.226203341698258	0.1965835457964212	0.22137572374873352	0.14561144257933184	-0.017043198143820472	0.24956383758315412	-0.1499515454644376	0.18325910800313935	0.29520587482020894
BS_5NWDARXG	0.4089160279297507	0.08098037745660296	0.30811125785270743	0.28527506885806103	0.23557234675066227	0.307835046535386	0.24500194687897972	0.21134023549930075	0.2094370483009637	0.20208174234879459	0.55597239739619	0.5931429278223965	0.16442752230261837	0.26356607172576274	0.17196310375246232	0.24930371479165828	0.22896554092906113	0.361764648794235	0.3516594098324102	0.2212941904173439	0.12161739817279381	0.32011770778797544	0.014559405162016332	0.24269687053841837	0.3908162787658266
BS_5YYCP891	0.41614119191646326	0.11104330496051355	-0.09026080695393893	0.31273214457659837	0.19355255944805427	0.36019651106185807	0.24402400078034864	-0.025280285086875437	0.2086665780644761	0.22445960583150007	0.5673819761003407	0.5835724866098473	0.12314056079333334	0.2471375503716922	0.24238416082264572	0.07317395928627626	0.17420842305152118	0.3085451715584462	0.35712368275653106	0.16087007494685265	-0.11806795140829542	0.21510187845095413	0.08649556811944993	0.4040887194956466	0.42250143588907185
BS_680K119G	0.4224859867418796	-0.02495983125738572	0.09389307843796017	0.198083214933696	0.14602322086559646	0.16522905899014642	0.03684549976825467	0.2059519612049926	0.2026986544243378	0.21259922146491936	0.5318771019401791	0.5355177290981943	-0.04385771617948045	0.24082764506989426	0.019909008625457542	0.21499906552832054	0.23028654923653985	0.3143559913525039	0.197418226507181	0.10763029232409578	0.019898873024818076	0.27646905321857485	-0.057764619077165534	0.2656170035477608	0.3061012340599299
BS_699TN5RN	0.37850566918871564	0.10996723930754598	0.29098364399962445	0.3644408347453445	0.2357821762401916	0.34487188157823134	0.24499658171564123	0.17893705518037342	0.2468017975824774	0.2945912410037882	0.558270571218689	0.5995680281656992	0.260379314069313	0.41020604252255305	0.17790041136748913	0.22194262612448912	0.24315562340514393	0.3473351471774876	0.3475724670598994	0.18253488977119475	0.12988683931933687	0.3466991830300872	0.11223622694758556	0.21379640378203202	0.4266208362424049
BS_6HXD39AM	0.4066355481705315	0.2664708781581772	0.34928218712331993	0.372062508502955	0.2880929349869958	0.4339264075922531	0.3538075113221454	0.21900057133854078	0.2998756249841613	0.3707243001334231	0.5501368128957312	0.5909778721323088	0.288429736359991	0.45345746281918037	0.27818356606963246	0.3245930039525945	0.2960687136569397	0.31499513128293655	0.42258023830247593	0.29662327776709335	0.19963727583145302	0.3572636836247874	0.19393043141415853	0.2947249578323148	0.4657283220702081
BS_6VF6VPCG	0.4858926887200434	-0.010438623899671385	0.16649831631603798	0.25329531440724035	0.1611988488147113	0.22948841629187913	0.1400803826713964	0.1362603817660868	0.2141604528576495	0.2106907673725823	0.5492978438684654	0.5840752057500259	0.1242814825304647	0.3269675349818816	0.17700189847321726	0.2701338299226174	0.2884594850612455	0.3291414481519447	0.2815164680467193	0.09663257962370364	0.08433823371457799	0.2949727992879266	-0.10283331228459155	0.3416021106499878	0.35841425130085064
BS_7H4RFCW9	0.39952302616297897	0.1630554473183147	0.32638459852755913	0.36649874549589295	0.2673422397912765	0.36216090823599195	0.27829205196078455	0.17104195890194138	0.3039091870415036	0.2990635745157496	0.5739893277079708	0.600538448805626	0.24049201668474968	0.37075524388611547	0.20859340446034694	0.2822170378692577	0.2555542458535249	0.4070075110189225	0.3736954227251234	0.2528055662381406	0.11696266917760274	0.3881808196272032	0.13341601191583538	0.3245900406686103	0.43681015065956097
BS_9P9MB8X8	0.3983922198356459	0.03896538708362305	0.13386035911734953	0.23742182359389213	0.1679074008963122	0.21330677313886764	0.16353192640262235	0.11411825725677803	0.18850682661893856	0.19991273418806318	0.5550598607667928	0.578624274822447	0.015422988558038184	0.23221289516044621	0.17252251782296657	0.1945358626804653	0.21158765771623797	0.3521529483050104	0.26578695875045055	0.1492211879536343	0.024351371245237934	0.28722685772988654	-0.04700781631003008	0.3075703200053122	0.34191340757435823
BS_B0SVFK4P	0.4004461407096363	0.08372411355304374	0.397078794922497	0.36672139680419286	0.22317244138495734	0.29721612916198237	0.22708901580893592	0.20995802073333542	0.23687769666007186	0.294048138286803	0.5625153995544652	0.5967440812806156	0.27764257504486656	0.398309255635238	0.15276940620871124	0.2881996816255878	0.2876138198163358	0.3912782896101401	0.36291318669966555	0.1571056026153128	0.16608298845315053	0.37939020657174183	-0.029922406366306272	0.1909667233708566	0.41676681698977364
BS_B3M5SGPA	0.403499516982284	-0.035706947169584	0.022288803514454326	0.15125880152775667	0.10503075004692755	0.18637758476220576	0.10702466942686313	0.15881505606838447	0.23881858080812413	0.1337929895162901	0.559331950063625	0.5300181068531956	-0.02702409884479778	0.1814507802661591	-0.012454962290769183	0.179174571368285	0.24416734626955208	0.3009692427787368	0.24309060973096946	0.07002956918143038	0.07703051158321786	0.28435227808635116	-0.19439241100099888	0.27972843591468655	0.32738550934084587
BS_B5JM6T8K	0.4263614505881251	0.031069715213796888	0.1554190362662473	0.28236130858728803	0.15853890926822845	0.22478698434472663	0.1549544150434048	0.24045667851602348	0.20250617435402174	0.2463427303870535	0.5470766061874042	0.5804375049064223	0.18362257060704118	0.34117380448212425	0.1856640757924655	0.13879249727567278	0.14604471019497833	0.35217489464331636	0.286462818444132	0.05022834290772589	-0.10923581574198257	0.2937761112164205	-0.13139287093234672	0.30155711450660605	0.35739601462575527
BS_BNECCX4D	0.4375036342268554	0.06427158554650864	0.1297903545346881	0.2887957118100786	0.24059316736854797	0.30998860079513835	0.21652313006038718	0.22314643044512164	0.19133616020890923	0.26051906550275034	0.5525322268199653	0.5861892418905509	0.1905967988984201	0.33966106476500235	0.2515886747627213	0.2068598023702115	0.22606643813408114	0.42024665087701335	0.32976316801528877	0.12559393948683542	0.13629805744784892	0.2912036369840525	0.128033515992258	0.3750162874975945	0.3908094551553721
BS_CMDJJQ7K	0.44384377202094105	0.07274984486746257	0.21905138641234764	0.3157691853287207	0.1862565124887261	0.3483407406679423	0.21942889044971087	0.12885268001344913	0.19725696947214755	0.2583957347891191	0.5487716582966419	0.5733750072598464	0.10845936235846661	0.26791783245657647	0.2608136838055502	0.11224272818706765	0.1683132022144546	0.406522405878533	0.35267606461001016	0.14728145970977402	0.056725522695957584	0.3288853716735084	0.0515298233219156	0.3480900038309259	0.4028683596794428
BS_CVGFNCBJ	0.37952834111063966	-0.11809957081897916	0.10090960513606222	0.14679610586861933	0.1074645575010508	0.03454426424940674	-0.03620760700000867	0.10826193469437195	0.20170421126054988	0.1202972383852487	0.5186243148625594	0.5340508251846535	-0.05375239011370139	0.2125211758606512	0.0020925656683060618	0.16633060257545043	0.18192805247611998	0.31873905155749854	0.15683799376253035	0.08054492073954121	-0.0540408063155592	0.24127463772501867	-0.09916264876785959	0.19006541716159386	0.28596502336272195
BS_DEHJF4C7	0.3955703182930552	0.07484434304659122	0.23769199655891943	0.29328370144492844	0.18661076439968008	0.2522193406780109	0.19812325501907088	0.19234776510211588	0.3206475863267295	0.2506906758269523	0.5417299873847198	0.5748921982479828	0.09370707348466471	0.2802694161294859	0.15351779442384994	0.23506228449417332	0.31190620528645996	0.36460944662906997	0.31993841584068455	0.17424723105511902	0.09983396955160151	0.34591172438632484	0.11955850374581707	0.3483134824042336	0.39529480366538144
BS_E3EJHXQV	0.38018857120040506	0.11221125669080449	0.20571602647793638	0.3373743769373757	0.23695849156721194	0.33866316813412367	0.2832017249684528	0.09986269620711054	0.2660438171705558	0.25770951672272985	0.5413929533412727	0.5856970048011894	0.2050572981052165	0.2822608273771325	0.2455472197965883	0.1971375654602108	0.2604250129696688	0.29955146504652524	0.37146876962400305	0.2203163426991414	0.09341234754724129	0.3741908877220328	0.13926398679083077	0.3054114562840616	0.43450157315756777
BS_EXGBH3TD	0.3858351771770366	-0.03622721969404613	0.05273611372109246	0.21871775116222128	0.1662780607281853	0.17128935191726427	0.11587309576317424	0.132393465082517	0.17532084349250257	0.12620367393682896	0.5559096158502395	0.581519471098359	-0.03747485778449305	0.20125647133002375	0.11277029095823574	0.21804173751411082	0.16864258800166712	0.36741588268002995	0.24837605273894714	0.10244197709619521	-0.026051270593307762	0.29560188300537144	-0.10084523042393301	0.16918767413838856	0.32505882810736203
BS_EYSS0ZDS	0.39886171412330496	-0.07511190889371264	0.055354307799713974	0.2369037797174175	0.15535290691067333	0.10511447091613162	0.113391763065377	0.14382602122015672	0.21616614182934044	0.16589993420362464	0.5541451142929656	0.5774514630360044	0.036775508708000566	0.24643317359444972	0.061283400300103395	0.1831725867015751	0.22866850083161785	0.23669740949053464	0.23838918873507642	0.08881952044044229	-0.04785639606788172	0.2770324139878333	-0.3994615511943739	0.2474446193536139	0.32836089359221005
BS_FAQQ0GCQ	0.416499814247495	0.17867181333841362	0.17986299947024767	0.2943152792713503	0.23224125183481345	0.3593001450282763	0.29839203523477026	0.13868614713528615	0.25376007980160864	0.281692689594505	0.5549699783959737	0.5961219480927256	0.20593020073144416	0.36121821098764156	0.23376140175585336	0.2940173260783488	0.19071932211305365	0.3761192079690819	0.3614502546648863	0.2390212577439316	0.08605042116716667	0.30568098511837416	0.004807857253030336	0.24892028309410938	0.42756848053252
BS_FJZPQZ2C	0.3916263014198748	-0.006609701709167922	0.35937353501311964	0.30718591298082154	0.2420989575851198	0.27931797919200496	0.1868900312488903	0.2245184049178242	0.2890163087807885	0.21172197830094913	0.5497828355594062	0.5769827178323073	0.2251121472378853	0.30398449538181427	0.14187865255969434	0.293243186288402	0.2963697805288692	0.42828352147435095	0.3399305694190641	0.13656298332724023	0.1558582948471809	0.3619524864618578	0.19293437588872211	0.30720129341949964	0.39570885661543387
BS_FX4WKR2R	0.39246535342792616	0.06306125033911662	-0.07042352351170426	0.11205015920461532	-0.06346670506087021	0.14251859525136487	-0.08367561094391282	0.11144114344446338	0.1732946948660655	0.2730094390781786	0.4903815901433665	0.5100014491643992	-0.10627777896456668	0.197952167446859	0.10473434816338331	0.051979462223428634	0.03668706172149021	0.14631428361163082	0.1887018948733049	0.10943330159266904	-0.23264761237562012	0.22309478629100557	-0.34553618437478373	0.1339816233065436	0.26200651610604014
BS_GPEGRCCT	0.47822199799517445	0.09158087783401819	0.08030635320618572	0.2671081463842087	0.18258857551356097	0.294929116074596	0.25201287924127275	0.15329024387776674	0.20506499946929027	0.2376572442448279	0.5586746391730568	0.5857105983939533	-0.021736105274865723	0.2515424774888763	0.2086221682780674	0.211324585361188	0.19828530913480627	0.30870161340052205	0.32076193518958046	0.16522988808652964	0.0991580415888778	0.313564079859983	-0.11196845631252735	0.30533238809465874	0.38783198929273
BS_GTZCFGRZ	0.36683627516673917	-0.00023991488560883915	0.10135507636825095	0.20075588100579622	0.14516222801588144	0.16735093805920018	0.10668106409027261	0.18605509525225858	0.19907933451344578	0.17073853487608856	0.5560354307043394	0.5712369765769614	0.0065710135050794476	0.2158907385497711	0.11652748765742478	0.26778422099020616	0.17059382429943212	0.31419944472911066	0.24092514464571396	0.11506721544872174	0.0796217106105258	0.26917122846705727	-0.05030112880956675	0.19129457284595033	0.331020502187981
BS_J9M83K8T	0.41746322753414494	0.1356532062615353	0.2537927818432551	0.3206689305886628	0.22108994446689237	0.3238608648355823	0.2791053881793815	0.19649829447130537	0.24190088466040588	0.24844660999450235	0.5526072019521436	0.5860320937675879	0.19798290042501146	0.24992921718590402	0.014217708809115083	0.19683553817032626	0.17090518433385016	0.28969381757175505	0.3460260065990041	0.19483244467633448	0.020512858810927147	0.3290257205537296	0.023543583535419643	0.330224814729054	0.40712564903783705
BS_JH29M4KG	0.40302143384477473	0.035905108269935315	0.23106914933786965	0.2810633542147578	0.19703868755711437	0.27810054104240556	0.2217053176068083	0.08181238584626889	0.2658357442898827	0.2124226547473913	0.5714818994451761	0.5926220034041365	0.16045455529311323	0.3175132541363795	0.16751767983523097	0.2171170152376272	0.22299086058341258	0.3467503071476655	0.3335054409699409	0.1651968702221937	0.0006969665104928315	0.32425041391681325	-0.06668937192909898	0.3369827309362639	0.38538833154105095
BS_K57A4A9D	0.4262893255974073	0.01462153073565358	0.20705469898842785	0.24819005658021262	0.0898982828545885	0.17849144975491893	0.1228676708966641	0.17428340712620158	0.23305446528067558	0.20660658637566498	0.502506793590255	0.5051814721269704	0.0012785760250072467	0.17019702071462706	0.10711616707012285	0.1753842140131501	0.14109874145546236	0.2182526579675558	0.2275800760607498	0.1293875274318704	-0.008218789056855927	0.21566178338240055	-0.007054359923419758	0.2701409982907679	0.31860874450964033
BS_Q6VH5GJ8	0.42917606237820904	0.150233368088344	0.17459561970329257	0.17238743512610477	0.2028751726532865	0.2509381352868471	0.1745811388471006	0.131597973205881	0.24973987111762014	0.2649746182690665	0.5260175429391044	0.5486680247026828	0.060737180224328925	0.2125778919368252	0.025284067024702987	0.08099708469026308	0.3011591890416996	0.22412062829430096	0.2759655263075484	0.24805001120345105	0.06569426066551823	0.27979204545865566	-0.3707633682095368	0.2746105607399743	0.3425622699570679
BS_SQX5E15Z	0.4213168623602394	0.1215403680136751	0.3881008445548287	0.3237048590868988	0.21439715151064342	0.3175896376719253	0.2356531463295491	0.12586753032498288	0.27419699156720545	0.2366089363209292	0.5633039952590397	0.5937990081472807	0.17778308693952147	0.28161706073333004	0.21381210360307124	0.26928174440791564	0.19272837404193088	0.35653503858198055	0.3629820518522385	0.21599881201631604	0.09676991897113663	0.3604381027058991	0.07603576847290759	0.27597367483479296	0.4119838045575223
BS_SW8C9Y5Y	0.4484733992093647	0.08249708221325255	0.1759637473183796	0.2859517198376263	0.26373755765345414	0.3235978812381266	0.26623699411209	0.2919270346958354	0.3273063832667342	0.30100842172209363	0.5437628828926669	0.5793856733513365	0.20885427993426559	0.35731271570980655	0.17373892044614472	0.20112166108172128	0.172983033203928	0.35467755330246054	0.3622106575100609	0.07935523550569148	-0.021369470309199674	0.3263618958666554	0.1765720959112059	0.19903751065166556	0.42794145855627885
BS_VMMJYN8Z	0.3871591106348588	-0.07884046411222276	0.054046339731709865	0.15956029974189934	0.11171666054564597	0.13587346292500638	0.024459107055230335	0.08821996225501133	0.18686795250457594	0.14345645281804978	0.5105672508169158	0.5312555760465526	0.00806539799705165	0.182170400291416	0.04621283253658374	0.21465653180923983	0.1897786929632966	0.26589004569427216	0.2040618156803923	0.10583929991291387	-0.007125982926535437	0.25859660851299876	-0.049624543434692726	0.20674231855041583	0.2836045090483592
BS_VTYNWK05	0.3870934000017886	0.15576452814603636	0.2338025480979049	0.31539275803363587	0.2662569817395691	0.33038856173938386	0.300851673814528	0.16077646906397014	0.261547786012392	0.29377745193135396	0.5455352031265538	0.5836002064216341	0.12406629654713448	0.2742955011204181	0.208914893563895	0.254138096315964	0.20703956315033992	0.39760834706258413	0.37441155671162357	0.21251314604433022	-0.03464449759057038	0.33030914195568806	0.06666118561335019	0.29326716089881005	0.39932279823811706
BS_VZWXGYT2	0.4779306221919751	0.0848267423131731	0.11664467183967746	0.2625107107674542	0.24248587325118334	0.3106041144859646	0.22350624171720468	0.011487968546606398	0.2555998111430838	0.2116618041453994	0.5682874921844914	0.5860662678292229	0.14670939080391165	0.2483461102212245	0.27856397714721054	0.023812106843194028	0.2503073541111663	0.33354319975343044	0.31535146026441396	0.155143229659981	0.08525446250129327	0.3082268051437882	0.013919957753493037	0.41061300613748364	0.40346964144112996
BS_WRQHPSXQ	0.45602534529472044	-0.06311445497898444	-0.10821156948655253	0.21939497074830594	0.07733413572946218	0.03109487171915139	-0.07698660276847737	0.16903828557073974	0.2521520112594931	0.15268343563162848	0.5337044325018155	0.511272324916328	-0.26350871501281603	0.21611194854872542	0.003081659341249186	0.1394831897620175	0.1835168235866098	0.2038798895985881	0.06245614923922969	0.09270695061790286	-0.1044491430170027	0.2796366599457202	-0.26604961746806677	0.40189360309347727	0.26910868720356523
BS_X2EDW2ZB	0.3693166869918457	0.1296511563789353	0.07765453459657759	0.24552645672426676	0.011667888119313623	0.3060501027771523	0.2076388087585796	0.19951630243523524	0.25439517183177957	0.2917171641416141	0.5467270832722145	0.5216884775489604	-0.00966989187040903	0.20604410411966337	0.13903801895178272	0.15825806435089185	0.21537340611349046	0.23396382650413683	0.22051485560916653	0.14856656953829547	-0.17462281446146505	0.25070733715907084	-0.3781444855517722	0.26081641113602994	0.34287986928459774
BS_Y274AC0H	0.34556700314071065	0.06847024852816204	0.057042870856218	0.2853822429304746	0.219589982884818	0.28453889346621813	0.20971364008194357	0.12121388890763428	0.30979828819047434	0.28571525346833765	0.5298372914792285	0.5672733568126495	0.0056977813819037385	0.21747809733121257	0.13506539502950185	0.19489321174524774	0.2766279885352242	0.4288804056274611	0.3205286845628862	0.11937316331059136	0.13577898886084624	0.34897306843878517	0.1787157687092818	0.34040165589572513	0.3819352088798836
BS_Y7H24JZG	0.46072520043042503	0.18201311526392486	0.24206261194703646	0.32197633998266073	0.2519644632282008	0.37115588065111393	0.275882002763806	0.20053169559838246	0.34443637696960144	0.33123311628426244	0.5563210285672688	0.5808879275416522	0.12322115124174324	0.3420173865383144	0.15132073719221087	0.13759668405191935	0.2548787788075768	0.4011431536663303	0.36396181375200404	0.21161047608769287	0.05731708058702091	0.35216646462731666	0.22069404829646233	0.4194772736523487	0.4223635584279714
BS_YCREDZTJ	0.44660824181941833	0.00044643121091523315	0.22761984455158488	0.27116783176922443	0.1722846593997414	0.2557761957216532	0.1403589128948075	0.16975975966633344	0.24455838577449943	0.20192803756717603	0.5615435462090573	0.5351961685354629	-0.004216458828609818	0.19357977375028268	0.15325415644606244	0.27626119327673315	0.1353884656466088	0.3771950601373773	0.29899894562346735	0.0981355113738785	-0.0446109814595979	0.30713815745793943	-0.014186161898657275	0.2826449958233156	0.37053946124847065
BS_YWJKHMXV	0.36346130732537013	0.1502650184557662	0.18614487629780418	0.30723853005708707	0.21451907502493586	0.29935047385223196	0.2677630916200944	0.15830258961031174	0.28768385446342576	0.25479179426046833	0.5677252539490368	0.5745922197419847	0.09571226495806681	0.24566683418881996	0.24707509381858941	0.25189950217735996	0.2809746453743419	0.2864983736799266	0.3225160918817078	0.1845449790517683	0.08300866807370033	0.2372152079751784	0.0152409966703308	0.31119426874252665	0.3989040309509411
BS_ZHRGDRBW	0.42533909778152806	0.006720228085890368	0.025080032914287776	0.245717748276671	0.2140035895651689	0.20185597108041575	0.10402734225479401	0.21231198526500142	0.22997333813644505	0.21492298247820563	0.5152448512021528	0.5539318986729426	0.06091761773685995	0.22289196090968105	0.12353765139481415	0.1861729379183983	0.23392706966285753	0.22958645352264395	0.25256260460231167	0.08997522109422455	0.04756295149736032	0.2957346285587554	-0.3760888378135741	0.2591264642901374	0.3351923794394401
BS_ZJY7Y34M	0.4296870095006866	0.017407299724588994	0.12440666055190501	0.24850911167209971	0.20712229460436915	0.13707185290723115	0.12424994092185249	0.2163247833611503	0.23687704671285445	0.23037613270506827	0.5252250221080189	0.5385666785954286	-0.036358877956649084	0.19703038709239287	0.09501342277061767	0.2989672312145925	0.21089104359686014	0.2640806100524526	0.236354694720021	0.06146612411099137	0.05950720695278102	0.22886469468431084	-0.20636425014277923	0.26262688810691465	0.3336495480998445
BS_ZN2P8BKH	0.3708853413803632	0.20811538761383963	0.4289844986001227	0.36777087818220133	0.30938041543895123	0.41455847706850885	0.3726006626145755	0.3131174028052941	0.22845282203620723	0.3585928159172473	0.5572106357742685	0.5898973692478051	0.38037021819752476	0.3939182103257977	0.25847797972522546	0.3604388049317435	0.1963107108649089	0.34149619899640615	0.45943716921572714	0.264778174334148	0.11081669510815342	0.35361786315197946	0.31087865197829173	0.3101755797426794	0.4639258954345327
BS_ZVX2GRD6	0.37564072639077956	-0.04611891397393632	0.02298305641421987	0.1775665590692394	0.09280596236722236	0.14075319383590312	0.012275553859937689	0.21880024093842274	0.19943881984321604	0.18483961506888738	0.5442182156117329	0.5643200165900392	-0.05506675409356044	0.2550470465068835	0.07317027105312197	0.27575651593342715	0.14579800142804986	0.30891281302445167	0.18157084565399986	0.061486576407012786	-0.0394240686665326	0.2693864322182083	-0.03778020636323999	0.3665729401210745	0.29105246962373893
