Kids_First_Biospecimen_ID	Antigen_presentation_HLA_I	Antigen_presentation_HLA_II	CCR2_chemokine_axis	CSF1R_TAM_axis	Exhaustion_core	Hypoxia_HIF_targets	MDSC_granulocytic	MDSC_monocytic	Senescence_T_cell	Suppressive_cytokine_axis	TCM_Naive_loss	Treg_signature	HLA_I_minus_II
BS_00FD2KMP	0.6037176776289901	0.5621059985489183	-0.020928087678051863	0.23043676636567412	0.276677889671079	0.6237209389480551	0.2643798758634693	0.34891892641711625	0.3569263989489894	0.36316978171484937	0.2198123608320672	0.25131051694668	0.041611679080071795
BS_028YFYJ6	0.6042138646809505	0.7082412436086712	0.0029037111498045557	0.2906283934099784	0.3036859731496327	0.6776100389489003	0.41505527717934976	0.5179497956069409	0.3804999278921636	0.41252669025448785	0.2909810987743925	0.2236902932129601	-0.10402737892772074
BS_052PZFMK	0.6452569060177462	0.5640154610086001	-0.05243470499340731	0.16815516399026154	0.2533157609444537	0.6626402810923785	0.13707389836338024	0.3884042692880514	0.38796887641392225	0.370494996475529	0.25913327576011547	0.24990289111856268	0.0812414450091461
BS_056Q8577	0.6521931559976026	0.5931562614168996	0.33061123574263823	0.12192867227063814	0.3243783556309926	0.583350368289619	0.1273053564302609	0.4609612114122171	0.47691369975246073	0.47468116087131446	0.37199709115298	0.4162457236781345	0.05903689458070305
BS_08ST21QE	0.6432491779220886	0.7190519982523943	0.3301051156136023	0.4533076417399679	0.2335266703573829	0.6209385384899662	0.3033855665799793	0.4235681646436262	0.3210896041987059	0.419694141840585	0.3597652739455287	0.1241798667241128	-0.07580282033030572
BS_0C7VZC0A	0.6531470036602668	0.6980204812783837	0.11838156695173001	0.3786655451883702	0.2612176756349442	0.655300763837348	0.28113195311953637	0.4491406572258862	0.4444108118268477	0.4096390812796909	0.2784225849574667	0.3193356454125984	-0.044873477618116886
BS_0S8E7590	0.6763169050908691	0.6949036472821917	0.31176578720104975	0.42803762513207066	0.3770801793382249	0.6952791452442706	0.505252093868868	0.5641009126371966	0.5193292495615082	0.5437647832386578	0.4652447179820008	0.43315624332430125	-0.018586742191322614
BS_0VXZCRJS	0.6545692691476798	0.690080703158671	0.17499848980942093	0.2694465030999631	0.2518987608624774	0.6281461321427624	0.2968668737916322	0.46541830119179944	0.4486869542092005	0.40559708355428065	0.2717124402551271	0.290317382010148	-0.035511434010991216
BS_0XEBS3PG	0.5747086438266071	0.4609067613567452	0.33288560373096676	0.34888404915223425	0.18832851059120403	0.6258392491315149	0.10341051174737984	0.34537765011911803	0.3651744333449475	0.3117639911506366	0.20407409936732873	0.14701490113534338	0.11380188246986195
BS_0ZA67BBC	0.6083798550798378	0.536547907979234	0.2644471998981235	0.3201866762664818	0.271526488101888	0.615623756939996	0.3693563915037027	0.4545689269407982	0.3797151631885785	0.3601819513435005	0.24323599281802638	0.2018274900145499	0.07183194710060381
BS_12G04QJM	0.6512529871604351	0.5763378572617381	0.0020747707230378562	0.17094993691291077	0.08872786643964385	0.6592449371088848	-0.05972085044808803	0.27577136641962635	0.2790075052907398	0.3180331171659144	0.1551916462471485	0.18473554459676803	0.07491512989869697
BS_17ZSMXFH	0.6611240202068496	0.4858706470203403	0.14538299168983085	0.06043658351255347	0.11231808371702959	0.5998648140433291	0.28339841743515415	0.4152713014862594	0.3490043658973966	0.39594537448105954	0.35945568992106813	0.23860845024130684	0.1752533731865093
BS_1A6MQ9ZA	0.657649319215164	0.652430530420582	0.2555667311098334	0.3223489902742741	0.10942244975824332	0.7133569867815891	0.42646056964247625	0.5260979421059311	0.37887795006233765	0.40891750912940394	0.2162884456509827	0.2735180281436966	0.005218788794582041
BS_1D93Z575	0.6625761465876597	0.6796622554648258	0.18765702009419605	0.2577710157789207	0.13821209575103802	0.6454143368542345	0.40458059598195806	0.4905488698261157	0.4125146224105116	0.35500205431590925	0.3425287472142738	0.19701123078475433	-0.017086108877166106
BS_1EN5V3XW	0.6670899109111837	0.6479600751132162	0.1127529802681819	0.25954336086822216	0.3086776356309864	0.5671626858900525	0.0067044212928925465	0.2656201864734033	0.3208892109203034	0.33688531322562265	0.23608371220051302	0.22723761805766535	0.019129835797967565
BS_223BM91B	0.6443185624984514	0.7312773601170475	0.4362008655311934	0.41383954455984123	0.34950499225543974	0.694965747582107	0.3818959162369058	0.5802560805982814	0.42735410503610305	0.5189324667839023	0.33072344427840933	0.36286879306377606	-0.08695879761859604
BS_25HNKZ79	0.6570767975835792	0.7117792446656257	0.3965613409918102	0.34384069422661895	0.33575097191438397	0.6447117377305157	0.45825059491324416	0.5716928935213329	0.47694729417463644	0.4981166388703539	0.35596427416347814	0.3921220642391013	-0.054702447082046524
BS_2853394H	0.6239933103736182	0.5208479160384776	-0.011996006306718167	0.18546387109304882	0.13213841458513467	0.6174496661561992	0.28887044037596127	0.3087731328346761	0.35932491690361684	0.25490596460035936	0.04957513712587067	0.2400129289508867	0.10314539433514058
BS_297H8BT4	0.6453144729430971	0.6745070290523767	0.346012226359674	0.3738278331379442	0.01004776541825648	0.7013770535464038	0.24877211502119959	0.4853586728189683	0.2993701432604691	0.456984694580292	0.32824046244413724	0.2996164175702467	-0.02919255610927962
BS_29X4ZX6Q	0.6425755212353448	0.5917189508073027	0.18676245262638086	0.2973911118726952	0.21237537808244944	0.6509258789176795	0.11181884370922289	0.38829326360999905	0.4327179477802065	0.36317574873812297	0.26428744239827207	0.31780537326374314	0.050856570428042036
BS_2A5R9MEJ	0.6345740570363474	0.6414461583918232	0.1514966437244931	0.2036236170170053	0.1858556590270594	0.5919729131738106	0.21866102732235757	0.35253115646369565	0.45017446593543065	0.30263771924687993	0.26361240648720097	0.21026560775482916	-0.006872101355475779
BS_2ARXK0TD	0.6633061393538661	0.6661763880350065	0.4054192761607495	0.36250735664804745	0.39341598656769444	0.7021634885800175	0.4874480696873366	0.5588244607820536	0.5085164881081545	0.4937184731030899	0.42736345826126965	0.403974699425963	-0.002870248681140386
BS_2AV1H5TV	0.5821538386240286	0.658501910943752	0.024583027854636588	0.25415666521308294	0.05690061003444754	0.6615188900318616	0.2952368050224687	0.39819151811987036	0.45217748945200054	0.2903345902373357	-0.06575109564883758	0.06334250562587886	-0.0763480723197234
BS_2DMBCHNF	0.6942352998671542	0.6969104131541985	0.5264982310194748	0.4930502454751579	0.3401934232887773	0.7192598296154845	0.30905547776993003	0.5101245924558616	0.4233539022438601	0.5252487625866303	0.405559273354911	0.39562750724428924	-0.002675113287044395
BS_2EN3X6HB	0.6568240547887602	0.7086483717963047	0.24262007283871012	0.2812020338586913	0.24996635296486583	0.6137105954310159	0.3647043245310581	0.484635136266368	0.4594429079875425	0.4330997129101946	0.3002799069752409	0.29909780609789755	-0.05182431700754453
BS_2FEZWH1F	0.6777246520470159	0.7345704354165334	0.4526472928074543	0.437033264261531	0.3429167657477502	0.7369849565236565	0.4275026130071882	0.5501687361321933	0.4971534009606258	0.5242178342309198	0.39332103051933615	0.34729138357720085	-0.05684578336951751
BS_2HNXVFAS	0.671342302267564	0.6524011194667568	0.22153157928705478	0.31123941456224774	0.24653908241371034	0.6252550861267383	0.2597099190425827	0.42590684761349396	0.4513596538779337	0.4178114489632617	0.3245444634266227	0.34988004536382367	0.018941182800807144
BS_2JH1QMT1	0.6667474093828639	0.6637364091198819	0.1001316620493285	0.3321628941908149	0.2957523306218099	0.616331508408757	0.1394654332816894	0.3474235056933746	0.2946949037678497	0.4035493202405376	0.26592250241016663	0.2477127827989588	0.0030110002629820665
BS_2JP7RBMB	0.5938920348782777	0.6274383727567241	0.23391655474809006	0.2695299414412124	0.29439839779123433	0.6587518956591879	0.37649743315307416	0.4807218072378456	0.4462705717849479	0.3749193384081001	0.30731032197420816	0.300995836444181	-0.03354633787844641
BS_2K01T8K6	0.6829453159322323	0.6132019554933189	0.2904702242029226	0.34853621206228325	0.367410387751601	0.6935985563893784	0.4635733969851228	0.5480663761568185	0.5094692130858539	0.48689448255148654	0.4293105352090954	0.4117190934555929	0.06974336043891338
BS_2PDS3MSS	0.6629155309041609	0.7166336058592448	0.2440375601577982	0.36206672112921023	0.3141882415015159	0.6655591360897436	0.3955641711427777	0.5290400462822606	0.4666976464938952	0.4493329110775799	0.2692164086871555	0.3416143909341851	-0.05371807495508396
BS_2T5PJAW8	0.6167392344943191	0.6717980186720615	0.19736001657743454	0.2911223246862376	0.1666953870999612	0.6162461909284067	0.4138742857596533	0.50066309672723	0.4282002141144418	0.42731426830407415	0.22921474455156796	0.19104470303359397	-0.05505878417774235
BS_2WANPFBJ	0.6587633772129174	0.717173277623995	0.2706768987000075	0.3976813062460389	0.2512302591938144	0.724376442812707	0.26118160599147333	0.47825146790536416	0.39550567929251823	0.4846649687258514	0.3341392977911062	0.34223883716348485	-0.05840990041107752
BS_30F3Z9FS	0.6660401260593916	0.667032848350162	0.3327119287466488	0.2522880571812094	0.3000367104245652	0.6110619862096662	0.16471349143725234	0.40761977675384004	0.4995410168549378	0.42763557640932465	0.26979451935071624	0.37561387862440077	-0.0009927222907704092
BS_30VC3R2Q	0.6392638388121171	0.6209982989407069	0.07473726344748982	0.25772881952501	0.20334484830835167	0.7009624454204736	0.38119303179373804	0.49951773188365456	0.4748486846092834	0.40340176355226454	0.29145969349604384	0.28999896811470344	0.01826553987141022
BS_30YWQ3FY	0.5823464647239706	0.6258445539209696	0.23520703435249923	0.10648720124861429	0.2658157960238491	0.6928313816742393	0.5152773067111981	0.5052163426582534	0.5076185439145124	0.3938142349410626	0.4280070355707449	0.3031764114032875	-0.043498089196999046
BS_31MBRWC4	0.6481879397625935	0.6504165319431058	0.31755947042197497	0.3273378784600061	0.3776617915745674	0.656863154491054	0.4056272640761018	0.48385014399671344	0.50807879065059	0.47721970605212316	0.4139027414116815	0.44811799051563905	-0.002228592180512301
BS_333KCNDP	0.6817471910184412	0.7144624109192204	0.4966623170819259	0.4822319314150206	0.40230162868248714	0.7036186482520019	0.48765170884522174	0.5932825885116664	0.5062805675616604	0.5224305635454545	0.48789947646104015	0.4589721672904972	-0.03271521990077919
BS_399RPKC9	0.6572837528440763	0.6025764951140998	0.29638992365043754	0.33580700237882805	0.2222924424325598	0.6851530439248104	0.2924382253262111	0.48820231731886976	0.3920436983740358	0.3725265240361442	0.26976420757347463	0.23927852419907417	0.05470725772997642
BS_3AC3SRWH	0.532231657080607	0.564279244569144	-0.023063186380108198	0.19161106231439193	0.25158246360323705	0.608114449410814	0.17677255821939641	0.3610944169280754	0.2367250676150167	0.3312839216022335	0.012475336423925742	0.2622604746249667	-0.03204758748853698
BS_3MS8WVNR	0.6345163342439295	0.5648982844328564	0.21391872426656577	0.3061955794120076	0.18874413824094208	0.591095249878964	-0.04578445139779092	0.27936236124265057	0.42874237894933687	0.397112364958495	0.20415490168331457	0.2750761805920147	0.06961804981107311
BS_3ZPJAK9A	0.6458675806771081	0.5600839404049823	0.010703419882022072	0.25282193127112673	0.028052772919579572	0.5898340759189672	0.3357074419618213	0.34321202971793924	0.30644198904522274	0.28924008943660007	0.3605234634117303	0.056383131403164644	0.08578364027212582
BS_45J79YTF	0.5645093723854046	0.5481096090848551	-0.012022298770166827	0.1962621604569471	0.15068425127360194	0.5748676963412621	0.014686435922730895	0.3173796078419203	0.3998578961370458	0.3714221375843056	0.19409081737315775	0.2411548567131532	0.016399763300549486
BS_49BQS7Z6	0.6511058651786229	0.6849802246327739	0.13425116724067934	0.2837145896643344	0.2975071918686106	0.6122509068780799	0.2603671532419136	0.4257171981533336	0.4387287297138599	0.38205309876227433	0.24976747598014787	0.3061183639837115	-0.03387435945415096
BS_49CJNZ06	0.6110204689041365	0.5521371720466349	0.1967396854412034	0.2935180292021324	0.25456312501079714	0.7373743106433917	0.26530029999247456	0.4877967653470675	0.41299616643915843	0.41959878367808506	0.2301108124154222	0.2647898225039854	0.0588832968575016
BS_4B0BAVTX	0.6623802659235769	0.6938541471675096	0.2686169119701614	0.2954383025187567	0.2552132073130239	0.6227559685526303	0.3768235121597678	0.5098363226138388	0.4441565856537063	0.44381957145373674	0.3453809698559911	0.3201017831059366	-0.03147388124393269
BS_4BM3F6XJ	0.6325989900169783	0.6385131699142843	0.270299691386043	0.3524913367755388	0.2854967365809161	0.701352799912354	0.1657626931764491	0.4593861784024526	0.4673664854574568	0.48131957359412286	0.27909893934286933	0.2894769017697989	-0.005914179897306027
BS_4C6B11E4	0.6875317280788955	0.6503367585032092	0.3658451373481569	0.47982048510165554	0.25430240777834817	0.6880699259054923	0.4969215232405996	0.5609095653262719	0.43039171998520903	0.47659872253365343	0.3679112012477125	0.3416880814752385	0.037194969575686354
BS_4GNN7J8E	0.6895871207286681	0.7464311789861946	0.29636117233711207	0.3025782299306269	0.41098388456328316	0.6296802707560086	0.43766065418229255	0.5731026453013001	0.529907961901798	0.5440406821826406	0.4623109411664313	0.4242321436473302	-0.056844058257526475
BS_4KNBXM3C	0.6902599332132348	0.6924031984507062	0.45315250688932024	0.4124912530607915	0.31810630386898503	0.5874624205215953	0.5307142603701415	0.4990875997433894	0.3872735564727696	0.4132536491522464	0.44794803977530856	0.24710865174458202	-0.0021432652374714367
BS_4Q3KRCZT	0.6525553641249758	0.707875240154201	0.2380372846022787	0.2750433000658362	0.3514292610390538	0.7103439197458112	0.4827992090579726	0.5490583317607233	0.4957163338935945	0.5029530047274899	0.4108229172774402	0.45444831865454843	-0.05531987602922517
BS_4QW2S1Q8	0.6810713465581969	0.6774689588431878	0.22150919105174305	0.27951149582752643	0.28474701180038825	0.6095277200822306	0.4018391063682099	0.5328640975947471	0.4636197268546604	0.5139334025892505	0.33844356982918294	0.27930888335166726	0.003602387715009092
BS_4T0HQ9QF	0.6513316839265801	0.6640201980863308	0.0756472781071443	0.2598857845933733	0.226599742686865	0.6901420736729122	0.24031017970630297	0.4718757674846913	0.4309911951366551	0.3864402096215439	0.2111584585466625	0.28548225134059724	-0.012688514159750697
BS_4V42BXBT	0.6131440270776601	0.6991838763901378	0.17754081568059946	0.2957681525208319	0.27342072714627824	0.6228180448474285	0.2064726588588775	0.4424713995519869	0.48748088718958715	0.38866984523742854	0.2683126220575883	0.320143323492336	-0.08603984931247766
BS_51RA1PGE	0.6843783430863777	0.7063716595472586	0.35375485142209273	0.4273283842638003	0.15243398428607188	0.7065274619983954	0.2799856540855868	0.4795405966515139	0.4577822666992119	0.4327924919086869	0.29528805454089635	0.2592833275633836	-0.021993316460880874
BS_52C576HH	0.6745240142434333	0.6726484465090931	0.15669830944636462	0.27077179147471814	0.22394352509893978	0.6337453064798222	0.27678115869140596	0.4844138492516981	0.4071736867461674	0.41955571960026583	0.25102868945703544	0.2773663710397177	0.0018755677343402777
BS_5965SFPZ	0.6624273827567071	0.614132926244033	0.20695810449179772	0.27113418430393244	0.1920569771554639	0.609748844668841	0.20767995603115588	0.3570504926953193	0.4384353210440976	0.38412973406197976	0.23409040235203493	0.18577422548488387	0.048294456512674055
BS_5EFYPZT0	0.6567558250630855	0.5668630676716058	0.3898110943708922	0.4434800938715787	0.24102750984902974	0.6480784506637736	0.32678889146581946	0.4448505606170626	0.44147079592505656	0.3520827805090645	0.3113105209747021	0.2615606527302959	0.08989275739147973
BS_5G5BD2MD	0.667661386402591	0.7266472725478234	0.5036626313355426	0.4500300363577762	0.3836581464940555	0.6644675362900293	0.36117025420228777	0.5072168404136844	0.5024533576169884	0.49650853884219254	0.4275643461037644	0.3264699893777672	-0.05898588614523237
BS_5K95FX4C	0.6861236660413399	0.7317627853972799	0.3201780803701419	0.33511217718811737	0.4261776227024997	0.666344359408031	0.4846865123825142	0.5972730133689579	0.5157194072204433	0.48324433124035215	0.42765950433017436	0.4392266784694427	-0.045639119355940005
BS_5KBXD2GQ	0.6641073109587875	0.6766339709741224	0.38603714932766825	0.39847852184327087	0.17013437612922128	0.6171632837467791	0.3922129664994451	0.4834996933025823	0.31622148122426974	0.45905150928017024	0.2770297935798706	0.2500629571664789	-0.012526660015334867
BS_5PXZ8F7W	0.645553117597118	0.6662210553433309	-0.11646153371231584	0.23319970574797944	0.2356500516199363	0.7175291404966746	0.10462011828748935	0.4093681637167699	0.5120932717346931	0.4374778798081479	0.35094548946761334	0.24785899606781317	-0.020667937746212894
BS_5VPM0F36	0.6826454416437406	0.7393614845585962	0.40809894816806885	0.4709678304427977	0.37157013832008284	0.6456454588858059	0.4581558088266243	0.5817730887260204	0.48515221657520763	0.49636170240712196	0.3897197136877898	0.36362233959058143	-0.05671604291485555
BS_62SW4CC5	0.7088314433184121	0.6940477015931587	0.5064061638114697	0.5047451489417795	0.4183261290323697	0.7072976669088544	0.414894074753155	0.5692163070160934	0.5103526984418264	0.5557761624250673	0.5008021532446895	0.445587343992392	0.01478374172525343
BS_65WPD3DA	0.602283833513976	0.5548898634670285	0.2421602553113016	0.19662632724457746	0.3725328112873003	0.5858158491131813	0.28866197747256384	0.41513020151866015	0.5184645865189719	0.4277896559568432	0.36272424709684736	0.3159571938764701	0.04739397004694745
BS_68KX6A42	0.6806704957490299	0.7147816494472076	0.3908280657449372	0.3630044873034853	0.34823443538540205	0.6185107052401002	0.253441171507396	0.5038814755180615	0.4947178083839738	0.47561251323225257	0.3458523920792164	0.33702554427151155	-0.03411115369817763
BS_6DCSD5Y6	0.6401610455812866	0.6327994107497115	-0.17817029555508426	0.20754573760721134	0.201218729710203	0.6948259932039851	0.2036722773998664	0.3674478405656173	0.40755395186750015	0.4132497774090433	0.23823877724113432	0.24078171541694868	0.007361634831575148
BS_6H4Q24WA	0.6693215420231932	0.7131846748566848	0.36344551740552483	0.25550217777500683	0.3854469814489604	0.6582687720524597	0.34245576172577175	0.5360713190212687	0.5367329462822359	0.47913255499570223	0.4186748456768781	0.41140048406872826	-0.043863132833491636
BS_6M2053M0	0.6519490013389181	0.6888748959654638	0.21834770745338214	0.29895590908797026	0.25384451300632094	0.6058732322879888	0.29027581042110706	0.4612190352759622	0.5018178781541829	0.44252868396884404	0.30314408187607617	0.24830418903699758	-0.03692589462654572
BS_6SY64H5J	0.650928115962543	0.7006334038119105	0.5234358945921461	0.4051130135139896	0.43499185822529973	0.6322806857629127	0.4408737182538638	0.5723770256048171	0.5125699407244553	0.5036564569987303	0.4808000949739182	0.4263893270174975	-0.04970528784936756
BS_6VRG1XFB	0.6192268636364163	0.6458824093263468	0.013888434806416472	0.22721729541071442	-0.011578842374853317	0.6894304397175322	0.17490740350589373	0.3847765994826298	0.29075444698983777	0.4143006454227533	0.11804161722060537	0.2724407848319521	-0.02665554568993045
BS_6WP1FHTE	0.6769929956250066	0.7280089323977774	0.2895905059619477	0.43287385131067185	0.30624279198017634	0.6047372628895457	0.29435428012756665	0.4815223476674903	0.48990138373433284	0.45417275305816945	0.33380851726277866	0.30571757646899744	-0.05101593677277083
BS_7327SDAQ	0.6325564728436657	0.6820242752525444	0.1654953139683221	0.2455379875584665	0.2193076939308293	0.6449381428798633	0.1630410012755793	0.3860302768043021	0.4491481744460764	0.4224651409028026	0.2874902821714526	0.2972660146358979	-0.049467802408878714
BS_75YRDXET	0.6701469417435706	0.7098956302043135	0.38294589850641036	0.34123398548644246	0.42902700259056353	0.6324549439472447	0.5389886239791026	0.5662659362688127	0.552659309415319	0.47716562459427697	0.4756662099250397	0.3952864384083915	-0.039748688460742865
BS_77SBTNPN	0.6582115204314161	0.6659681591963607	0.15273046870280066	0.26796981851607093	0.20887379010455379	0.6395119197045154	0.30064219500894596	0.4159170642771184	0.42612475758177937	0.3151004877219115	0.32974504013049016	0.3122629888713289	-0.00775663876494459
BS_7AEF4D4G	0.6610698384472637	0.7029470925109733	0.31223923931557396	0.37488001293670725	0.32508811840729485	0.6951662875823326	0.3594457293070477	0.5455664326784724	0.4951140641599981	0.49697156384171104	0.31012095778603105	0.27168305576880913	-0.04187725406370957
BS_7APCGCVF	0.6490295282240373	0.6419144321578322	0.29606242771839986	0.2545321985391122	0.2528222023506182	0.6205589898657098	0.35167349820572624	0.4797774333873896	0.3143859871006222	0.40095175671579847	0.2501583026293178	0.2513042647560153	0.007115096066205084
BS_7GJT4A6A	0.6528391111987107	0.629979924912085	0.20170609922603824	0.2818361588837488	0.17975454072076763	0.7227676833910893	0.21364400703078315	0.4072587230835612	0.4430716117371437	0.4097018463374295	0.24160399533313753	0.23430040229326812	0.022859186286625754
BS_7GKWKGPH	0.6948265163119786	0.7186960792394107	0.35999328424793364	0.3875109649809151	0.2589980814958672	0.6641455371422297	0.26870454235277524	0.4815983120433266	0.468903211644719	0.47750156873191124	0.3576326351269346	0.3735415788707067	-0.023869562927432142
BS_7PVJ6Q3D	0.5955687004730191	0.6208512879515531	0.03455772870122133	0.24877826501711736	0.2504412341975184	0.6246640651864015	0.24901036400154558	0.3501469185368548	0.381993147141067	0.2989388499439069	0.18780865285291914	0.17006206948783656	-0.025282587478533958
BS_7WKNNRHK	0.6566716675667748	0.5605142162637666	0.18026761068198058	0.39421987024406513	0.1876940551048005	0.7231494729803762	0.3716604418958276	0.5056188656635963	0.2899974651448606	0.43905075026195295	0.37119982739960505	0.30248627240872633	0.09615745130300812
BS_84VZX732	0.6605643988784524	0.6753363238071206	0.08269550711264771	0.27408507948904165	-0.03286261428281	0.631429750260396	0.3608796591513518	0.4990569247548131	0.3524513084116524	0.4450150245397903	0.12956607673041437	0.1380054008006919	-0.01477192492866819
BS_84XCR9GG	0.6640337845557883	0.6103095857897969	0.21047595463144994	0.34270437658090114	0.22522430228431595	0.6923727698045916	0.3350196119568221	0.5221172561705755	0.35763592823444645	0.3919444650346235	0.28709659338604565	0.2915028248860392	0.05372419876599144
BS_8E8JKP01	0.6729700401404785	0.5997179536224867	-0.05196917671885352	0.17359778609347143	0.20550401104987032	0.5790505086862959	0.054626723943377684	0.2733152110308578	0.35148574511455455	0.4315446469898772	0.07225050767038842	0.21891190821846376	0.07325208651799175
BS_8ERBDF7D	0.6493661651717574	0.6492476115107675	0.10524366902009974	0.18448976304393228	0.27492058926284574	0.6070274750875425	0.17427359763498354	0.3711832061124306	0.42863621209430075	0.35561878390479007	0.22877881711511353	0.2401040870979987	0.00011855366098989517
BS_8JK9TXH2	0.662882172180149	0.687157607919188	0.16641767970258117	0.28271020141241804	0.3295636984650884	0.7186636858340015	0.2050545460358248	0.43358749690786347	0.48726274893780924	0.4287135594374257	0.3599698038586165	0.3442333502215313	-0.02427543573903901
BS_8VD670NP	0.6232446764540719	0.5901626735782484	0.14075376423224273	0.2053338157297519	0.23941568137417626	0.6831184438161618	0.3655707718236386	0.4893661159999946	0.3988402100810381	0.3973153698434821	0.34464808735580815	0.20172534981597184	0.033082002875823524
BS_8YWYN7VH	0.6650899384828843	0.6956535349191713	0.2138814051133248	0.27660791411004587	0.3024323457706128	0.6105806062401183	0.03507250290498389	0.3767138103376536	0.5266265344786604	0.43401021557229125	0.3789119046009137	0.1812307026194059	-0.03056359643628692
BS_8ZE4Z9G5	0.7082369302183839	0.5759251352285684	0.1413601368535711	0.21767157267504178	0.35860305582382623	0.6597941242190346	0.2183789459840127	0.4227445817481386	0.34852231131546396	0.4403083440488838	0.392018984727453	0.3614439044831697	0.1323117949898155
BS_8ZY4GST0	0.5930650248765008	0.565636529810353	0.266517532713638	0.28894622558612326	0.21868336952803683	0.5934434064329646	0.29379438264150143	0.41862300382787504	0.34782953436997627	0.3975659839685319	0.23613545098410177	0.17870794489370626	0.027428495066147862
BS_91VYM11A	0.6569329478873204	0.6912858674999055	0.2229321504454312	0.3933899129875821	0.2511107176112756	0.685394192047999	0.39162256426588227	0.4660908364429949	0.4420510370566157	0.36719867445048854	0.36011770649422425	0.2666063678718294	-0.03435291961258513
BS_956G6QPJ	0.6279512913286129	0.6885750359739252	0.17800236360520555	0.2696039528890059	0.22978203520732488	0.6258323452615566	0.21341375379265842	0.4562243737520774	0.5014020884981776	0.3960624889403788	0.3306283040737505	0.3428363374077296	-0.06062374464531228
BS_97M1E2DW	0.646872446460147	0.6181710973720195	0.05284352713007829	0.26249335289179654	0.19308127055792862	0.7075908669701377	0.2934056716597211	0.4088917819333951	0.4405971262183851	0.38646378631366823	0.246398128394065	0.24519980291650045	0.028701349088127492
BS_9A1YTHFF	0.6748759766786399	0.6824619297112765	0.3344007525930555	0.33463029185768545	0.39574813886158083	0.622773051002733	0.38818013311905397	0.4906792431088091	0.5207465173331961	0.4756291662900791	0.4184694052633115	0.41836930056091565	-0.00758595303263665
BS_9B0A62MT	0.6690503625540994	0.6321037048814969	0.4268599964328401	0.3489840685269948	0.2981103680120338	0.7189875254733001	0.4795689713947337	0.48442193157010394	0.3022922175475145	0.38935545611341094	0.40634274836439394	0.23211372319832496	0.03694665767260252
BS_9CA93S6D	0.6083078215289419	0.4561852717772668	-0.0631588385944402	0.19019237680649448	0.11142042664194177	0.5910093765938836	0.1888931996581065	0.3420393693599494	0.3662795267822111	0.33448759832529706	0.07043781888064615	0.19932335779151314	0.1521225497516751
BS_9FHEFJNP	0.6658388148112915	0.6722512988157295	0.18582562515794265	0.26983168706376826	0.29485023665539656	0.5821372319514766	-0.0030765486034051684	0.29915457502438586	0.31059129933161306	0.2957709989271364	0.22128190752518037	0.21430886965209522	-0.006412484004438057
BS_9FX3YREK	0.6023405882111236	0.5381456826521273	0.2918792788128004	0.3336537203966752	0.1889834104962827	0.5818483794642908	0.35059561049704435	0.4069971922290429	0.37047678759839553	0.3689321351731932	0.2554490409645016	0.20362592960285003	0.06419490555899632
BS_9GJ3DB1H	0.6351433150469399	0.637392354907673	0.446795812734804	0.33310870090938643	0.3696375757084186	0.6552067357317751	0.4264696152433327	0.5254822166703009	0.5168462938013552	0.4609390020648254	0.4109289663456584	0.4035471843934494	-0.002249039860733104
BS_9JPQZQNG	0.6080659940823366	0.6022073469219394	0.038145350771490824	0.21537773760025491	0.3723702399242481	0.6152510111848066	0.22061181369117236	0.4103600958784386	0.3722699263166565	0.4097780011884757	0.2691569274801861	0.29596992886489204	0.00585864716039719
BS_9TXEDSWB	0.701383471604307	0.595439975098351	0.3462950856391382	0.4040369351657322	0.2387939221594702	0.5769346339472357	0.33121378653913336	0.4609503528741836	0.45285366685219675	0.4220096024459006	0.32221102712329147	0.27095551091917697	0.10594349650595603
BS_9XVACXP0	0.6320246132007405	0.5265242520413813	0.09650365235008108	0.2273549379913045	0.06590218859805994	0.6751363307194497	0.37498324533816124	0.4737541747536426	0.31117697703908453	0.3563043630027471	0.3229625796311924	0.27463990730331433	0.10550036115935923
BS_9Y1K14Q5	0.6732660037650429	0.46218190627852584	0.11028858478456735	0.2193871589234173	0.15477002922145486	0.6971435129708942	0.14546193929371654	0.3813342943143122	0.3989520866545751	0.47635118822911987	0.34882904707969664	0.20717466097808224	0.21108409748651702
BS_9ZJT0CP0	0.6586042051967275	0.6615597842516074	0.17997404873147096	0.22858180120528657	0.22095233294828356	0.710949072237497	0.34564783176665853	0.4740904414398438	0.46148648970368894	0.4292793345967454	0.29382141405267537	0.3191105963941517	-0.0029555790548799754
BS_A4PF49V0	0.629422362129046	0.623261348026073	0.010324776028812375	0.21826847749997705	0.17678442420431956	0.6565216028090146	0.1527607514456894	0.37493224630814415	0.3305718095731546	0.3514690520215512	0.19971847096120843	0.10906270806080551	0.006161014102972984
BS_A6NXR7RC	0.6621650302992822	0.6417713896653781	0.4681220980001845	0.4685635898529644	0.21181061701870896	0.6540315462234891	0.45499726639565014	0.5319427913245163	0.42711808098397347	0.445061969250807	0.2960582843643038	0.3269922058131995	0.020393640633904142
BS_A7Q8G0Y1	0.6694714187824747	0.7108627847910759	0.13683716899398707	0.30334595634353756	0.2672901695274633	0.6225199862800139	0.5172235274742499	0.5331921535157768	0.4558795067037932	0.42507761550960976	0.2703198240266957	0.23367995725309984	-0.04139136600860116
BS_A8XW5S0W	0.6409399924631981	0.6124934954770683	0.17484743321226215	0.1831600943532465	0.37104844722318087	0.6653044235462705	0.4114762250140616	0.473166628251105	0.5065232748784688	0.44006738342895807	0.4149013191672393	0.4178266366518655	0.028446496986129777
BS_AWH9757B	0.5456023723170631	0.5665547213399589	0.21876890115191355	0.31962229267940145	0.16556864583197256	0.6359382000646768	0.3143428582725319	0.44582563297201594	0.4294115618211018	0.34153750624133705	0.23621000403677553	0.2669491287097227	-0.020952349022895778
BS_AYSXRQWY	0.6496911815355556	0.6817196734559373	0.2975331078727371	0.40380356607025614	0.356966764947974	0.7154632639692815	0.3980302268115886	0.49947799156286504	0.4239159300530388	0.46819890646289225	0.3773509420445392	0.34541930950311545	-0.03202849192038171
BS_AZQM1JJH	0.6540786430006176	0.6764180050290952	0.4191788646380542	0.35082472055530584	0.3890307513570778	0.6437934933765121	0.3890811190176377	0.5125817514217352	0.5460609197811697	0.45896271290999036	0.41755791216870997	0.4117543319925651	-0.02233936202847764
BS_B1C6GZ84	0.6589762707220772	0.6127719816116397	0.19424569084369112	0.25540092377547186	0.16748275124734405	0.6602478262057179	0.21812010787894578	0.45274487325582063	0.4523597783443049	0.38054248052689543	0.22045190134487522	0.2028379999589146	0.0462042891104375
BS_B3MQFFYP	0.6554353137232702	0.7113279603499603	0.4896082062697472	0.4209408910567164	0.33907773021499116	0.649923573196828	0.4887510010617773	0.5811145447289743	0.49758037257388815	0.501706401504466	0.407580760427824	0.3555943049964052	-0.055892646626690023
BS_B4R7X1KE	0.685869732886256	0.6197882154964346	0.1744548538501041	0.27171916893127507	0.33759675271422807	0.5605550676386858	0.09513582845909818	0.32552872954797174	0.3326427930432976	0.3755223305482889	0.24278219788258473	0.23442391573206042	0.06608151738982138
BS_B57327NA	0.6524096134473826	0.6348562184596181	0.32475033344052	0.30330926330698615	0.3019229496590789	0.628054141038432	0.4601395215623506	0.43419457314422377	0.3277516754295543	0.3385237174220781	0.3633732500725996	0.15694683637426066	0.017553394987764426
BS_BBAEMXRD	0.6638689442923237	0.6651706317421561	-0.00827302936834955	0.20961174688063888	0.21430023506441773	0.5092867526309491	0.061286030305594354	0.32981862095431247	0.43309798965089585	0.3309867135688524	0.23280751501412242	0.21940683386568385	-0.0013016874498323894
BS_BBQ6BHGN	0.619244774272272	0.6531358298918165	-0.007326242648126563	0.26892316209566064	0.16755055857768378	0.6010224743557423	0.07325192436259288	0.35331762044257936	0.42478700031804084	0.3034769877676742	0.22888802807073294	0.15492754119769586	-0.03389105561954453
BS_BK0HGRXM	0.6701636682512353	0.6676008773933362	0.23423667573797546	0.25442774646556743	0.3674024574559142	0.625140785404245	0.40608109155204114	0.5102685103253024	0.5250101047255613	0.42910407224693964	0.372960562272651	0.38340056103997594	0.002562790857899122
BS_BMMY0H73	0.6529297915115738	0.6826703015241221	0.22694234954489106	0.2906875241495624	0.28397375689601073	0.6378497240004763	0.3660958840255975	0.5070768673765105	0.48258596330472164	0.4407398088484278	0.30500952997307745	0.31586890542117263	-0.029740510012548294
BS_C6ZZ3FY5	0.6309444151329203	0.6912403499544496	0.2948538080197707	0.31179907249489514	0.24906230641936464	0.6263183249275168	0.17800460792105569	0.4444684406561719	0.4367344835455502	0.4468980224575026	0.260029570696205	0.32085071727655107	-0.060295934821529285
BS_C83TK159	0.6262017847190368	0.6608271272011282	0.21688897086581574	0.30489940106968066	0.27048270012352205	0.6190459032183152	0.2885002570428176	0.45766364997954034	0.492352737600396	0.42537897536073094	0.25566258044496754	0.29266706399006487	-0.03462534248209148
BS_CBDQZ8PP	0.5891152560295402	0.4405232873304563	0.015615498770940567	0.174818673973905	0.22324111139407415	0.5698625322903483	-0.05181179517268273	0.23767178598482358	0.29086816419280676	0.2798626511977176	0.2167342947332266	0.1727273337589781	0.14859196869908387
BS_CF63VG3S	0.606122294570151	0.6058161703050899	0.03439679734944391	0.19040556233370176	0.31040233342708184	0.6219219353929674	0.14614596948252334	0.3079229416113222	0.5088682008180696	0.38021637669101277	0.29165713303528235	0.3994475519274954	0.0003061242650610474
BS_CFD3WHAY	0.643117717666105	0.6935378544496222	0.24715838683410377	0.31564282544235783	0.2866393943917568	0.610006532166328	0.24564287191009881	0.3870744825241056	0.4056169924717909	0.35480978685092013	0.3443983980853721	0.2639091332402639	-0.0504201367835172
BS_CG1RG607	0.6656468082975799	0.7140240460374446	0.24270314767969317	0.3725857209380266	0.39709566058664697	0.6536623088457761	0.3736081986881016	0.5399799126069781	0.48949628629367986	0.5016857543235544	0.42677321377557104	0.3193158579141763	-0.04837723773986469
BS_CVEDJGHZ	0.6881439395612758	0.7222983796965584	0.3558887695038007	0.39111915526178187	0.4250022172630401	0.6551158579088475	0.46409356934593415	0.5829055337523712	0.5374706413480644	0.5102330160249569	0.4462559387070584	0.4252056396357102	-0.03415444013528257
BS_CXAQDK7S	0.6951593139801745	0.7183233387989304	0.2745859720083157	0.3426694235999467	0.3818610071872695	0.6139896504287679	0.4439456691252468	0.558039214165248	0.5150675240776809	0.4740875144515508	0.40309614991403253	0.3516597700858437	-0.0231640248187559
BS_CZPQ493E	0.6335410657343917	0.6820726794130656	0.19369293911945315	0.27435847983483697	0.29889533645119115	0.6144662552306063	0.34378739206533954	0.4609565715246031	0.48884789252497507	0.4463136489824976	0.42290810064228346	0.35894052200397036	-0.04853161367867387
BS_D29RPBSZ	0.6859320285055404	0.6841248810628241	0.2168667943462149	0.32250866316848786	0.23865513721745907	0.724091077455283	0.26440029281924793	0.46722571755913644	0.4302489960402603	0.4461588516652913	0.29128741837354905	0.2761075219462366	0.0018071474427162615
BS_D4VNDNQA	0.5869243151944755	0.5803901640763702	0.15378967864890508	0.230456532974728	0.24597184659175333	0.5952476997872761	0.2844260056722064	0.39856013835869797	0.3916721109805329	0.2735254881344624	0.24147696039151495	0.24594079036340416	0.006534151118105291
BS_D6J2BGDJ	0.6437310538622015	0.673605641646948	-0.06613810928605995	0.1631700883976971	0.2267531826269904	0.5664200569896276	0.08384616341137739	0.2905003344837711	0.46036917883193884	0.3224928087490988	0.19691615837055162	0.2327601331473787	-0.029874587784746498
BS_DFGS950G	0.6296638703842908	0.4681471740597814	0.16000072598718054	0.15253339401138974	0.040540974084745496	0.6726046356157298	0.055988580649023206	0.31995368803900803	0.3004397399560949	0.31246936602531816	0.18863746769224585	0.1436251130134624	0.16151669632450943
BS_DNZVP92S	0.670382664340185	0.5662067288098684	-0.007753229392817607	0.0872266493199677	-0.05823173342365741	0.7073387040728244	-0.2498677400310878	0.10186547034605124	0.3249913964019802	0.3064836696895955	0.41894187738133776	0.16471072021366875	0.10417593553031657
BS_DR079H0D	0.6157917029065947	0.4939938033228545	0.17202141143029548	0.2081292626273904	0.1845151715206455	0.6714386819941118	0.33898359549332274	0.4114438144619658	0.4108908838576629	0.31453824827463706	0.251489190797769	0.20068240855644706	0.12179789958374021
BS_DS438CXE	0.60241177517611	0.3656364687321698	-0.11297045178757306	0.0893366487799052	0.02396664682921715	0.6502589789159863	0.028991826162055683	0.3311785567824119	0.3324832232479316	0.34203391532220045	0.26471356030812465	0.004285883279423962	0.23677530644394018
BS_DSPVSM7D	0.6500234385088381	0.5839599765535314	-0.00019218089726387748	0.18314011329983415	0.15240664241938984	0.6818282536136056	0.42104554789388676	0.47960590680176274	0.4501442600530829	0.3800408535292716	0.2601219795769015	0.08563181293605211	0.06606346195530677
BS_DZNXFPH1	0.6667211067717845	0.6928019972557662	0.2701829099208765	0.30477339794841724	0.3785208836792809	0.6981078256716149	0.3240228088417647	0.5200788729877509	0.4726736505392383	0.5115323920804896	0.39112279265391203	0.4361737700394129	-0.026080890483981656
BS_E7NVYA6G	0.6663883459445892	0.6974290600125261	0.49470169444170997	0.454040649077323	0.3382844313332005	0.6517028513961522	0.43721630855791993	0.5307833790348765	0.4505500143129388	0.535451293885876	0.4780466023687363	0.382319667599206	-0.03104071406793696
BS_E9CYN4NP	0.5689993791332757	0.5408846791600901	0.03697825006861477	0.22093715706220834	0.1255554976046431	0.6197028990359382	0.113761580147248	0.3294447121482221	0.2260776744451706	0.3146163597721399	0.11766851943230357	0.08147657487014417	0.02811469997318561
BS_EB0XRBT9	0.6630863009250846	0.7063169918905602	0.2717108327691817	0.3035173544369327	0.4078047410800797	0.6370001446368931	0.45006142164021506	0.5513778381236525	0.525839152297453	0.4766484771618154	0.4181053254677481	0.34802344806950697	-0.043230690965475604
BS_EDJ5TV0P	0.5596149922360981	0.5376827376498913	0.10926199216214305	0.15444235749095606	0.1084959096117463	0.6414410766533415	0.2163924816073799	0.44810342029656514	0.2993552584026422	0.32221774050098734	0.08425657794887173	0.21332293271137492	0.021932254586206845
BS_EMQM7HTA	0.6461085458060972	0.6445182678425859	0.15148532208891471	0.20596019261499246	0.283085682252117	0.6170889056729623	0.2224600372037601	0.4118772324981216	0.49218721219443445	0.3859161015773861	0.3131230883399085	0.31954863116091775	0.0015902779635112996
BS_ENEYB4TG	0.6390970197269853	0.6739388464958654	0.26878996187328635	0.27649564587084174	0.3945243576031383	0.6240593055667046	0.5262869949240059	0.4892470550120108	0.5211619518849739	0.405739540580543	0.4172424736252409	0.39079273712918816	-0.034841826768880146
BS_EXPJQZTH	0.6881477654313755	0.737168857253466	0.3787654656574268	0.47688959007997417	0.3557187374313637	0.6436064935420653	0.36914860563795593	0.5168948263082523	0.3977246518112754	0.4920260163046756	0.3726143411219613	0.32219842321245673	-0.04902109182209058
BS_EZ3147MX	0.6679589522634296	0.6469690409059433	0.19234695409006344	0.2754559316343346	0.2882351841954106	0.6224333699268665	0.30044239043270615	0.4132159359562835	0.44253913000409995	0.3635145684055801	0.2541053629336124	0.2677989222205174	0.02098991135748629
BS_F0JB4EAK	0.5870623760958406	0.5277265719148705	0.20689679302097647	0.3317810479461704	0.2287900583066891	0.6107521301017622	0.3120809591593329	0.4230950606593387	0.33847814921791697	0.38708600635233104	0.24051814392809556	0.27324224082889087	0.059335804180970064
BS_F21R36MM	0.6557304767746711	0.5645640295127303	0.3564642773666741	0.32921077486591277	0.04452355645264102	0.7427181137260733	0.36303822664202356	0.44978115730022544	0.26937878011901667	0.47773993824528466	0.35722954701826654	0.31070815698265614	0.09116644726194079
BS_F65GWS21	0.6308169448654081	0.5764344687974889	0.026972068222168362	0.23195806532587132	0.17009059899974444	0.6643460503289441	0.011459276988541118	0.3395611086960109	0.3755649358368623	0.39781453447927684	0.09058983965219712	0.16570738726814233	0.05438247606791913
BS_F6V1Y4QS	0.6755065257447992	0.5505632733006172	0.3375170931076734	0.4492810112732083	0.09888285575143503	0.6866323055002854	0.2736210959680283	0.4952403075866253	0.3871979442787864	0.4077969063747288	0.30277647070741226	0.3210822622451487	0.12494325244418203
BS_F9Y4Z92G	0.5845095035019092	0.5941593342229867	0.1765139108077102	0.28944480289579183	0.18163844410833546	0.5913249959064767	0.23879338446272258	0.3603333883222863	0.4175620328690628	0.32303331322577383	0.20578628561706366	0.1839555423220964	-0.009649830721077501
BS_FCDAH728	0.635138612565885	0.619762996415899	0.2921327427967057	0.29829590497933905	0.2642958674884011	0.624584224572314	0.28715192254967814	0.41259725433693256	0.4957687822129986	0.38793941367065454	0.25010380148004213	0.19148076274964002	0.015375616149985949
BS_FEV5A0HN	0.5395205349379086	0.5005353234512036	0.07836878984530793	0.1606521184357896	0.08351492349623585	0.5668114199895733	0.13950740280860358	0.26495751032834153	0.36639098898760997	0.27702280724510525	0.1614540469838061	0.04504016376717519	0.038985211486705085
BS_FGJH1X0S	0.6377107093628427	0.4931985505708478	0.1658939166371359	0.26852208493972396	0.18811770944752082	0.6718587042302971	0.3986197076366829	0.48848906698249595	0.3930892330372858	0.4524471091340133	0.33516588500888467	0.327981630746833	0.14451215879199486
BS_FKASA3MN	0.5800913992473666	0.47481394089601014	-0.04631668078083866	0.1412576644114245	0.1782201817600895	0.5332245579495368	-0.06617233766646612	0.19256203092557567	0.2874969341077838	0.2592047058066085	0.22385020119769705	0.22757317150634795	0.10527745835135649
BS_FN07P04C	0.66604319727857	0.47640712425051746	0.01533150447170637	0.16722785337304016	0.17790201639110687	0.6960289184534016	0.1105154858149084	0.3040973092603189	0.20633413605018747	0.33623398875609023	0.2568976975470007	0.2415342345513701	0.18963607302805252
BS_FX2P2WEG	0.7116238918767752	0.7275478153428904	0.2223043850815343	0.31195236324550435	0.3642088716484176	0.6194473700070877	0.35874749236038245	0.4759811947732585	0.5228352299090507	0.41300023506245725	0.3752805715253099	0.35921752558919606	-0.015923923466115153
BS_FXJY0MNH	0.6649048935650517	0.6923078458439108	0.22678799642808734	0.30657558094914605	0.31465807747722335	0.5793312557188197	0.4833064378831694	0.5067704101520158	0.4966820998330157	0.42939962498510076	0.4388353953381855	0.3145852434726475	-0.02740295227885914
BS_FYP2B298	0.6834649197943334	0.6184475656816152	0.1851297840277823	0.29850612502927115	0.22561793428985988	0.5735068888164299	-0.05273864617546051	0.3166193003265304	0.3474057298569471	0.39397433023804884	0.22892892294132072	0.18876204157265658	0.06501735411271825
BS_G19QZG4S	0.604036918417108	0.7059825141399991	0.20283035327961035	0.29896270639570377	0.28363842183516247	0.6060453200918386	0.3449031295904075	0.4802497358173919	0.4129550674443484	0.4159730737203756	0.20759968115482308	0.23622104948338973	-0.10194559572289108
BS_G1E5DATJ	0.6648746458943127	0.5510605085307932	0.39232743830911665	0.31701387281812543	0.329672431570709	0.6365733271533984	0.41137661646183715	0.47400708594785823	0.5002424451125608	0.4381821641644952	0.3453913481290085	0.3471934760969879	0.11381413736351942
BS_G257VSS9	0.6517703442549478	0.5788669862479612	0.3300823855401647	0.3192611701814759	0.25264140088320064	0.6087484860800206	0.1834003490326228	0.40688547673707653	0.3907180196244484	0.38563870939687167	0.2609573414146891	0.29671355677268935	0.07290335800698666
BS_G3NN392N	0.6439552445121621	0.6807603455086092	0.30505401455130904	0.3455189080391573	0.282035793225227	0.5509762000673247	0.24774343561933207	0.4602699685803472	0.4689636842295537	0.4187937436875684	0.23900640537853418	0.3029864036398076	-0.03680510099644707
BS_G3RJTBZD	0.6576131313487358	0.6127739271207662	0.08215017413557356	0.2461748893873504	0.1477660547549566	0.7155475634479356	0.24216818673658896	0.4198341377314197	0.38627127715036785	0.3776980412173892	0.20449978225179316	0.2076548079924739	0.04483920422796961
BS_G5NHSFD4	0.6003445312766655	0.624229917917414	0.32557031559028415	0.33178627719510734	0.26472685840695426	0.5822835583445128	0.2294567245217381	0.34188699728182315	0.43289873072531965	0.3518824922131506	0.2402090318293719	0.2369675826575764	-0.023885386640748463
BS_G8TXTX0H	0.5903303761832365	0.6708008753093554	0.06449101504590837	0.25760599516607785	0.20657735860317541	0.5945082193947434	0.3005587051838394	0.430795668605351	0.4183931675162953	0.4118471773081175	0.3341679606309558	0.22340827293830326	-0.08047049912611892
BS_GG9W3J9Y	0.6357701200837027	0.612645515901073	0.058441282703090715	0.2390262481544174	0.2796575852799524	0.6896202322395374	0.23457333161134286	0.35550752430058813	0.4272172148017695	0.3501249646354153	0.31258276571834753	0.338830510452591	0.023124604182629738
BS_GW0GKWMS	0.6647780377883868	0.6979975544528562	0.06432891643904635	0.26306165122798086	0.2287337398768116	0.6178703667218671	0.301243502295322	0.4044105026883607	0.4729316113495112	0.3915602383552283	0.31181465533506697	0.2966404194766819	-0.03321951666446932
BS_GWHYM3R4	0.6158643333252177	0.6020443587211776	0.04496259811173513	0.2531654763274151	0.09649583052630684	0.7257159506014529	0.32186706069662413	0.5146001124846188	0.29713788646362915	0.36031504594308905	0.3441457342882275	0.19759076456401944	0.013819974604040164
BS_GWSJ4Z9H	0.6603418813669175	0.701310637090608	0.2709238799436601	0.304210339791355	0.2902348364597062	0.6061650583524459	0.43786331961035524	0.5250233366600947	0.5047836427802992	0.4765721299160688	0.3035965823692769	0.26809897319389886	-0.04096875572369052
BS_H5VQJR7X	0.659326095251639	0.7142774183963682	0.18031174645770268	0.2679463204993327	0.3250957416475047	0.6337575144234723	0.24016963980016115	0.5249980038868411	0.4301602131796414	0.419310430041158	0.34892917630049375	0.23982723145572094	-0.05495132314472917
BS_H97S5SQN	0.6224747377295028	0.6800423316039059	0.20799525887026937	0.3232356445130293	0.28562189118889225	0.6018980742324964	0.3790071166630039	0.4839485609268042	0.47256176376448533	0.45065822056295857	0.2700725920039722	0.2577330720663578	-0.05756759387440313
BS_H9JYKFTV	0.646600743362379	0.5826685618660419	0.42386776465091075	0.44266523239100547	0.16966386514036189	0.7153872384589026	0.3958130641150887	0.5639923701659009	0.3903142300846701	0.4478743398215109	0.3165638081238771	0.30690706611126545	0.06393218149633717
BS_HDHXX8Q7	0.6555787740016833	0.6600591748294554	0.1934642561659558	0.2464889859471117	0.28833546238679497	0.6426444821310546	0.21865785016689102	0.44401314239900325	0.5116690944403331	0.3841591162293219	0.3026314109629062	0.265071758655515	-0.004480400827772124
BS_HDPCQETG	0.6732411175044114	0.7094412927935289	0.3542828338873482	0.31336420588371733	0.35804679832014996	0.6453774895598787	0.28501407681959984	0.49534468365659845	0.5085247665671068	0.4454793529179272	0.37360426471831226	0.36256220821305624	-0.03620017528911745
BS_HJRTC9JQ	0.7011751238592279	0.7227287738232457	0.4258859862500475	0.4793117780821148	0.3476315726905971	0.6104264298791078	0.3603868380951062	0.517646884991174	0.5080078252441521	0.45382973459367193	0.388630302808524	0.36895707267060507	-0.021553649964017874
BS_HJV0J603	0.7100984471626033	0.5728933055821469	0.2779748742816983	0.46728221299128037	0.49122203566579503	0.6580647438639977	0.6011614208495702	0.5282786267688311	0.5143719726383166	0.40419209302422493	0.5383067514609461	0.44571344010854214	0.13720514158045638
BS_HRJ9145M	0.6922402807729346	0.6917226326287365	0.4907169616008109	0.5488519749935478	0.33017600712290524	0.702385101878783	0.5126126635076	0.5811936261449462	0.4570554209271246	0.5633138368874553	0.4675685336456228	0.4661221527651755	0.0005176481441981906
BS_HWGWYCY7	0.6910501085268022	0.7176299989823719	0.43838893218676006	0.4311545833823692	0.3908918892436433	0.6695977516424916	0.3573094561769814	0.557357931114741	0.4603401865198222	0.4994936436603444	0.4044489785699131	0.39314755115710937	-0.026579890455569744
BS_HZ9AYDCQ	0.6900143227842016	0.6141108437757627	0.2491345228991172	0.27607583020820137	0.3582191363323461	0.6459925273343067	0.2178239092076636	0.442260542048967	0.3963721202559974	0.4554870992799285	0.37983020429808445	0.3686099746062536	0.07590347900843886
BS_J4JY2F3H	0.6580525643956526	0.7279031420726717	0.35671336278654425	0.3084240922361061	0.3648308308073025	0.58842749812426	0.12537909344608394	0.45392766359679415	0.5220547024469643	0.4464040254685042	0.3732190578761933	0.3284992162935213	-0.06985057767701908
BS_J6212Y48	0.6487975270417258	0.6727112283737456	0.11545187645717672	0.26213389433519485	0.2535620618620384	0.6472502543018374	0.3320200781524384	0.4929892984221904	0.40022404028856773	0.3806333312998276	0.2961941686564192	0.18111107073553073	-0.023913701332019865
BS_J6W1RB7A	0.6170119803978243	0.6051920695301619	0.2981303446637535	0.37975104953002936	0.13797563919227923	0.6852970030054927	0.46232363724592745	0.5475800742295286	0.29121748023661603	0.457579322215697	0.3868784162245472	0.30226244103173167	0.011819910867662431
BS_J9CBGP57	0.6674907723301587	0.6916715979973846	0.24685541920167425	0.33626084125168304	0.23109091148839178	0.6069808050846222	0.26771988108683253	0.44431635882323195	0.45683083439591166	0.36688957418185847	0.2570031762822419	0.24260219458684812	-0.024180825667225903
BS_JB43XBCQ	0.6591215912149272	0.713112359396164	0.26659645277145555	0.2999681127502841	0.39938154645315	0.6246423144121328	0.5126318662323117	0.5498249203735813	0.5243804407274288	0.4667581908897695	0.4974490127942036	0.3234647062881691	-0.053990768181236826
BS_JDSNFYQ0	0.6179863344816364	0.6887233020459204	0.1894633157099958	0.28823639347903246	0.21885085988649436	0.6632888153992497	0.24808659376860864	0.47619157812730045	0.4230115152759534	0.4501442425075663	0.3357629360928108	0.2290012003472968	-0.07073696756428394
BS_JJVH7WR0	0.6743367497090841	0.5203599909565122	0.051289788316667	0.1575853517893363	0.16248628155863692	0.5432153137854253	0.004255706043762061	0.2967877876700256	0.40651458447556105	0.32795744662174614	0.13156423460501615	0.24053740280815236	0.15397675875257189
BS_JMD386Z2	0.6647583517874085	0.6691290508340538	0.19461990140153956	0.32955901775384294	0.29497544208587106	0.6927629792265807	0.3776344253265523	0.48200072028861696	0.4014280836501727	0.40065313671193	0.3042890268316354	0.31164867207780084	-0.004370699046645332
BS_JP95KMRD	0.656515519890596	0.6786466430024806	0.45061660676924375	0.340927247026782	0.3677401964072831	0.7030755423258748	0.29352097465118193	0.45242370089898803	0.536664719951383	0.4976059718456972	0.3894710272806425	0.40291421049103526	-0.022131123111884587
BS_JQGJQ2QZ	0.649413321575907	0.6385943180969377	0.19189205244611976	0.2204407199980017	0.30068197676360064	0.6359097417444598	0.26294556903817035	0.4151964039005701	0.5379885798517529	0.43781695139172233	0.40706006305427767	0.42083917448256447	0.010819003478969358
BS_JQVAWTTM	0.61761036563422	0.6914280340457776	0.3050092903345223	0.36862973710011004	0.29235427942283093	0.6028788242345975	0.33586071222801167	0.4713473973442991	0.49261077961760136	0.47596915965032804	0.3507000433091321	0.3053806468307775	-0.07381766841155757
BS_JQXHHK0K	0.6603479841589337	0.5489331262260045	0.20809271727320677	0.2637176757706871	0.18983641062743936	0.5954927059728142	0.127249016287076	0.4376168996689175	0.40840623739160514	0.3168931865407701	0.2181920796359517	0.21556003965501175	0.11141485793292916
BS_JRYJGYC4	0.6619331088456707	0.6989165985696575	0.2865587369526286	0.42065090851762277	0.25016881986138434	0.7384233945574569	0.2951002558320309	0.5171148378654202	0.42770219546537486	0.4152654524714495	0.3679038984331922	0.29625827545500144	-0.036983489723986795
BS_JS95PE0J	0.6305942757017813	0.6186937259006617	0.39727472847849005	0.41056828193234685	0.18819182171044946	0.7212064423146246	0.327120054238482	0.5251965709324797	0.3849043553456346	0.5043542882367104	0.2424023657813803	0.3034393501522703	0.011900549801119542
BS_JTWNJ8T7	0.5331556211607655	0.49821547279141964	0.2413880511310936	0.2255582752235108	0.18356267273070062	0.5446992283778619	0.12015318994128835	0.3106947922540884	0.3845053650159091	0.3134031426530279	0.21431065120249912	0.162291629452229	0.03494014836934589
BS_JVW2JJ39	0.592894383197112	0.5282653903038512	-0.008883804313047828	0.12778235215341882	0.12436652951326252	0.7165971741237641	0.2916178302530231	0.3934532063315314	0.38592720176660483	0.3787161452828719	0.293584654398833	0.25374629746239385	0.06462899289326074
BS_K0X3PZGN	0.7205840257206375	0.7068100100922108	0.5258354469793427	0.4028126334371276	0.48439326636226554	0.6277963469149717	0.41196069766866616	0.5659028429570927	0.5555027034960465	0.5579974927410871	0.5769632758871283	0.48535839302289047	0.013774015628426728
BS_K17VQECG	0.7023945659421562	0.7077298493688223	0.2926529075284024	0.3290017128233599	0.3269858411565758	0.6232069206487357	0.2064864719359563	0.3949160477516214	0.506794294374797	0.40689008996907894	0.3514119604204581	0.2862410427741627	-0.005335283426666115
BS_K2PCC777	0.6912309003703846	0.7191332651587466	0.2516877869856973	0.2590759471113971	0.4370312002537295	0.6101303695200847	0.5312325969424584	0.5773393338147694	0.5443063098792207	0.5185656673621147	0.5454116567849369	0.42585391866610856	-0.027902364788362055
BS_K74N1BXQ	0.6187179672179629	0.573040839988195	0.22708860946597154	0.24022852660313096	0.285383318924083	0.6043954400560478	0.4203868945457137	0.40848336944148933	0.5190625328112004	0.34059298054581477	0.3803093339528147	0.284576124809259	0.04567712722976791
BS_K81PZXP2	0.6726142084910187	0.6568040120930122	0.34657949803284294	0.385131059438817	0.20826665391681012	0.7179093701141152	0.2833342530263824	0.5422242609085529	0.40739357121736874	0.49248877612327074	0.33888429555177013	0.27748943959717676	0.015810196398006515
BS_K88T8SW7	0.7380507584379962	0.7501322599689122	0.3585043672362092	0.3427791591462128	0.49839009230350145	0.6716817734094807	0.4208642276414298	0.5711564260913736	0.5506382605524675	0.49419313048012503	0.5793082705131833	0.5377093727816546	-0.012081501530916028
BS_KABQQA0T	0.5830796274733719	0.5547473588770003	0.12021942201456128	0.23705071046202816	0.22949833119594693	0.6032108148703587	0.16019509043722344	0.3584423014957671	0.3849823207740173	0.3725392941593187	0.24767096129125346	0.24963116633216412	0.028332268596371613
BS_KBEX4RT2	0.6088466735185237	0.618027364540533	0.10233914630279788	0.2771246154397338	0.15620524412185968	0.6365452602542083	0.3331516086138874	0.49471178234688395	0.3672724628996239	0.3805446366725477	0.33494227715753316	0.3283374398354254	-0.009180691022009246
BS_KFD5128N	0.636567624895634	0.6119270809815375	0.03373627018289871	0.2056651792914975	0.26014028079966367	0.5649611396106822	0.47936887274299356	0.4788200762581424	0.3623291237834447	0.3555587232447476	0.2589098435301578	0.24935581237301446	0.024640543914096535
BS_KKDTW11T	0.6355488764750683	0.4879011553993743	0.11378052773051743	0.3889499864488271	0.2670805204598565	0.6847006389241433	0.33672877418078834	0.3899054478713129	0.40117722180496346	0.48560158635348044	0.40650165991868475	0.2847557593764244	0.14764772107569402
BS_KP735TJ6	0.5919624209589104	0.49778117024271823	-0.003284425608809348	0.23328568021264343	0.02387557015963502	0.7258461247598008	0.25908670193172756	0.42639420085075386	0.37437866062377384	0.3567897186230001	0.26229682374189794	0.16565209880100623	0.09418125071619216
BS_KQ6ZW085	0.6187766976169874	0.7096586490460773	0.1898579372917009	0.33090628130259714	0.25720877287144855	0.5949016004281867	0.26571716434604453	0.42493578988356334	0.48590048139647346	0.3875465801473097	0.30860015453335726	0.280089878337363	-0.09088195142908995
BS_KRS4EV4X	0.6850021168644961	0.5946283162359258	0.11091733329064175	0.18620746611571484	0.21285817110741836	0.6597555874093661	0.18485772035737516	0.38325686703719614	0.46836782627860396	0.3688191624083719	0.26344454611354046	0.368025689281845	0.09037380062857026
BS_KS8HMGA6	0.6784299112497284	0.715152627917193	0.3591588691899672	0.39872647392856897	0.38928243176901567	0.7210324322107208	0.4620040733519219	0.5655030966338943	0.5218369724112415	0.5283367614973034	0.4138108598385517	0.4341707660870691	-0.03672271666746463
BS_KVPWHDR4	0.6536005590215243	0.646725667081788	-0.061606763145129737	0.2574400957485204	0.10289789238518643	0.6138470594458479	0.1753655188773663	0.38764532020073933	0.4011662254250278	0.4173740596962944	0.3205089243001126	0.09680261337146381	0.006874891939736227
BS_M0FA190Y	0.6505913267259155	0.618853974351113	0.26752745276007717	0.2703028919012035	0.3763637322986093	0.6063918466670476	0.31544122699917954	0.4578813817709216	0.5121558730945939	0.4469247196835129	0.372746222952966	0.3831144283490121	0.03173735237480246
BS_M0XGZ53Z	0.6332491152812564	0.4730144461172062	-0.1663145103547168	0.1306769895707886	0.19021018712747148	0.6560752851072627	-0.05264140825005235	0.10475644207582817	0.3438206848246441	0.20956881035371142	0.1461139934006868	0.1998056557710709	0.16023466916405016
BS_M1PVEHCM	0.5672333314117646	0.5066913046517907	0.07367226709057814	0.27314129920076635	0.08520264180797749	0.596243999818349	0.24814282637674268	0.38060265352712636	0.337865741993853	0.3559298525514189	0.16247253954945018	0.12078534075806635	0.06054202675997389
BS_M54TWTH4	0.6078480240395844	0.6513652363795908	0.20072068112469998	0.33097050438521725	0.3780717726628391	0.5172637216734799	0.2778395829370332	0.46199785193127063	0.3306331308734382	0.4565835508170445	0.37374830172698964	0.350143336086145	-0.043517212340006384
BS_M7XB258E	0.6777758087049743	0.7250873880773344	0.42266184517919664	0.42119970439657084	0.3724429555182933	0.6970417284823245	0.5316016207962195	0.5868254197805046	0.5025126935764976	0.5006676036974146	0.4123662091100914	0.3577607398857261	-0.04731157937236008
BS_M85CXHDV	0.688205918474723	0.7330502515606766	0.23492095427641138	0.38495312048178393	0.36483716367915653	0.6390214928171232	0.3273520966927534	0.4806733589014637	0.4993605122019518	0.4479983053318472	0.3871145429419223	0.36803730915611454	-0.04484433308595359
BS_MB7WN0ZB	0.6208263681810403	0.7014445794291534	0.26597864828238865	0.3808435764499881	0.27777581582635025	0.6635287983873306	0.1831003043403747	0.41631707359714065	0.5019091111107092	0.42103989893385346	0.3358770872586582	0.3666970856963708	-0.08061821124811308
BS_MD0937XT	0.6354775797387955	0.4939764666934789	0.1379843736996848	0.2580604631027807	0.07183116984559013	0.6041358397102602	0.2251900786685433	0.34806501331931067	0.27495617587001236	0.31588112710321153	0.2324016469486869	0.0997898761241579	0.1415011130453166
BS_MDBT7S5Z	0.5855253713706648	0.6102570331434348	0.0769871529998529	0.18995142852291513	0.1909368845534627	0.6565997421554983	0.0948756282531617	0.370925856686965	0.44161038825088716	0.3325498678407971	0.2543771894371616	0.23418772540714286	-0.024731661772769975
BS_ME6VQGG4	0.69560776358011	0.6601960976709914	0.19804560816602085	0.270104660359208	0.2478978761866385	0.6921034969697564	0.3053360767392529	0.4515128950101918	0.43225736319580754	0.43486487824137054	0.2836200630645693	0.2527818224732453	0.035411665909118595
BS_MFGZH8FK	0.6494591636285529	0.6054342234521177	0.04079622614673934	0.18932045089600621	0.28901660167475807	0.6250878116214849	0.45436409408340156	0.4608775299051578	0.39980762949324283	0.35020629758562083	0.37085757959413695	0.18706010668957893	0.04402494017643521
BS_MG78HQDM	0.48695483653446836	0.39324972012353887	-0.17793453987000846	0.09385689569516749	0.059674171363018565	0.6243631189430209	0.1377222217406412	0.1767141155675654	0.2536395564086272	0.16463501823517854	0.047989267876508486	0.10071461756809733	0.09370511641092949
BS_MWWZBQ60	0.6590973751722533	0.6921331100812559	0.2111962951800034	0.27264513399035994	0.23693837535060608	0.7307839156103406	0.36384756568441307	0.5064461783479406	0.4704455456599763	0.400766678145485	0.2586707506679007	0.23821644668687472	-0.03303573490900258
BS_N6TQBQ8M	0.6635493107178009	0.5828037225108134	0.12022012194769512	0.15876099701670518	0.15226557549315126	0.6195606423080655	0.0796133143001505	0.2840820968153035	0.4834238327047326	0.3223338750889174	0.20900185298643967	0.15450852546069113	0.08074558820698752
BS_N7SW36FD	0.649333621588331	0.7089458877016709	0.08750593802119601	0.2850696641967209	0.22636944807021256	0.5715718836488131	0.153872128755502	0.5012429237657253	0.399531556461217	0.44803685343197713	0.23016856624991935	0.322704786134478	-0.05961226611333992
BS_N7VQ1GQB	0.6492854232916198	0.7175411158639667	0.24730119650583568	0.2945793720333467	0.17617150094237752	0.6489630329423929	0.30835368564743465	0.5098175564306537	0.49261922071502384	0.43663167776130085	0.27307549433952955	0.2949564765861709	-0.06825569257234698
BS_NB9XXBW6	0.6317345316760069	0.6201288989617263	0.1929725435980384	0.2988403762320456	0.26853893836618836	0.6256002212342953	0.45952375938839773	0.4815169170743295	0.4731524972074629	0.42092250207196036	0.28630152114524093	0.26781578138407386	0.011605632714280611
BS_NEFAASTR	0.6507651019450792	0.6962028762141079	0.3374333991421723	0.24440567668403462	0.37630907880112935	0.6366751009107935	0.38643976802390806	0.5120974597716762	0.49964188919261093	0.47373258668529084	0.4013246755704836	0.38294584198246234	-0.04543777426902873
BS_NEVYM2FP	0.6185366288188445	0.6457605272604279	0.21150744075886477	0.32042700968708243	0.2915830526501174	0.6152890310275325	0.4119059129279296	0.4924425908855394	0.47954033987628286	0.42455608024232094	0.3043761222506008	0.22653246886713474	-0.02722389844158335
BS_NFKKDYSV	0.652925091501241	0.706599568648517	0.48545171038147794	0.49889429146371156	0.33475159704883806	0.6535002831973933	0.36873140286318357	0.5387766087082538	0.5139410728494521	0.472974524855664	0.359664694482231	0.4004483865639769	-0.05367447714727602
BS_NGSG2KB6	0.6435349858160544	0.6824119176330177	0.3954488350443073	0.4436066991830336	0.36397992162999915	0.6316928821042591	0.44759341584899875	0.5493175899028677	0.49732303570722414	0.46022879258411015	0.38526032931916177	0.308450006440209	-0.03887693181696328
BS_NNYXMSTX	0.6271378906495594	0.7179900005926884	0.22418958488605276	0.30508193470211253	0.38081371177915235	0.6200007824183771	0.33092851721984295	0.4172462329637528	0.4979970350823344	0.437179929279545	0.3743199687036641	0.33072720390391397	-0.09085210994312898
BS_NPA6CZQF	0.6202735199654772	0.620428629097882	0.1094328007993339	0.24501018295824956	0.20506490622869322	0.6154300099219886	0.23215625793954933	0.3783265471662663	0.37035096206484813	0.39551148940281355	0.28178457828922693	0.29172565331810835	-0.00015510913240479596
BS_NQ54ST98	0.6433480595222918	0.6872324836172155	0.3253352955496963	0.2915184948579761	0.34070892886225007	0.5933002769338319	0.4951350263007533	0.5027822474680356	0.5223378738689244	0.37336971261443336	0.4173333304342452	0.27941786848898714	-0.04388442409492366
BS_NR3P3GN2	0.6588254067795052	0.7042022151728549	0.20324606561480663	0.31137552218386505	0.22802272807197735	0.595452776110762	0.4208105521041507	0.50579525266265	0.4571432478600546	0.4793117488260223	0.3698769784315608	0.38245481794572256	-0.04537680839334968
BS_NX1R0BC3	0.6687832460104923	0.60850276797054	0.46079752691947096	0.49982242470997396	0.3204059681700635	0.7283413674605501	0.4638271836458864	0.5491259676350255	0.490750335680802	0.48723403533889215	0.4260469131970817	0.34482289751490625	0.06028047803995229
BS_P0QF87WC	0.674452522006511	0.6205141631120605	0.29880722514773556	0.48633142886433156	0.25629387209467464	0.7309102049393655	0.531369992484279	0.5535142300577472	0.41078354711920717	0.42290679122011005	0.35622140768315436	0.34249286029384074	0.05393835889445042
BS_P4PMWFMV	0.6438965882219648	0.6434366268067304	0.16440087251200539	0.2297813237891923	0.2951638145472283	0.6737049174198322	0.29560888701234866	0.4007882997268234	0.3177329291235284	0.32937947936157747	0.30174614894120716	0.31310698063623865	0.00045996141523441114
BS_P7W3AYKV	0.6150686011811884	0.6093967769320608	0.30570503659435017	0.21345660406984107	0.38430908218464044	0.6326729338527557	0.37009132331004196	0.4895220255818251	0.539388554383419	0.43185885306160976	0.40824497048534786	0.390547110165441	0.005671824249127599
BS_PENM28KT	0.6684882662486614	0.6703534567827903	0.08416113066914081	0.23937420787092287	0.2548494993835557	0.664596377848827	0.25112538772287507	0.40659653164846093	0.36837061809432736	0.4603171812987969	0.3092390020332949	0.3663450896748873	-0.0018651905341289243
BS_PJC6FH4Y	0.683059066846394	0.724404303160572	0.4374977297573081	0.391217896744564	0.335948460745402	0.6300632623450791	0.43055612024763157	0.5651300681472151	0.496929740861918	0.5105096583741053	0.42441327648255606	0.40103053428284063	-0.04134523631417808
BS_PS0P3QJ3	0.6369488771000589	0.6103787963111484	0.330084537954412	0.3564186838415938	0.21141250677556944	0.7178293515456595	0.22245434663711616	0.4504445593288906	0.39580722594009327	0.40998380657589034	0.2738443622766302	0.2595794155653764	0.026570080788910433
BS_PXCPK5XS	0.6579151100823044	0.6340760840130869	0.18221283638542415	0.23824451319684609	0.2922298125281741	0.647451087844934	0.2880531318570434	0.457122018835835	0.5033115080774525	0.459717901137022	0.3506258067632562	0.3963291829943269	0.023839026069217506
BS_PZVHMSYN	0.6405358459056697	0.6551003292527691	0.19557831449737684	0.31864041495425804	0.26398024585468366	0.7090739915723072	0.21959824594231034	0.44780618113227905	0.48126781838349647	0.4429936463341508	0.3322765227657867	0.259882551165488	-0.014564483347099366
BS_Q06J3RYW	0.6585849015407169	0.713109004776341	0.2203046630812939	0.21964614945162503	0.3966011440349625	0.6393706764687855	0.44220377214316264	0.5356200984668168	0.5250147782293081	0.41792508113969523	0.4065471264431079	0.3724572672161588	-0.054524103235624066
BS_Q35GFYDR	0.6480128942431899	0.6245313524778341	0.1091934900755557	0.17257482549809683	0.1580066699455516	0.646118672328961	-0.10052514032506649	0.34164557802258594	0.39890750190578683	0.3943767502833594	0.20900773139379106	0.22459200008200828	0.023481541765355773
BS_Q9N5PRD5	0.6153575664987788	0.6132995022578696	0.35035275564637114	0.36345145407271395	0.17252209812394406	0.6575267999560304	0.35687487401905427	0.4894547249780045	0.42123574397194313	0.47302884568383263	0.23419219048160037	0.29071854707327227	0.002058064240909263
BS_QB84TBA3	0.5917742889533892	0.6198969552241317	0.032262480372046334	0.27220922541778175	0.12704043733554182	0.6704422058543893	0.21550779706588963	0.37681500642560073	0.41843417538874655	0.34317302639722064	0.14651515355658706	0.16895845032090326	-0.028122666270742447
BS_QGKEP3KB	0.6836810732659422	0.7132651748118704	0.38716863443329036	0.29816589305425517	0.3949903644149024	0.5925953135837803	0.2058358407539243	0.4949792272569825	0.5338982649483986	0.4388347179507239	0.37588520437499484	0.3203435187034511	-0.029584101545928165
BS_QH0VYVJK	0.6691738146837215	0.6730191710540615	0.21792014881819555	0.2986149439904255	0.3457924147316362	0.6441516020846677	0.14314147827578022	0.4647123600291812	0.4567123903382821	0.455205308653119	0.30412230594043643	0.4021728941655342	-0.003845356370340003
BS_QHY302E8	0.6279994383994201	0.6528044599135152	0.3327735603918098	0.40103518309247344	0.16584156983210122	0.6961300351218916	0.36338817730200557	0.4895006035039777	0.3958939357356018	0.45882807511728	0.38576031527325577	0.2272977709894294	-0.024805021514095138
BS_QMBS32Y2	0.5761988927963942	0.603118233870817	0.1616825791669962	0.1825005249970346	0.24562148338412954	0.66159141723336	0.28201154164671915	0.41197960519385757	0.35372962844178735	0.40887842531633667	0.3735479893258076	0.2642793692281881	-0.02691934107442273
BS_QNNX91SM	0.6180458360158354	0.6245401333915693	0.2805762955359684	0.279803507034384	0.2789448728134132	0.6201398601118452	0.30853151667347695	0.4308286912684736	0.46204755626773353	0.39266806819342603	0.29768350333337834	0.2677010887850657	-0.006494297375733926
BS_QY2G1JZJ	0.6440630973514151	0.6905612877561349	0.3318763673318308	0.2529325420697506	0.37261062675430745	0.5939659375508618	0.2520142572076959	0.3391519000567822	0.5290193332507659	0.405039470903227	0.37011318545358235	0.3101028877463189	-0.04649819040471981
BS_QYA4TQXX	0.6126811691209954	0.5338848898458217	-0.08991996186924348	0.15351818251193103	0.1712989711610221	0.6868575812004214	0.23769988797027514	0.3284528792454947	0.20875697327518125	0.2852958474061703	0.12308205786384724	0.22910222933674876	0.07879627927517363
BS_R5JQE0VJ	0.5676713964629911	0.5705455328581339	0.20442807997126902	0.18630867703408044	0.21898290084106423	0.6248568161304527	0.4818129666096941	0.5050817651886857	0.44097812683347304	0.3478838824564398	0.4336838929246832	0.1334973285234532	-0.002874136395142779
BS_R5SNFB5B	0.5779865512536541	0.48514938732880564	0.13619851668274846	0.24430130041324374	0.1472296297198559	0.6676356325313435	0.12704611221796666	0.337768195833117	0.29679158375865655	0.3945607378508091	0.22061955388316917	0.21915864900027138	0.09283716392484842
BS_R9B92M75	0.5887157078258967	0.6094058738756103	0.3065139554259066	0.31710156985703886	0.30060635695877297	0.6239486833094701	0.4549507858391023	0.4874018981883229	0.4742214554343589	0.40560048612083394	0.3289985572520421	0.28871119224395053	-0.020690166049713632
BS_RHAWQJ48	0.6541863377458295	0.7166259801390114	0.3496582064236846	0.3598651275039686	0.3988404659111443	0.6926097500344751	0.39803265883569827	0.5431517238615966	0.5360931661906522	0.45355193064938654	0.4376289168283631	0.43290369371021503	-0.06243964239318189
BS_RHM60031	0.6536100937879845	0.7053057242719862	0.23823842030980907	0.37396447653413045	0.2454675737923903	0.7100704613250393	0.35842204593726357	0.5166770375623714	0.4549690602692713	0.4313532695255034	0.32964287945468407	0.31191179898832805	-0.05169563048400172
BS_RJC3WDD6	0.597525686454342	0.49483618639578786	-0.03493910076295839	0.14750110339907413	0.1748359368447996	0.5235976336197616	0.19308602627241006	0.2943053402665484	0.35904211468442665	0.31021955826759906	0.15862840003477238	0.18443013953577622	0.10268950005855415
BS_RN0VAY51	0.6542963492708661	0.6128155043457464	0.19273013346201756	0.11797318385785262	0.3042557748469889	0.6462549831081348	0.2598043792801538	0.48833032387894787	0.5303499416627423	0.44205822102149583	0.29742978804618414	0.2587705009427753	0.04148084492511972
BS_RX1YTZ7F	0.6749972593640792	0.7027941535065125	0.16290719648574986	0.2489531845034382	0.2800034913161751	0.6807911308046014	0.2581768317367543	0.44796623277994746	0.4886256776836447	0.44165959033370694	0.34058338029377183	0.3211085587685538	-0.02779689414243336
BS_RZBFH1QF	0.6236857090472891	0.5152446152266786	-0.07830074710276223	0.1436555126162206	0.10988221824276298	0.6863750818533578	0.19424340791876374	0.3295752573493485	0.4525171097731616	0.26829031074812226	0.17235188718588465	0.10347491852200201	0.10844109382061051
BS_S2TA8R29	0.6600502970330945	0.7218340347161322	0.2736888863234355	0.43195815950571403	0.28661071040566316	0.6296160575831689	0.2924163806373097	0.4768101414507868	0.4694388944980425	0.42775728087181936	0.3377607584059382	0.2731914509585871	-0.06178373768303769
BS_S3C2PZAH	0.6532802431012935	0.686867427137057	0.17804277616049144	0.2923149444165545	0.25753874265361215	0.6989742254717368	0.42010475066768105	0.528155331798095	0.43640619240440603	0.47151626112613015	0.36053310121399396	0.3361962452385818	-0.03358718403576344
BS_S3MET0JZ	0.6595173251217619	0.7202269147059389	0.21451537940240104	0.27051636702389714	0.30585287732170735	0.5652186610770835	0.32044798625488546	0.35936039409188136	0.4836719642841725	0.3526216009497689	0.48311993655338753	0.29805097612688536	-0.06070958958417705
BS_S4V9E1XJ	0.6553699157864855	0.7303622477592603	0.2813359237350975	0.3248475264124455	0.31813443173839806	0.6150964778927154	0.322959470285489	0.48696799759236054	0.49191135438387174	0.44520587260686123	0.31530668947367324	0.3281204030756227	-0.07499233197277477
BS_S5P8VTN5	0.6650682025127905	0.7243040539661036	0.28895805550879183	0.3663745432427487	0.28531636237650737	0.6111613058905947	0.2512479720949848	0.44902328709968153	0.5004155381406864	0.440779642579966	0.2971089265649212	0.32797655366534567	-0.059235851453313115
BS_S6B9DVNS	0.5253758640148014	0.42571926314942554	-0.08982893684501225	0.11924796193747163	0.12245687791043902	0.6692690031908374	0.3280592353556492	0.42850411273834177	0.2919521700479298	0.3367118099788784	0.277881100993869	0.16282128441318036	0.09965660086537587
BS_S6S7SK3P	0.6078022340304516	0.5212356668725324	0.13432112127928658	0.2872065267249031	0.1932368637943311	0.6792714655747546	0.27418283520145303	0.4304244743046448	0.31389575795485414	0.3618546607670093	0.19986271406085573	0.19665845928405853	0.08656656715791922
BS_S8K878T3	0.7200652768498003	0.6688106314896028	0.4901636697176779	0.41381427435180557	0.36856357161065406	0.7195924081397683	0.410748604928036	0.5886481526895129	0.5097251470267943	0.5522387417142098	0.4427236512881459	0.45019985935465257	0.051254645360197415
BS_SBMAM00V	0.6471329746694007	0.6568402138873887	0.1642627777786325	0.1918649609493819	0.23362942701780345	0.5913457415838155	0.32841772240834766	0.37816192761981404	0.47508888186752835	0.3121642639075599	0.3844306102446643	0.28480300380403817	-0.009707239217987995
BS_SBMCD7XZ	0.631537536616015	0.6865225881325508	0.11565613889514959	0.3111848846738879	0.23777757843869332	0.6104304348620146	0.12808621864537142	0.4084740129680424	0.4103892939178199	0.46003657745851506	0.330525605276585	0.17962813135650688	-0.05498505151653588
BS_SD0EMK7Y	0.6423881703703714	0.5828969168054566	0.37029230872499075	0.2744930779428936	0.36347230096909533	0.6617301469622523	0.44747517952729754	0.5222257841520659	0.5055381278869712	0.48363920432226726	0.4043087623920512	0.39254815621947675	0.0594912535649148
BS_SD8YBRBR	0.5803239260386176	0.46667929330750785	0.02330780479509846	0.2742303296157655	0.017315122416173234	0.7309758822517783	0.1925768034236149	0.3756905740447144	0.2279349772160149	0.2763212290238314	0.17767267036227866	0.17133078296130855	0.11364463273110975
BS_SERDGASJ	0.6641049057922881	0.6163145432824669	0.26863395430903103	0.14997814886627808	0.3580380142087668	0.6509435063648701	0.37761504466217793	0.48409107490729447	0.5077249858001115	0.45288273215616115	0.3995448949260149	0.30745361010225536	0.04779036250982116
BS_SJVTZ5TH	0.638412777758537	0.6408055486896383	0.006896492909894894	0.2549055340138167	0.207059775115357	0.7055950663803082	0.23637851626047998	0.45533214646857295	0.3023932171785517	0.46366300638630614	0.17101754424181406	0.34619286378853376	-0.002392770931101351
BS_SMWQR2F1	0.6635600553487061	0.6846919655512699	0.299679907742013	0.26966202424311086	0.2816324401655064	0.6267191838478996	0.3295371767079617	0.4827576878246545	0.4684156234366042	0.44439227645225704	0.24867416329875322	0.2702049508074486	-0.021131910202563775
BS_SNVM7CZT	0.6514866184968852	0.721260658055661	0.22711305781567354	0.3732830550015068	0.33762623989526164	0.6717119009945475	0.2815263905228129	0.42478359629008305	0.4970566139764958	0.41407095186917636	0.32619901195105905	0.35788559022684	-0.06977403955877581
BS_SR2RGDXJ	0.6517142989887773	0.681555820061726	0.22993739295390142	0.27581124520941924	0.12524145105362722	0.6640881716965955	0.19396306009607958	0.4472939447332025	0.49964982776180156	0.42491293336019925	0.31255212605629706	0.1364090871547885	-0.029841521072948685
BS_SW9Z10F9	0.6525997239615547	0.6823449848394885	0.11558193699493102	0.289509483446165	0.04366449336064973	0.6185111793371076	0.4082786099798365	0.548215509454373	0.3321895115379028	0.44037774707062943	0.3792883189683992	0.26005503586879597	-0.02974526087793372
BS_SY3J3XR9	0.6598611308532939	0.5680366833483663	0.06984194526282045	0.21885109410772982	0.1904358804087334	0.5750149716501908	0.2530500821457838	0.38858343762307135	0.45997852085251156	0.35213938475926404	0.23227624224753823	0.19856689621805776	0.09182444750492758
BS_T1YHK6B7	0.6705437866664163	0.6996831988584242	0.3143896183655706	0.356975759406827	0.2213462313965609	0.712634131066259	0.20211810940969033	0.48354032340078534	0.4529709666647743	0.4534822570408389	0.25989391074370344	0.28272764169025244	-0.029139412192007885
BS_T2F48Z4E	0.6781670993479813	0.5644888691031531	0.41074974502568223	0.4079262438035451	0.34314165130165014	0.6865383102205734	0.34457378719436565	0.5402104358348371	0.44753294856356923	0.4658862157644389	0.3991575512434722	0.34782623768058146	0.11367823024482815
BS_T9A8JJW5	0.671818316959961	0.6476288660848601	0.13275397513076684	0.2757650235463024	0.2621528269886641	0.643947363920186	0.23109224783451082	0.47314459227335653	0.40953876541511725	0.39084388007591464	0.2137720010655562	0.288485098047491	0.024189450875100826
BS_TASG32Z2	0.6654142307024439	0.6827516835512246	0.1934708057866412	0.21855703773571944	0.30249877515453627	0.61867163980502	0.15134107187094595	0.49869051074199894	0.39866148935194873	0.32755868515945064	0.32508622531375697	0.2146585659575631	-0.017337452848780743
BS_TGS109T3	0.6654620304844282	0.6555632678805977	0.05002889041956227	0.24627623568507215	0.2065658244459442	0.6002710996190238	0.108326392235463	0.33319780819362804	0.4454815094283378	0.3850901677171979	0.24622717716504583	0.2861821885020081	0.009898762603830491
BS_TM9MH0RP	0.632635395603013	0.6890565391825975	0.2961392209509839	0.40911631241115637	0.28682901089275226	0.6081907190820222	0.40951134932416855	0.49252060956059135	0.5053629658189516	0.41698485974659627	0.3340427551540452	0.29167700319682954	-0.0564211435795845
BS_TR2P8KRF	0.6728840763914286	0.6694446918484587	0.30649784582191075	0.3012129002521612	0.22348182449730145	0.675205257147733	0.28833906641019186	0.45122370542642143	0.4776785651475653	0.44298006735913537	0.31047450578973723	0.3008927288104434	0.003439384542969881
BS_TRKH2SPE	0.6250810375771624	0.7038841523356391	0.18466854747987235	0.3152215935590851	0.2237583041659049	0.6406774366213461	0.2909747145892264	0.44406192262905536	0.43434446403181093	0.3935580683628597	0.22400840691131593	0.30835567908354145	-0.07880311475847668
BS_TRPXB3AV	0.6678664231001035	0.551410002383841	0.06675116990555215	0.19441146050092054	0.23238465988510307	0.6446725868401336	0.24677256385854224	0.4495902103567258	0.3900841525016259	0.38591403862119283	0.2926199172752329	0.2538782920154161	0.1164564207162625
BS_TTDNZTZ0	0.6659515217753691	0.7317798371530241	0.3916604438973376	0.4325708749362328	0.3247372950221051	0.6258313426714278	0.29844421370298996	0.4741975513152984	0.4654023630107905	0.4654203793444236	0.34369874641203896	0.27273133724028364	-0.06582831537765499
BS_TTE04ZP8	0.6567355313640348	0.6709300142316441	0.25052700881608697	0.25074148415579195	0.37222521307021	0.6555616807793497	0.485261271013967	0.5447584845872767	0.5296658480806707	0.4604896342639189	0.4224184120469058	0.3984119681136264	-0.01419448286760927
BS_TV5B86ZD	0.6091194052891667	0.516128026219377	0.008292368953266224	0.1143121110372652	0.2388862711566293	0.6235776008924969	0.20072415775079547	0.3815871864604723	0.17452939073476517	0.2910296598974904	0.29442797413676985	0.18493339599882586	0.09299137906978971
BS_TVH33J9Q	0.5972360852666526	0.64350870571578	0.06089701706650552	0.15467005484031138	0.27806328367905725	0.6167281679786784	0.14962269411439796	0.3057574511798541	0.4345000134205555	0.3505253859462858	0.31132088180715695	0.20918131178249308	-0.04627262044912739
BS_TXZ7KHTQ	0.6588653269786604	0.6101272381218842	0.13423299417483198	0.23146307396028465	0.27377678364038743	0.6167363152281884	0.2314077186827313	0.40563800225625724	0.4998509844137383	0.3202251876706728	0.3079480918712258	0.2697992342828653	0.04873808885677622
BS_V0DQFC75	0.6335080124100869	0.6043217947736607	0.18108927864545962	0.23925950892964554	0.12052302358343668	0.6081672204445222	0.2967276409704373	0.5041919244631817	0.4203103480216456	0.4046949231287532	0.06133582961483097	0.19571561793328926	0.02918621763642626
BS_V3Z3DB4N	0.6109250327310423	0.604119080008525	0.10855414410008435	0.26574091129401256	0.2311695503857894	0.5999011182267047	0.23685702345665613	0.3713056633002314	0.43561952946046767	0.3475921553429065	0.2162885323768409	0.1898501394779083	0.006805952722517272
BS_V558NW3Q	0.6944776942155136	0.7443982799282226	0.5271330718506522	0.5083146123651165	0.38779007978435576	0.7337031035465875	0.4954157121875176	0.59044792482939	0.5067375348196985	0.5600613805542975	0.47419315050600025	0.4230115334281719	-0.049920585712708965
BS_V6RSB5HQ	0.577124244627224	0.6168959318840648	0.031001875060055775	0.2740958399965973	0.17800001967326606	0.6130982592565841	0.3391896237499999	0.42214592786502864	0.31403812040275847	0.3262572743334669	0.23177982875863265	0.27475806551072857	-0.03977168725684077
BS_V8QWBVS3	0.686876350725051	0.7336503719455599	0.5042033865059766	0.573817464000889	0.44448939568620993	0.6945130233558288	0.5872669156004582	0.6176052472971089	0.5129659469525598	0.5081243492772469	0.4402511860269011	0.44975208478400175	-0.04677402122050889
BS_VBMRQK4F	0.6454501738145872	0.7058098274197663	0.188386059388065	0.23292883172276038	0.3379189613907567	0.6210047650412356	0.45418225355014247	0.4985947462036781	0.514472644156832	0.40873216071717866	0.41893791766471455	0.32514329740998127	-0.06035965360517903
BS_VDFXXMEX	0.5887065061387979	0.5993966346568832	0.22612383520362467	0.33110660980029016	0.22665447656170107	0.6676646144272856	0.28044150701511683	0.4399988601462733	0.46471562024059554	0.2623609371420617	0.2671333724026499	0.2731553176810083	-0.010690128518085262
BS_VF3NVT4G	0.6696450589265651	0.6447758743293321	0.3141750046572551	0.26772234754698443	0.3795367253848541	0.638623468949085	0.3780891798372645	0.5017441815550564	0.5302720576440662	0.4901537564169603	0.4060877199980601	0.4027161942206042	0.024869184597232974
BS_VKH87DD2	0.643066641937633	0.7122988403179409	0.43797954071481815	0.41289069614683255	0.24336096745745267	0.6303826565901516	0.31579074979444277	0.45779954722274196	0.44693333734719226	0.48947407863329795	0.373631395329301	0.26057487386035183	-0.06923219838030792
BS_VKHJG2B8	0.6477303060600592	0.5398039922870497	0.1724855375750855	0.1940925358571047	0.3479676972081474	0.7084296361819449	0.4436219143451468	0.5009792923414588	0.4523532366868833	0.44761216528387865	0.3819995459222288	0.3712217130098613	0.10792631377300954
BS_VKYEM67A	0.6746028235154566	0.7212891439209614	0.3939649745975559	0.4867723400311776	0.268549354945137	0.6632408957919756	0.46736609919447425	0.5690988354213127	0.4368002806055952	0.5026933771531681	0.3594558769228349	0.375874204102587	-0.0466863204055048
BS_VMQMGSJY	0.6648715996740442	0.6905126540375931	0.4591962914920429	0.4797455675708924	0.2637233801127295	0.709424689516156	0.49927391664706505	0.5755435438326892	0.43450740044122826	0.510754105555193	0.42175130117057885	0.3872967558385875	-0.02564105436354891
BS_VVTHDRBD	0.6507874943405363	0.6306160028985665	0.2789476043725488	0.3612015510043302	0.23778679774341524	0.6911345336306906	0.29017781354436495	0.4792187256203748	0.3980296990279446	0.3978065191307752	0.2336290653850628	0.3305407663379991	0.020171491441969835
BS_W1385R8Y	0.6738305747582443	0.51795148831339	0.3177361144723194	0.40199033963213116	0.2289331628875439	0.6804424258660278	0.17282225451888464	0.41758263803518475	0.4285674131196922	0.3729605458190787	0.24147089564863589	0.26927311181586533	0.15587908644485426
BS_W4DB5RP1	0.6357479611165	0.6410678244797636	0.08493782697140308	0.261421778110962	0.2057299045821382	0.6562429849199385	0.1066873849117776	0.3771115230385826	0.4556659252683222	0.3532484274608419	0.17015247118569826	0.24820687642820022	-0.005319863363263622
BS_W7MFJZ5A	0.6559508377328537	0.7229001663770729	0.34822119242456717	0.3944725329841941	0.36988240105392645	0.6250115298732375	0.4230290011588885	0.5318288734272746	0.50180130486587	0.5177715031199988	0.39154119102545665	0.35076232752838	-0.06694932864421921
BS_WBVSK3MP	0.5990154575965728	0.45553966964405074	-0.1394400554035858	0.07732195752390902	0.1061054911266119	0.582246167182485	0.10884260370581345	0.318440544406416	0.2654264842850979	0.2739066875843734	0.18805950491506976	0.09845585587770037	0.14347578795252208
BS_WEKK6SHP	0.656631278229375	0.6780093569819565	0.11927999839937967	0.4039210178861539	0.18236195156463159	0.7140955267692387	0.42297541627893254	0.508928595406992	0.41190437011575154	0.4838687799528834	0.2304435425839205	0.2334510252090194	-0.021378078752581575
BS_WHBEXD5H	0.6872942716373704	0.7215644418734792	0.32129926495893274	0.29161337384415553	0.37830048376934067	0.630084203673016	0.2907017627875744	0.41934285292289963	0.5207047261105062	0.47172969011725074	0.36905797231899096	0.3727263345457985	-0.03427017023610879
BS_WQ1YRTAT	0.5035440526573887	0.46211831069811027	0.16535187338540439	0.13693503443548627	0.12576489780651393	0.5525899695932567	0.15274179644641805	0.26212336234011896	0.3395518929433023	0.20816746175929185	0.17215805126040304	0.09816859324885806	0.041425741959278395
BS_WTJEDTZC	0.6862857704435303	0.6168653394427601	0.14233235635746155	0.2067639152109795	0.3196071977523585	0.7160214799931365	0.5163089343637057	0.4262813142895116	0.5010878922574407	0.3502593378950939	0.3825432857138573	0.195003270190228	0.06942043100077022
BS_WVRX4C9Z	0.6698526728179346	0.7162293129549744	0.38978622749762637	0.29723293107762894	0.42122022972483764	0.6272101222395975	0.43448668474717533	0.5403191054842102	0.5133471262995413	0.5059774007881997	0.39575751583392266	0.37834124543388153	-0.04637664013703979
BS_X0XXN9BK	0.6691004263024427	0.7087194783807581	0.3623552634440866	0.38284429172247497	0.3465413538667051	0.6401905017050692	0.48709963551106844	0.5456926577238307	0.44126584060568724	0.5049823359805031	0.3852918631974268	0.3253799681934799	-0.0396190520783154
BS_X1G0TKP4	0.6398209141760924	0.6923217870930903	0.12699471184908326	0.34137779477552027	0.3262017103208896	0.6457509028722188	0.23421120077061613	0.39934173255483796	0.5065236436602887	0.44614436087857284	0.342885453991329	0.2925755043865702	-0.0525008729169979
BS_X20JCR4H	0.6567628538931868	0.6689804701447204	0.44978432166401877	0.42778018771485316	0.3584726449250245	0.649734504994705	0.494146976797624	0.5352862195499307	0.5024660321346184	0.4928007361470007	0.42183799054128435	0.44413418722562814	-0.012217616251533614
BS_X23724NJ	0.670383295656361	0.5946054569272865	0.3358151622083374	0.40430185492708615	0.17723578709816162	0.7145217273466749	0.3544702501108371	0.5283020676137026	0.41279494294777586	0.4022595184564874	0.3602418080367854	0.37299223911664386	0.07577783872907451
BS_X3HR4Z21	0.5984175614137288	0.6937340120093846	0.2714366948161968	0.2815415091731043	0.30342098313029026	0.6041581508641957	0.05997708733718385	0.41145388840211033	0.5068908020679452	0.4430644930876958	0.2898116488087569	0.30631936334721943	-0.09531645059565574
BS_X4DD4KSZ	0.6591406515702329	0.7214607369418089	0.4547960031076278	0.40809335017882264	0.38689817958943373	0.678256166823009	0.38580020827427397	0.5706590454648497	0.509077303365378	0.4958113725309093	0.37595344587146057	0.3755822049475243	-0.06232008537157596
BS_X4X1SFSE	0.6489899307710824	0.6494133263855741	0.18884134053769558	0.3050138812968071	0.22471936869412643	0.6128194730111298	0.093852386232051	0.35069491133853586	0.3763163009063181	0.4012699691109103	0.19267748320463862	0.24708456044516408	-0.00042339561449178387
BS_XG0DBWVT	0.6181312847827545	0.6414482717558874	0.026544332289217477	0.1839272513048134	0.15535188589288926	0.6940691181571008	0.30553548935017066	0.44258447994397465	0.4125136473177754	0.44433900226168693	0.28713384123644975	0.2857445920500573	-0.02331698697313289
BS_XGDPK33A	0.629906554576623	0.6576289948565778	0.26603986145237113	0.3263601902165234	0.3008852553799307	0.6165819275008395	0.24259950585198717	0.40920997074887383	0.4641614627323101	0.37399153785919126	0.2699804072558298	0.24788546468438624	-0.02772244027995474
BS_XM1AHBDJ	0.6183440341007448	0.6102976117214655	0.20094107634453123	0.28685163458070995	0.2724882707699395	0.5816323577826438	-0.08465011452201311	0.39116584170658875	0.39397317177753394	0.30458927388420776	0.2586669698770486	0.15421786852703004	0.008046422379279328
BS_XQ5SFW35	0.6725004581596683	0.7182172811396125	0.2111453688443004	0.3112587402381112	0.2837865826138563	0.6046138430951559	0.48788058097033976	0.49831879285388897	0.4730636331649532	0.4242106397785584	0.3697271135969712	0.34324998725431083	-0.04571682297994417
BS_XQXXBWPD	0.6686644324285397	0.7210366854283913	0.25362808133414916	0.3201834584642163	0.35602967478790964	0.611158511954728	0.2747501541913162	0.5182091249754368	0.539718506574505	0.4604786878592925	0.40762835928394564	0.3312612595691486	-0.0523722529998516
BS_XYVCMF4A	0.5975579203502427	0.6482810189129944	-0.11802553391182853	0.19891904095174787	0.08789362459683334	0.6348235367758105	0.32898238929064016	0.47995862099905146	0.3137329664684969	0.37545093748577835	0.1258166130286136	0.14251186704660362	-0.0507230985627517
BS_XZM79E42	0.6374778750806088	0.7169285488028513	0.30248300921669796	0.3832903875064568	0.37182508829292327	0.6837463971565585	0.5266606561484138	0.5655657765652201	0.49142527679313297	0.4971040799386062	0.3931301895984167	0.3939514219298558	-0.07945067372224246
BS_YA0KMBRT	0.6688793513118333	0.5590769246160076	0.22769263884732743	0.2136802181261985	0.20239855019748365	0.6963619938172343	0.25018374653051634	0.4099720804855482	0.35725867203723966	0.3978314270349613	0.299903865309022	0.3212248236714495	0.10980242669582574
BS_YDEVMD24	0.6121184935098963	0.6468836681066192	0.24116712806696824	0.3217269773826598	0.22358736802170162	0.6019106220166486	0.39156189616907433	0.4705954303987303	0.4087790084612594	0.41073116398491855	0.2618932174539431	0.254231045763487	-0.0347651745967229
BS_YMKQT5V0	0.6766246745547483	0.6994895737657043	0.35937250620267824	0.2758232718726239	0.41175674462403306	0.6409433777152143	0.4061230060407639	0.5422647119801752	0.5424459008715989	0.49692363023496494	0.4730634129154452	0.42919611653328554	-0.022864899210956025
BS_YR12D1ZY	0.6464449725340297	0.6753081961883632	0.32984295758693355	0.30559620799301407	0.35549488292511494	0.7191185548719362	0.4398564162459603	0.5371170787015329	0.5240391332299043	0.46914800720955896	0.39322307591740746	0.39009052070367534	-0.02886322365433358
BS_YSZRQ95C	0.634313037520189	0.5767712864156864	0.20312255159661505	0.25325425835862053	0.058148385414191005	0.6861768600805216	0.2333984363134517	0.44879730156779696	0.2870973441364925	0.4261132850401581	0.3433966598694896	0.11141765486692343	0.05754175110450255
BS_YTWEM5SG	0.6698644103902751	0.688394724335943	0.38125633058210356	0.3751972019126358	0.3954708934026181	0.7009825322879077	0.4832791110531583	0.5694271824286128	0.5193136740969393	0.5387909949477445	0.420961088445824	0.41104902069322635	-0.018530313945667842
BS_YZ2QFDAN	0.6795256592945955	0.6380824614257977	0.320886068389804	0.2815756211608415	0.29009683437399175	0.6854923698683233	0.221062947116309	0.3882801993425536	0.39224656615657666	0.3704127980860438	0.2647684845150533	0.32375288495115284	0.0414431978687978
BS_Z0ZPD9S9	0.6260855707516001	0.7025310076219711	0.1042702706412765	0.27329666141528175	0.2532469118150675	0.6488248184136131	0.23482496748623463	0.4711001801340632	0.5068368592921972	0.4343571288199019	0.360343503336947	0.1683870598893853	-0.07644543687037098
BS_Z3RCA1T9	0.6582319254367426	0.6595553570201417	0.21634268273234475	0.31817061122281237	0.3068509865911161	0.6073208460620448	0.4511784664829172	0.5126979123644494	0.4886386003244419	0.37779397376715645	0.3250931371589735	0.24858833330697994	-0.0013234315833990928
BS_Z8F3GM85	0.6942827398190069	0.7035727172228046	0.19725990680561653	0.2937631705152873	0.2914519652144335	0.6187640367465611	0.35429425917208374	0.4856818406513062	0.4448327745819972	0.41991505349507946	0.3663630260643098	0.33726058480971155	-0.009289977403797667
BS_ZD5HN296	0.6693192440112562	0.721910324440659	0.3048987878221465	0.42579817480316046	0.4086037291775264	0.6271107117055806	0.39036779759310575	0.5691159407959016	0.5389873890063798	0.5183746487539084	0.418391394129165	0.38790602881360653	-0.05259108042940275
BS_ZF6BSFNF	0.6100734768429075	0.6884015271547224	0.22485441844101556	0.2890321848576333	0.31119290760026597	0.6099488496163535	0.3853997102398561	0.4623616076134538	0.47418440946624124	0.4288802603410999	0.3067033504950966	0.2960347155028335	-0.07832805031181489
BS_ZM97KKXE	0.67319222780517	0.6947494178382707	0.22642883680539214	0.28839075523431845	0.37246128752874996	0.618732804504671	0.29566826311738914	0.4650652006336011	0.5083439128312195	0.42004933082004453	0.336396749565837	0.3446285362705272	-0.021557190033100748
BS_ZV1P6W9C	0.650680039696867	0.665550737415753	0.0793648521125766	0.28005819263487525	0.14132693115683032	0.6782953289577398	0.30129169332084305	0.4491140140143893	0.29682451936223125	0.37836986061819783	0.16827657754336417	0.25875807263353473	-0.014870697718885939
BS_ZVM8CAB0	0.7168010249590893	0.7275240940029138	0.26706791900333116	0.3417357874724345	0.3716155849608427	0.7050069360744544	0.30982768868807664	0.5433344580292409	0.4862421119426351	0.542023439669399	0.4036014378392577	0.43319466637086235	-0.010723069043824585
BS_ZZWMD6FA	0.6597765238299544	0.7303650265817414	0.37158377293998546	0.44784854420561104	0.30036530992951305	0.6114769596680342	0.2511480064527896	0.4489726812298591	0.5086122264439389	0.4335822319460615	0.34029593397445296	0.365013523339066	-0.07058850275178696
